run_group_id,trace,benchmark_family,split_side,experiment,experiment_kind,router,builtin_coordinator,expert_0,expert_1,seed,ipc,speedup_vs_baseline,speedup_vs_best_single,baseline_ipc,best_single_ipc,traffic_overhead_vs_baseline,l2c_load_miss,l2c_mpki,l2c_prefetch_issued_raw,l2c_prefetch_issued,l2c_prefetch_useful,l2c_prefetch_useless,l2c_prefetch_late,downstream_prefetch_accuracy,pref0_issued_total,pref1_issued_total,pref0_useful_total,pref1_useful_total,pref0_budget_total,pref1_budget_total,pref0_selected_epochs,pref1_selected_epochs,pref0_accuracy,pref1_accuracy,l1d_load_miss,llc_prefetch_useful,l2c_total_miss,l2c_rq_full,l2c_wq_full,l2c_pq_full,dram_rq_row_buffer_miss,dram_bus_congested,dram_mshr_full,branch_pred_mpki,cycles,total_instructions,warmup_instructions,simulation_instructions,epoch_len_instructions,mop_total_budget,mop_accuracy_floor,mop_fixed_split_ratio,mop_score_weights,mode,host,git_revision,duration_s,start_utc,end_utc,trace_path,log_path,stderr_path,metrics_path,epoch_trace_prefix,flags,downstream_prefetch_useful
legacy,450.soplex-92B,SPEC,train,Baseline,baseline,,,,,,0.34044,1.0,1.1596157776415288,0.34044,0.29358,0.0,233428.0,23.342788328605835,0.0,0.0,0.0,0.0,0.0,0.0,0.0,0.0,0.0,0.0,0.0,0.0,0.0,0.0,0.0,0.0,324400.0,0.0,278740.0,0.0,0.0,0.0,79771.0,137139.0,0.0,12.18,29373761.0,10000005.0,5000000,10000000,,,,,,search_mode,GS24473,5490cd9f7f689da7bf9a3be9cb9546d5a1100a63,67.199696,2026-04-17T15:02:47.679918+00:00,2026-04-17T15:03:54.879614+00:00,/home/barry/projects/github/Mixture-of-Prefetchers/artifacts/athena_traces/450.soplex-92B.champsimtrace.xz,/home/barry/projects/github/Mixture-of-Prefetchers/results/mop_lite_search/logs/450.soplex-92B__Baseline.out,/home/barry/projects/github/Mixture-of-Prefetchers/results/mop_lite_search/logs/450.soplex-92B__Baseline.err,/home/barry/projects/github/Mixture-of-Prefetchers/results/mop_lite_search/metrics/450.soplex-92B__Baseline.json,,"--warmup_instructions=5000000 --simulation_instructions=10000000 --llc_replacement_type=ship --config=/home/barry/projects/github/Mixture-of-Prefetchers/external/athena/config/nopref.ini --rob_partition_size=64,128,320 --rob_frontal_partition_ids=0 --rob_dorsal_partition_ids=2 --dram_io_freq=400",0.0
legacy,450.soplex-92B,SPEC,train,MoPLite,router,MoPLite,,Pythia,SPP+PPF,1,0.33814,0.993244037128422,1.1517814565024864,0.34044,0.29358,1.0,233408.0,23.340788329605836,2015.0,2015.0,0.0,0.0,0.0,0.05012406947890819,4770.0,8732.0,4237.0,9188.0,12323.0,8157.0,10.0,10.0,0.8882599580712788,1.0522217132386624,324405.0,101.0,278719.0,0.0,0.0,0.0,82476.0,140174.0,0.0,12.18,29573387.0,10000005.0,5000000,10000000,500000,2048,30,50,"1.0,0.25,1.0",search_mode,GS24473,5490cd9f7f689da7bf9a3be9cb9546d5a1100a63,73.973779,2026-04-17T15:02:47.687852+00:00,2026-04-17T15:04:01.661631+00:00,/home/barry/projects/github/Mixture-of-Prefetchers/artifacts/athena_traces/450.soplex-92B.champsimtrace.xz,/home/barry/projects/github/Mixture-of-Prefetchers/results/mop_lite_search/logs/450.soplex-92B__MoPLite.out,/home/barry/projects/github/Mixture-of-Prefetchers/results/mop_lite_search/logs/450.soplex-92B__MoPLite.err,/home/barry/projects/github/Mixture-of-Prefetchers/results/mop_lite_search/metrics/450.soplex-92B__MoPLite.json,,"--warmup_instructions=5000000 --simulation_instructions=10000000 --llc_replacement_type=ship --config=/home/barry/projects/github/Mixture-of-Prefetchers/external/athena/config/nopref.ini --rob_partition_size=64,128,320 --rob_frontal_partition_ids=0 --rob_dorsal_partition_ids=2 --dram_io_freq=400 --config=/home/barry/projects/github/Mixture-of-Prefetchers/external/athena/config/mop_lite.ini --mop_router_type=4 --mop_seed=1 --l2c_prefetcher_types=scooby --config=/home/barry/projects/github/Mixture-of-Prefetchers/external/athena/config/pythia.ini --l2c_prefetcher_types=spp_ppf_dev --config=/home/barry/projects/github/Mixture-of-Prefetchers/external/athena/config/spp_ppf_dev.ini --l2c_prefetcher_force_prefetch_at_llc=true",101.0
legacy,450.soplex-92B,SPEC,train,SMS,single,,,,,,0.29312,0.8610034073551873,0.9984331357721915,0.34044,0.29358,1.0,232945.0,23.294488352755824,156637.0,156637.0,0.0,0.0,0.0,0.208213895822826,0.0,0.0,0.0,0.0,0.0,0.0,0.0,0.0,0.0,0.0,324409.0,32614.0,278251.0,0.0,0.0,0.0,120944.0,231932.0,0.0,12.18,34115628.0,10000005.0,5000000,10000000,,,,,,search_mode,GS24473,5490cd9f7f689da7bf9a3be9cb9546d5a1100a63,75.440464,2026-04-17T15:02:47.685098+00:00,2026-04-17T15:04:03.125562+00:00,/home/barry/projects/github/Mixture-of-Prefetchers/artifacts/athena_traces/450.soplex-92B.champsimtrace.xz,/home/barry/projects/github/Mixture-of-Prefetchers/results/mop_lite_search/logs/450.soplex-92B__SMS.out,/home/barry/projects/github/Mixture-of-Prefetchers/results/mop_lite_search/logs/450.soplex-92B__SMS.err,/home/barry/projects/github/Mixture-of-Prefetchers/results/mop_lite_search/metrics/450.soplex-92B__SMS.json,,"--warmup_instructions=5000000 --simulation_instructions=10000000 --llc_replacement_type=ship --config=/home/barry/projects/github/Mixture-of-Prefetchers/external/athena/config/nopref.ini --rob_partition_size=64,128,320 --rob_frontal_partition_ids=0 --rob_dorsal_partition_ids=2 --dram_io_freq=400 --l2c_prefetcher_types=sms --config=/home/barry/projects/github/Mixture-of-Prefetchers/external/athena/config/sms.ini --l2c_prefetcher_force_prefetch_at_llc=true",32614.0
legacy,450.soplex-92B,SPEC,train,MLOP,single,,,,,,0.29187,0.8573316884032429,0.9941753525444513,0.34044,0.29358,1.0,233349.0,23.334888332555835,111395.0,111395.0,0.0,0.0,0.0,0.28238251268010234,0.0,0.0,0.0,0.0,0.0,0.0,0.0,0.0,0.0,0.0,324408.0,31456.0,278747.0,0.0,0.0,0.0,126317.0,249598.0,0.0,12.18,34261893.0,10000005.0,5000000,10000000,,,,,,search_mode,GS24473,5490cd9f7f689da7bf9a3be9cb9546d5a1100a63,76.431243,2026-04-17T15:02:47.680564+00:00,2026-04-17T15:04:04.111807+00:00,/home/barry/projects/github/Mixture-of-Prefetchers/artifacts/athena_traces/450.soplex-92B.champsimtrace.xz,/home/barry/projects/github/Mixture-of-Prefetchers/results/mop_lite_search/logs/450.soplex-92B__MLOP.out,/home/barry/projects/github/Mixture-of-Prefetchers/results/mop_lite_search/logs/450.soplex-92B__MLOP.err,/home/barry/projects/github/Mixture-of-Prefetchers/results/mop_lite_search/metrics/450.soplex-92B__MLOP.json,,"--warmup_instructions=5000000 --simulation_instructions=10000000 --llc_replacement_type=ship --config=/home/barry/projects/github/Mixture-of-Prefetchers/external/athena/config/nopref.ini --rob_partition_size=64,128,320 --rob_frontal_partition_ids=0 --rob_dorsal_partition_ids=2 --dram_io_freq=400 --l2c_prefetcher_types=mlop --config=/home/barry/projects/github/Mixture-of-Prefetchers/external/athena/config/mlop.ini --l2c_prefetcher_force_prefetch_at_llc=true",31456.0
legacy,450.soplex-92B,SPEC,train,SPP+PPF,single,,,,,,0.29358,0.8623545999295029,1.0,0.34044,0.29358,1.0,233279.0,23.327888336055832,372166.0,372166.0,0.0,0.0,0.0,0.14162497380201308,0.0,0.0,0.0,0.0,0.0,0.0,0.0,0.0,0.0,0.0,324405.0,52708.0,278618.0,0.0,0.0,0.0,156285.0,268154.0,0.0,12.18,34061970.0,10000005.0,5000000,10000000,,,,,,search_mode,GS24473,5490cd9f7f689da7bf9a3be9cb9546d5a1100a63,79.03246,2026-04-17T15:02:47.686927+00:00,2026-04-17T15:04:06.719387+00:00,/home/barry/projects/github/Mixture-of-Prefetchers/artifacts/athena_traces/450.soplex-92B.champsimtrace.xz,/home/barry/projects/github/Mixture-of-Prefetchers/results/mop_lite_search/logs/450.soplex-92B__SPPplusPPF.out,/home/barry/projects/github/Mixture-of-Prefetchers/results/mop_lite_search/logs/450.soplex-92B__SPPplusPPF.err,/home/barry/projects/github/Mixture-of-Prefetchers/results/mop_lite_search/metrics/450.soplex-92B__SPPplusPPF.json,,"--warmup_instructions=5000000 --simulation_instructions=10000000 --llc_replacement_type=ship --config=/home/barry/projects/github/Mixture-of-Prefetchers/external/athena/config/nopref.ini --rob_partition_size=64,128,320 --rob_frontal_partition_ids=0 --rob_dorsal_partition_ids=2 --dram_io_freq=400 --l2c_prefetcher_types=spp_ppf_dev --config=/home/barry/projects/github/Mixture-of-Prefetchers/external/athena/config/spp_ppf_dev.ini --l2c_prefetcher_force_prefetch_at_llc=true",52708.0
legacy,450.soplex-92B,SPEC,train,Pythia,single,,,,,,0.27934,0.8205263776289506,0.9514953334695823,0.34044,0.29358,1.0,233124.0,23.31238834380583,684669.0,684669.0,0.0,0.0,0.0,0.10582193731569561,0.0,0.0,0.0,0.0,0.0,0.0,0.0,0.0,0.0,0.0,324417.0,72453.0,278487.0,0.0,0.0,0.0,156035.0,296423.0,0.0,12.18,35798650.0,10000005.0,5000000,10000000,,,,,,search_mode,GS24473,5490cd9f7f689da7bf9a3be9cb9546d5a1100a63,83.59304,2026-04-17T15:02:47.684087+00:00,2026-04-17T15:04:11.277127+00:00,/home/barry/projects/github/Mixture-of-Prefetchers/artifacts/athena_traces/450.soplex-92B.champsimtrace.xz,/home/barry/projects/github/Mixture-of-Prefetchers/results/mop_lite_search/logs/450.soplex-92B__Pythia.out,/home/barry/projects/github/Mixture-of-Prefetchers/results/mop_lite_search/logs/450.soplex-92B__Pythia.err,/home/barry/projects/github/Mixture-of-Prefetchers/results/mop_lite_search/metrics/450.soplex-92B__Pythia.json,,"--warmup_instructions=5000000 --simulation_instructions=10000000 --llc_replacement_type=ship --config=/home/barry/projects/github/Mixture-of-Prefetchers/external/athena/config/nopref.ini --rob_partition_size=64,128,320 --rob_frontal_partition_ids=0 --rob_dorsal_partition_ids=2 --dram_io_freq=400 --l2c_prefetcher_types=scooby --config=/home/barry/projects/github/Mixture-of-Prefetchers/external/athena/config/pythia.ini --l2c_prefetcher_force_prefetch_at_llc=true",72453.0
legacy,429.mcf-192B,SPEC,train,Baseline,baseline,,,,,,0.07751,1.0,0.9579780002471883,0.07751,0.08091,0.0,817343.0,81.7343,0.0,0.0,0.0,0.0,0.0,0.0,0.0,0.0,0.0,0.0,0.0,0.0,0.0,0.0,0.0,0.0,1430756.0,0.0,817433.0,0.0,0.0,0.0,500322.0,21102.0,0.0,20.47,129023095.0,10000000.0,5000000,10000000,,,,,,search_mode,GS24473,5490cd9f7f689da7bf9a3be9cb9546d5a1100a63,88.411964,2026-04-17T15:02:47.670484+00:00,2026-04-17T15:04:16.082448+00:00,/home/barry/projects/github/Mixture-of-Prefetchers/artifacts/athena_traces/429.mcf-192B.champsimtrace.xz,/home/barry/projects/github/Mixture-of-Prefetchers/results/mop_lite_search/logs/429.mcf-192B__Baseline.out,/home/barry/projects/github/Mixture-of-Prefetchers/results/mop_lite_search/logs/429.mcf-192B__Baseline.err,/home/barry/projects/github/Mixture-of-Prefetchers/results/mop_lite_search/metrics/429.mcf-192B__Baseline.json,,"--warmup_instructions=5000000 --simulation_instructions=10000000 --llc_replacement_type=ship --config=/home/barry/projects/github/Mixture-of-Prefetchers/external/athena/config/nopref.ini --rob_partition_size=64,128,320 --rob_frontal_partition_ids=0 --rob_dorsal_partition_ids=2 --dram_io_freq=400",0.0
legacy,429.mcf-192B,SPEC,train,SPP+PPF,single,,,,,,0.08091,1.043865307702232,1.0,0.07751,0.08091,1.0,815237.0,81.5237,356014.0,356014.0,0.0,0.0,0.0,0.2987073542051717,0.0,0.0,0.0,0.0,0.0,0.0,0.0,0.0,0.0,0.0,1430708.0,106344.0,815326.0,0.0,0.0,0.0,633791.0,240414.0,0.0,20.47,123600649.0,10000000.0,5000000,10000000,,,,,,search_mode,GS24473,5490cd9f7f689da7bf9a3be9cb9546d5a1100a63,95.217923,2026-04-17T15:02:47.673468+00:00,2026-04-17T15:04:22.891391+00:00,/home/barry/projects/github/Mixture-of-Prefetchers/artifacts/athena_traces/429.mcf-192B.champsimtrace.xz,/home/barry/projects/github/Mixture-of-Prefetchers/results/mop_lite_search/logs/429.mcf-192B__SPPplusPPF.out,/home/barry/projects/github/Mixture-of-Prefetchers/results/mop_lite_search/logs/429.mcf-192B__SPPplusPPF.err,/home/barry/projects/github/Mixture-of-Prefetchers/results/mop_lite_search/metrics/429.mcf-192B__SPPplusPPF.json,,"--warmup_instructions=5000000 --simulation_instructions=10000000 --llc_replacement_type=ship --config=/home/barry/projects/github/Mixture-of-Prefetchers/external/athena/config/nopref.ini --rob_partition_size=64,128,320 --rob_frontal_partition_ids=0 --rob_dorsal_partition_ids=2 --dram_io_freq=400 --l2c_prefetcher_types=spp_ppf_dev --config=/home/barry/projects/github/Mixture-of-Prefetchers/external/athena/config/spp_ppf_dev.ini --l2c_prefetcher_force_prefetch_at_llc=true",106344.0
legacy,429.mcf-192B,SPEC,train,MLOP,single,,,,,,0.09223,1.1899109792284868,1.1399085403534792,0.07751,0.08091,1.0,817212.0,81.7212,500043.0,500043.0,0.0,0.0,0.0,0.9593554954273933,0.0,0.0,0.0,0.0,0.0,0.0,0.0,0.0,0.0,0.0,1430750.0,479719.0,817302.0,0.0,0.0,0.0,633435.0,501566.0,0.0,20.47,108421884.0,10000000.0,5000000,10000000,,,,,,search_mode,GS24473,5490cd9f7f689da7bf9a3be9cb9546d5a1100a63,99.958173,2026-04-17T15:02:47.670810+00:00,2026-04-17T15:04:27.628983+00:00,/home/barry/projects/github/Mixture-of-Prefetchers/artifacts/athena_traces/429.mcf-192B.champsimtrace.xz,/home/barry/projects/github/Mixture-of-Prefetchers/results/mop_lite_search/logs/429.mcf-192B__MLOP.out,/home/barry/projects/github/Mixture-of-Prefetchers/results/mop_lite_search/logs/429.mcf-192B__MLOP.err,/home/barry/projects/github/Mixture-of-Prefetchers/results/mop_lite_search/metrics/429.mcf-192B__MLOP.json,,"--warmup_instructions=5000000 --simulation_instructions=10000000 --llc_replacement_type=ship --config=/home/barry/projects/github/Mixture-of-Prefetchers/external/athena/config/nopref.ini --rob_partition_size=64,128,320 --rob_frontal_partition_ids=0 --rob_dorsal_partition_ids=2 --dram_io_freq=400 --l2c_prefetcher_types=mlop --config=/home/barry/projects/github/Mixture-of-Prefetchers/external/athena/config/mlop.ini --l2c_prefetcher_force_prefetch_at_llc=true",479719.0
legacy,429.mcf-192B,SPEC,train,SMS,single,,,,,,0.07122,0.918849180750871,0.8802373007044866,0.07751,0.08091,1.0,798633.0,79.8633,1406434.0,1406434.0,0.0,0.0,0.0,0.019788344138438062,0.0,0.0,0.0,0.0,0.0,0.0,0.0,0.0,0.0,0.0,1430767.0,27831.0,798722.0,0.0,0.0,0.0,772938.0,237232.0,0.0,20.47,140404700.0,10000000.0,5000000,10000000,,,,,,search_mode,GS24473,5490cd9f7f689da7bf9a3be9cb9546d5a1100a63,103.382031,2026-04-17T15:02:47.672571+00:00,2026-04-17T15:04:31.054602+00:00,/home/barry/projects/github/Mixture-of-Prefetchers/artifacts/athena_traces/429.mcf-192B.champsimtrace.xz,/home/barry/projects/github/Mixture-of-Prefetchers/results/mop_lite_search/logs/429.mcf-192B__SMS.out,/home/barry/projects/github/Mixture-of-Prefetchers/results/mop_lite_search/logs/429.mcf-192B__SMS.err,/home/barry/projects/github/Mixture-of-Prefetchers/results/mop_lite_search/metrics/429.mcf-192B__SMS.json,,"--warmup_instructions=5000000 --simulation_instructions=10000000 --llc_replacement_type=ship --config=/home/barry/projects/github/Mixture-of-Prefetchers/external/athena/config/nopref.ini --rob_partition_size=64,128,320 --rob_frontal_partition_ids=0 --rob_dorsal_partition_ids=2 --dram_io_freq=400 --l2c_prefetcher_types=sms --config=/home/barry/projects/github/Mixture-of-Prefetchers/external/athena/config/sms.ini --l2c_prefetcher_force_prefetch_at_llc=true",27831.0
legacy,429.mcf-192B,SPEC,train,MoPLite,router,MoPLite,,Pythia,SPP+PPF,1,0.07749,0.9997419687782223,0.9577308120133483,0.07751,0.08091,1.0,817427.0,81.7427,0.0,5570.0,0.0,0.0,0.0,0.02710951526032316,2543.0,3027.0,1852.0,1877.0,1548.0,2548.0,1.0,2.0,0.728273692489186,0.6200858936240502,1430757.0,151.0,817517.0,0.0,0.0,0.0,500478.0,21173.0,0.0,20.47,129041090.0,10000000.0,5000000,10000000,500000,2048,30,50,"1.0,0.25,1.0",search_mode,GS24473,5490cd9f7f689da7bf9a3be9cb9546d5a1100a63,111.152983,2026-04-17T15:02:47.675199+00:00,2026-04-17T15:04:38.828182+00:00,/home/barry/projects/github/Mixture-of-Prefetchers/artifacts/athena_traces/429.mcf-192B.champsimtrace.xz,/home/barry/projects/github/Mixture-of-Prefetchers/results/mop_lite_search/logs/429.mcf-192B__MoPLite.out,/home/barry/projects/github/Mixture-of-Prefetchers/results/mop_lite_search/logs/429.mcf-192B__MoPLite.err,/home/barry/projects/github/Mixture-of-Prefetchers/results/mop_lite_search/metrics/429.mcf-192B__MoPLite.json,,"--warmup_instructions=5000000 --simulation_instructions=10000000 --llc_replacement_type=ship --config=/home/barry/projects/github/Mixture-of-Prefetchers/external/athena/config/nopref.ini --rob_partition_size=64,128,320 --rob_frontal_partition_ids=0 --rob_dorsal_partition_ids=2 --dram_io_freq=400 --config=/home/barry/projects/github/Mixture-of-Prefetchers/external/athena/config/mop_lite.ini --mop_router_type=4 --mop_seed=1 --l2c_prefetcher_types=scooby --config=/home/barry/projects/github/Mixture-of-Prefetchers/external/athena/config/pythia.ini --l2c_prefetcher_types=spp_ppf_dev --config=/home/barry/projects/github/Mixture-of-Prefetchers/external/athena/config/spp_ppf_dev.ini --l2c_prefetcher_force_prefetch_at_llc=true",151.0
legacy,429.mcf-192B,SPEC,train,Pythia,single,,,,,,0.07891,1.0180621855244485,0.975281176615993,0.07751,0.08091,1.0,816150.0,81.615,215042.0,215042.0,0.0,0.0,0.0,0.45900800773802325,0.0,0.0,0.0,0.0,0.0,0.0,0.0,0.0,0.0,0.0,1430732.0,98706.0,816240.0,0.0,0.0,0.0,634273.0,222826.0,0.0,20.47,126727083.0,10000000.0,5000000,10000000,,,,,,search_mode,GS24473,5490cd9f7f689da7bf9a3be9cb9546d5a1100a63,111.505303,2026-04-17T15:02:47.671981+00:00,2026-04-17T15:04:39.177284+00:00,/home/barry/projects/github/Mixture-of-Prefetchers/artifacts/athena_traces/429.mcf-192B.champsimtrace.xz,/home/barry/projects/github/Mixture-of-Prefetchers/results/mop_lite_search/logs/429.mcf-192B__Pythia.out,/home/barry/projects/github/Mixture-of-Prefetchers/results/mop_lite_search/logs/429.mcf-192B__Pythia.err,/home/barry/projects/github/Mixture-of-Prefetchers/results/mop_lite_search/metrics/429.mcf-192B__Pythia.json,,"--warmup_instructions=5000000 --simulation_instructions=10000000 --llc_replacement_type=ship --config=/home/barry/projects/github/Mixture-of-Prefetchers/external/athena/config/nopref.ini --rob_partition_size=64,128,320 --rob_frontal_partition_ids=0 --rob_dorsal_partition_ids=2 --dram_io_freq=400 --l2c_prefetcher_types=scooby --config=/home/barry/projects/github/Mixture-of-Prefetchers/external/athena/config/pythia.ini --l2c_prefetcher_force_prefetch_at_llc=true",98706.0
legacy,429.mcf-192B,SPEC,train,FixedSplit,router,FixedSplit,,Pythia,SPP+PPF,1,0.07783,1.0041284995484454,0.9619330119886293,0.07751,0.08091,1.0,817129.0,81.7129,40941.0,40941.0,0.0,0.0,0.0,0.2610830219095772,30454.0,28765.0,23335.0,26030.0,30720.0,30720.0,30.0,30.0,0.7662376042555986,0.9049191726055971,1430757.0,10689.0,817218.0,0.0,0.0,0.0,518037.0,49107.0,0.0,20.47,128483540.0,10000000.0,5000000,10000000,500000,2048,30,50,"1.0,0.25,1.0",search_mode,GS24473,5490cd9f7f689da7bf9a3be9cb9546d5a1100a63,111.518178,2026-04-17T15:02:47.675633+00:00,2026-04-17T15:04:39.193811+00:00,/home/barry/projects/github/Mixture-of-Prefetchers/artifacts/athena_traces/429.mcf-192B.champsimtrace.xz,/home/barry/projects/github/Mixture-of-Prefetchers/results/mop_lite_search/logs/429.mcf-192B__FixedSplit.out,/home/barry/projects/github/Mixture-of-Prefetchers/results/mop_lite_search/logs/429.mcf-192B__FixedSplit.err,/home/barry/projects/github/Mixture-of-Prefetchers/results/mop_lite_search/metrics/429.mcf-192B__FixedSplit.json,,"--warmup_instructions=5000000 --simulation_instructions=10000000 --llc_replacement_type=ship --config=/home/barry/projects/github/Mixture-of-Prefetchers/external/athena/config/nopref.ini --rob_partition_size=64,128,320 --rob_frontal_partition_ids=0 --rob_dorsal_partition_ids=2 --dram_io_freq=400 --config=/home/barry/projects/github/Mixture-of-Prefetchers/external/athena/config/mop_lite.ini --mop_router_type=0 --mop_seed=1 --l2c_prefetcher_types=scooby --config=/home/barry/projects/github/Mixture-of-Prefetchers/external/athena/config/pythia.ini --l2c_prefetcher_types=spp_ppf_dev --config=/home/barry/projects/github/Mixture-of-Prefetchers/external/athena/config/spp_ppf_dev.ini --l2c_prefetcher_force_prefetch_at_llc=true",10689.0
legacy,429.mcf-192B,SPEC,train,WinnerTakeAll,router,WinnerTakeAll,,Pythia,SPP+PPF,1,0.07787,1.004644561992001,0.9624273884563095,0.07751,0.08091,1.0,817088.0,81.7088,39679.0,39679.0,0.0,0.0,0.0,0.26311146954308323,30922.0,25733.0,24330.0,19191.0,30720.0,30720.0,15.0,15.0,0.7868184464135567,0.7457739089884584,1430757.0,10440.0,817178.0,0.0,0.0,0.0,518007.0,48502.0,0.0,20.47,128426962.0,10000000.0,5000000,10000000,500000,2048,30,50,"1.0,0.25,1.0",search_mode,GS24473,5490cd9f7f689da7bf9a3be9cb9546d5a1100a63,112.093273,2026-04-17T15:02:47.676511+00:00,2026-04-17T15:04:39.769784+00:00,/home/barry/projects/github/Mixture-of-Prefetchers/artifacts/athena_traces/429.mcf-192B.champsimtrace.xz,/home/barry/projects/github/Mixture-of-Prefetchers/results/mop_lite_search/logs/429.mcf-192B__WinnerTakeAll.out,/home/barry/projects/github/Mixture-of-Prefetchers/results/mop_lite_search/logs/429.mcf-192B__WinnerTakeAll.err,/home/barry/projects/github/Mixture-of-Prefetchers/results/mop_lite_search/metrics/429.mcf-192B__WinnerTakeAll.json,,"--warmup_instructions=5000000 --simulation_instructions=10000000 --llc_replacement_type=ship --config=/home/barry/projects/github/Mixture-of-Prefetchers/external/athena/config/nopref.ini --rob_partition_size=64,128,320 --rob_frontal_partition_ids=0 --rob_dorsal_partition_ids=2 --dram_io_freq=400 --config=/home/barry/projects/github/Mixture-of-Prefetchers/external/athena/config/mop_lite.ini --mop_router_type=1 --mop_seed=1 --l2c_prefetcher_types=scooby --config=/home/barry/projects/github/Mixture-of-Prefetchers/external/athena/config/pythia.ini --l2c_prefetcher_types=spp_ppf_dev --config=/home/barry/projects/github/Mixture-of-Prefetchers/external/athena/config/spp_ppf_dev.ini --l2c_prefetcher_force_prefetch_at_llc=true",10440.0
legacy,429.mcf-192B,SPEC,train,AthenaMAB,builtin,,AthenaMAB,Pythia,SPP+PPF,,0.07783,1.0041284995484454,0.9619330119886293,0.07751,0.08091,1.0,816071.0,81.6071,172987.0,172987.0,0.0,0.0,0.0,0.24174070883939255,259445.0,140126.0,117241.0,13614.0,0.0,0.0,0.0,0.0,0.45189153770548673,0.09715541726731655,1430762.0,41818.0,816161.0,0.0,0.0,0.0,565834.0,110236.0,0.0,20.47,128486941.0,10000000.0,5000000,10000000,500000,,,,,search_mode,GS24473,5490cd9f7f689da7bf9a3be9cb9546d5a1100a63,114.32169,2026-04-17T15:02:47.678296+00:00,2026-04-17T15:04:41.999986+00:00,/home/barry/projects/github/Mixture-of-Prefetchers/artifacts/athena_traces/429.mcf-192B.champsimtrace.xz,/home/barry/projects/github/Mixture-of-Prefetchers/results/mop_lite_search/logs/429.mcf-192B__AthenaMAB.out,/home/barry/projects/github/Mixture-of-Prefetchers/results/mop_lite_search/logs/429.mcf-192B__AthenaMAB.err,/home/barry/projects/github/Mixture-of-Prefetchers/results/mop_lite_search/metrics/429.mcf-192B__AthenaMAB.json,,"--warmup_instructions=5000000 --simulation_instructions=10000000 --llc_replacement_type=ship --config=/home/barry/projects/github/Mixture-of-Prefetchers/external/athena/config/nopref.ini --rob_partition_size=64,128,320 --rob_frontal_partition_ids=0 --rob_dorsal_partition_ids=2 --dram_io_freq=400 --config=/home/barry/projects/github/Mixture-of-Prefetchers/external/athena/config/mop_lite_mab.ini --l2c_prefetcher_types=scooby --config=/home/barry/projects/github/Mixture-of-Prefetchers/external/athena/config/pythia.ini --l2c_prefetcher_types=spp_ppf_dev --config=/home/barry/projects/github/Mixture-of-Prefetchers/external/athena/config/spp_ppf_dev.ini --l2c_prefetcher_force_prefetch_at_llc=true",41818.0
legacy,parsec_2.1.fluidanimate.simlarge.prebuilt.drop_9500M.length_250M,PARSEC,train,Baseline,baseline,,,,,,1.09667,1.0,0.9703756138565678,1.09667,1.13015,0.0,7576.0,0.7576,0.0,0.0,0.0,0.0,0.0,0.0,0.0,0.0,0.0,0.0,0.0,0.0,0.0,0.0,0.0,0.0,18315.0,0.0,7576.0,0.0,0.0,0.0,602.0,3700.0,0.0,8.85,9118537.0,10000000.0,5000000,10000000,,,,,,search_mode,GS24473,5490cd9f7f689da7bf9a3be9cb9546d5a1100a63,45.784827,2026-04-17T15:04:04.111906+00:00,2026-04-17T15:04:49.896733+00:00,/home/barry/projects/github/Mixture-of-Prefetchers/artifacts/athena_traces/parsec_2.1.fluidanimate.simlarge.prebuilt.drop_9500M.length_250M.champsimtrace.xz,/home/barry/projects/github/Mixture-of-Prefetchers/results/mop_lite_search/logs/parsec_2.1.fluidanimate.simlarge.prebuilt.drop_9500M.length_250M__Baseline.out,/home/barry/projects/github/Mixture-of-Prefetchers/results/mop_lite_search/logs/parsec_2.1.fluidanimate.simlarge.prebuilt.drop_9500M.length_250M__Baseline.err,/home/barry/projects/github/Mixture-of-Prefetchers/results/mop_lite_search/metrics/parsec_2.1.fluidanimate.simlarge.prebuilt.drop_9500M.length_250M__Baseline.json,,"--warmup_instructions=5000000 --simulation_instructions=10000000 --llc_replacement_type=ship --config=/home/barry/projects/github/Mixture-of-Prefetchers/external/athena/config/nopref.ini --rob_partition_size=64,128,320 --rob_frontal_partition_ids=0 --rob_dorsal_partition_ids=2 --dram_io_freq=400",0.0
legacy,parsec_2.1.fluidanimate.simlarge.prebuilt.drop_9500M.length_250M,PARSEC,train,MLOP,single,,,,,,1.14165,1.041015072902514,1.0101756404017166,1.09667,1.13015,1.0,7576.0,0.7576,6302.0,6302.0,0.0,0.0,0.0,0.9376388448111711,0.0,0.0,0.0,0.0,0.0,0.0,0.0,0.0,0.0,0.0,18315.0,5909.0,7576.0,0.0,0.0,0.0,638.0,6260.0,0.0,8.85,8759218.0,10000000.0,5000000,10000000,,,,,,search_mode,GS24473,5490cd9f7f689da7bf9a3be9cb9546d5a1100a63,46.19773,2026-04-17T15:04:06.719431+00:00,2026-04-17T15:04:52.917161+00:00,/home/barry/projects/github/Mixture-of-Prefetchers/artifacts/athena_traces/parsec_2.1.fluidanimate.simlarge.prebuilt.drop_9500M.length_250M.champsimtrace.xz,/home/barry/projects/github/Mixture-of-Prefetchers/results/mop_lite_search/logs/parsec_2.1.fluidanimate.simlarge.prebuilt.drop_9500M.length_250M__MLOP.out,/home/barry/projects/github/Mixture-of-Prefetchers/results/mop_lite_search/logs/parsec_2.1.fluidanimate.simlarge.prebuilt.drop_9500M.length_250M__MLOP.err,/home/barry/projects/github/Mixture-of-Prefetchers/results/mop_lite_search/metrics/parsec_2.1.fluidanimate.simlarge.prebuilt.drop_9500M.length_250M__MLOP.json,,"--warmup_instructions=5000000 --simulation_instructions=10000000 --llc_replacement_type=ship --config=/home/barry/projects/github/Mixture-of-Prefetchers/external/athena/config/nopref.ini --rob_partition_size=64,128,320 --rob_frontal_partition_ids=0 --rob_dorsal_partition_ids=2 --dram_io_freq=400 --l2c_prefetcher_types=mlop --config=/home/barry/projects/github/Mixture-of-Prefetchers/external/athena/config/mlop.ini --l2c_prefetcher_force_prefetch_at_llc=true",5909.0
legacy,parsec_2.1.fluidanimate.simlarge.prebuilt.drop_9500M.length_250M,PARSEC,train,Pythia,single,,,,,,1.12624,1.0269634438801096,0.9965402822634163,1.09667,1.13015,1.0,7576.0,0.7576,14457.0,14457.0,0.0,0.0,0.0,0.2410596942657536,0.0,0.0,0.0,0.0,0.0,0.0,0.0,0.0,0.0,0.0,18315.0,3485.0,7576.0,0.0,0.0,0.0,750.0,4481.0,0.0,8.85,8879138.0,10000000.0,5000000,10000000,,,,,,search_mode,GS24473,5490cd9f7f689da7bf9a3be9cb9546d5a1100a63,47.616125,2026-04-17T15:04:11.277177+00:00,2026-04-17T15:04:58.893302+00:00,/home/barry/projects/github/Mixture-of-Prefetchers/artifacts/athena_traces/parsec_2.1.fluidanimate.simlarge.prebuilt.drop_9500M.length_250M.champsimtrace.xz,/home/barry/projects/github/Mixture-of-Prefetchers/results/mop_lite_search/logs/parsec_2.1.fluidanimate.simlarge.prebuilt.drop_9500M.length_250M__Pythia.out,/home/barry/projects/github/Mixture-of-Prefetchers/results/mop_lite_search/logs/parsec_2.1.fluidanimate.simlarge.prebuilt.drop_9500M.length_250M__Pythia.err,/home/barry/projects/github/Mixture-of-Prefetchers/results/mop_lite_search/metrics/parsec_2.1.fluidanimate.simlarge.prebuilt.drop_9500M.length_250M__Pythia.json,,"--warmup_instructions=5000000 --simulation_instructions=10000000 --llc_replacement_type=ship --config=/home/barry/projects/github/Mixture-of-Prefetchers/external/athena/config/nopref.ini --rob_partition_size=64,128,320 --rob_frontal_partition_ids=0 --rob_dorsal_partition_ids=2 --dram_io_freq=400 --l2c_prefetcher_types=scooby --config=/home/barry/projects/github/Mixture-of-Prefetchers/external/athena/config/pythia.ini --l2c_prefetcher_force_prefetch_at_llc=true",3485.0
legacy,parsec_2.1.fluidanimate.simlarge.prebuilt.drop_9500M.length_250M,PARSEC,train,SMS,single,,,,,,1.12455,1.025422415129437,0.9950449055435119,1.09667,1.13015,1.0,7576.0,0.7576,11777.0,11777.0,0.0,0.0,0.0,0.3668166765729812,0.0,0.0,0.0,0.0,0.0,0.0,0.0,0.0,0.0,0.0,18315.0,4320.0,7576.0,0.0,0.0,0.0,1893.0,6597.0,0.0,8.85,8892424.0,10000000.0,5000000,10000000,,,,,,search_mode,GS24473,5490cd9f7f689da7bf9a3be9cb9546d5a1100a63,48.950202,2026-04-17T15:04:16.082546+00:00,2026-04-17T15:05:05.032748+00:00,/home/barry/projects/github/Mixture-of-Prefetchers/artifacts/athena_traces/parsec_2.1.fluidanimate.simlarge.prebuilt.drop_9500M.length_250M.champsimtrace.xz,/home/barry/projects/github/Mixture-of-Prefetchers/results/mop_lite_search/logs/parsec_2.1.fluidanimate.simlarge.prebuilt.drop_9500M.length_250M__SMS.out,/home/barry/projects/github/Mixture-of-Prefetchers/results/mop_lite_search/logs/parsec_2.1.fluidanimate.simlarge.prebuilt.drop_9500M.length_250M__SMS.err,/home/barry/projects/github/Mixture-of-Prefetchers/results/mop_lite_search/metrics/parsec_2.1.fluidanimate.simlarge.prebuilt.drop_9500M.length_250M__SMS.json,,"--warmup_instructions=5000000 --simulation_instructions=10000000 --llc_replacement_type=ship --config=/home/barry/projects/github/Mixture-of-Prefetchers/external/athena/config/nopref.ini --rob_partition_size=64,128,320 --rob_frontal_partition_ids=0 --rob_dorsal_partition_ids=2 --dram_io_freq=400 --l2c_prefetcher_types=sms --config=/home/barry/projects/github/Mixture-of-Prefetchers/external/athena/config/sms.ini --l2c_prefetcher_force_prefetch_at_llc=true",4320.0
legacy,450.soplex-92B,SPEC,train,FixedSplit,router,FixedSplit,,Pythia,SPP+PPF,1,0.33208,0.9754435436493948,1.1311397234144014,0.34044,0.29358,1.0,233550.0,23.35498832250584,40679.0,40679.0,0.0,0.0,0.0,0.11015511689077903,15419.0,27951.0,16507.0,28451.0,30720.0,30720.0,30.0,30.0,1.0705622932745313,1.0178884476405137,324405.0,4481.0,278883.0,0.0,0.0,0.0,90990.0,154604.0,0.0,12.18,30113401.0,10000005.0,5000000,10000000,500000,2048,30,50,"1.0,0.25,1.0",search_mode,GS24473,5490cd9f7f689da7bf9a3be9cb9546d5a1100a63,74.451984,2026-04-17T15:03:54.879699+00:00,2026-04-17T15:05:09.331683+00:00,/home/barry/projects/github/Mixture-of-Prefetchers/artifacts/athena_traces/450.soplex-92B.champsimtrace.xz,/home/barry/projects/github/Mixture-of-Prefetchers/results/mop_lite_search/logs/450.soplex-92B__FixedSplit.out,/home/barry/projects/github/Mixture-of-Prefetchers/results/mop_lite_search/logs/450.soplex-92B__FixedSplit.err,/home/barry/projects/github/Mixture-of-Prefetchers/results/mop_lite_search/metrics/450.soplex-92B__FixedSplit.json,,"--warmup_instructions=5000000 --simulation_instructions=10000000 --llc_replacement_type=ship --config=/home/barry/projects/github/Mixture-of-Prefetchers/external/athena/config/nopref.ini --rob_partition_size=64,128,320 --rob_frontal_partition_ids=0 --rob_dorsal_partition_ids=2 --dram_io_freq=400 --config=/home/barry/projects/github/Mixture-of-Prefetchers/external/athena/config/mop_lite.ini --mop_router_type=0 --mop_seed=1 --l2c_prefetcher_types=scooby --config=/home/barry/projects/github/Mixture-of-Prefetchers/external/athena/config/pythia.ini --l2c_prefetcher_types=spp_ppf_dev --config=/home/barry/projects/github/Mixture-of-Prefetchers/external/athena/config/spp_ppf_dev.ini --l2c_prefetcher_force_prefetch_at_llc=true",4481.0
legacy,parsec_2.1.fluidanimate.simlarge.prebuilt.drop_9500M.length_250M,PARSEC,train,SPP+PPF,single,,,,,,1.13015,1.0305287825872869,1.0,1.09667,1.13015,1.0,7576.0,0.7576,23091.0,23091.0,0.0,0.0,0.0,0.16686154778918194,0.0,0.0,0.0,0.0,0.0,0.0,0.0,0.0,0.0,0.0,18315.0,3853.0,7576.0,0.0,0.0,0.0,1892.0,4788.0,0.0,8.85,8848399.0,10000000.0,5000000,10000000,,,,,,search_mode,GS24473,5490cd9f7f689da7bf9a3be9cb9546d5a1100a63,50.132289,2026-04-17T15:04:22.891519+00:00,2026-04-17T15:05:13.023808+00:00,/home/barry/projects/github/Mixture-of-Prefetchers/artifacts/athena_traces/parsec_2.1.fluidanimate.simlarge.prebuilt.drop_9500M.length_250M.champsimtrace.xz,/home/barry/projects/github/Mixture-of-Prefetchers/results/mop_lite_search/logs/parsec_2.1.fluidanimate.simlarge.prebuilt.drop_9500M.length_250M__SPPplusPPF.out,/home/barry/projects/github/Mixture-of-Prefetchers/results/mop_lite_search/logs/parsec_2.1.fluidanimate.simlarge.prebuilt.drop_9500M.length_250M__SPPplusPPF.err,/home/barry/projects/github/Mixture-of-Prefetchers/results/mop_lite_search/metrics/parsec_2.1.fluidanimate.simlarge.prebuilt.drop_9500M.length_250M__SPPplusPPF.json,,"--warmup_instructions=5000000 --simulation_instructions=10000000 --llc_replacement_type=ship --config=/home/barry/projects/github/Mixture-of-Prefetchers/external/athena/config/nopref.ini --rob_partition_size=64,128,320 --rob_frontal_partition_ids=0 --rob_dorsal_partition_ids=2 --dram_io_freq=400 --l2c_prefetcher_types=spp_ppf_dev --config=/home/barry/projects/github/Mixture-of-Prefetchers/external/athena/config/spp_ppf_dev.ini --l2c_prefetcher_force_prefetch_at_llc=true",3853.0
legacy,450.soplex-92B,SPEC,train,WinnerTakeAll,router,WinnerTakeAll,,Pythia,SPP+PPF,1,0.32783,0.9629596992127835,1.1166632604400846,0.34044,0.29358,1.0,233417.0,23.341688329155836,40917.0,40917.0,0.0,0.0,0.0,0.13967299655399956,19554.0,16327.0,21819.0,15761.0,43008.0,18432.0,21.0,9.0,1.1158330776311751,0.965333496661971,324404.0,5715.0,278866.0,0.0,0.0,0.0,96331.0,159907.0,0.0,12.18,30503831.0,10000005.0,5000000,10000000,500000,2048,30,50,"1.0,0.25,1.0",search_mode,GS24473,5490cd9f7f689da7bf9a3be9cb9546d5a1100a63,75.626899,2026-04-17T15:04:01.661693+00:00,2026-04-17T15:05:17.288592+00:00,/home/barry/projects/github/Mixture-of-Prefetchers/artifacts/athena_traces/450.soplex-92B.champsimtrace.xz,/home/barry/projects/github/Mixture-of-Prefetchers/results/mop_lite_search/logs/450.soplex-92B__WinnerTakeAll.out,/home/barry/projects/github/Mixture-of-Prefetchers/results/mop_lite_search/logs/450.soplex-92B__WinnerTakeAll.err,/home/barry/projects/github/Mixture-of-Prefetchers/results/mop_lite_search/metrics/450.soplex-92B__WinnerTakeAll.json,,"--warmup_instructions=5000000 --simulation_instructions=10000000 --llc_replacement_type=ship --config=/home/barry/projects/github/Mixture-of-Prefetchers/external/athena/config/nopref.ini --rob_partition_size=64,128,320 --rob_frontal_partition_ids=0 --rob_dorsal_partition_ids=2 --dram_io_freq=400 --config=/home/barry/projects/github/Mixture-of-Prefetchers/external/athena/config/mop_lite.ini --mop_router_type=1 --mop_seed=1 --l2c_prefetcher_types=scooby --config=/home/barry/projects/github/Mixture-of-Prefetchers/external/athena/config/pythia.ini --l2c_prefetcher_types=spp_ppf_dev --config=/home/barry/projects/github/Mixture-of-Prefetchers/external/athena/config/spp_ppf_dev.ini --l2c_prefetcher_force_prefetch_at_llc=true",5715.0
legacy,parsec_2.1.fluidanimate.simlarge.prebuilt.drop_9500M.length_250M,PARSEC,train,MoPLite,router,MoPLite,,Pythia,SPP+PPF,1,1.0962,0.9995714298740733,0.9699597398575411,1.09667,1.13015,1.0,7576.0,0.7576,0.0,2524.0,0.0,0.0,0.0,0.0,706.0,1818.0,247.0,1660.0,0.0,2048.0,0.0,1.0,0.34985835694050993,0.9130913091309131,18315.0,0.0,7576.0,0.0,0.0,0.0,693.0,3690.0,0.0,8.85,9122440.0,10000000.0,5000000,10000000,500000,2048,30,50,"1.0,0.25,1.0",search_mode,GS24473,5490cd9f7f689da7bf9a3be9cb9546d5a1100a63,52.701646,2026-04-17T15:04:27.629051+00:00,2026-04-17T15:05:20.330697+00:00,/home/barry/projects/github/Mixture-of-Prefetchers/artifacts/athena_traces/parsec_2.1.fluidanimate.simlarge.prebuilt.drop_9500M.length_250M.champsimtrace.xz,/home/barry/projects/github/Mixture-of-Prefetchers/results/mop_lite_search/logs/parsec_2.1.fluidanimate.simlarge.prebuilt.drop_9500M.length_250M__MoPLite.out,/home/barry/projects/github/Mixture-of-Prefetchers/results/mop_lite_search/logs/parsec_2.1.fluidanimate.simlarge.prebuilt.drop_9500M.length_250M__MoPLite.err,/home/barry/projects/github/Mixture-of-Prefetchers/results/mop_lite_search/metrics/parsec_2.1.fluidanimate.simlarge.prebuilt.drop_9500M.length_250M__MoPLite.json,,"--warmup_instructions=5000000 --simulation_instructions=10000000 --llc_replacement_type=ship --config=/home/barry/projects/github/Mixture-of-Prefetchers/external/athena/config/nopref.ini --rob_partition_size=64,128,320 --rob_frontal_partition_ids=0 --rob_dorsal_partition_ids=2 --dram_io_freq=400 --config=/home/barry/projects/github/Mixture-of-Prefetchers/external/athena/config/mop_lite.ini --mop_router_type=4 --mop_seed=1 --l2c_prefetcher_types=scooby --config=/home/barry/projects/github/Mixture-of-Prefetchers/external/athena/config/pythia.ini --l2c_prefetcher_types=spp_ppf_dev --config=/home/barry/projects/github/Mixture-of-Prefetchers/external/athena/config/spp_ppf_dev.ini --l2c_prefetcher_force_prefetch_at_llc=true",0.0
legacy,parsec_2.1.fluidanimate.simlarge.prebuilt.drop_9500M.length_250M,PARSEC,train,FixedSplit,router,FixedSplit,,Pythia,SPP+PPF,1,1.13162,1.0318692040449726,1.001300712294828,1.09667,1.13015,1.0,7576.0,0.7576,32989.0,32989.0,0.0,0.0,0.0,0.13080117614962564,21431.0,23733.0,19339.0,21260.0,30720.0,30720.0,30.0,30.0,0.9023843964350707,0.8957990983019425,18315.0,4315.0,7576.0,0.0,0.0,0.0,1651.0,5072.0,0.0,8.85,8836864.0,10000000.0,5000000,10000000,500000,2048,30,50,"1.0,0.25,1.0",search_mode,GS24473,5490cd9f7f689da7bf9a3be9cb9546d5a1100a63,51.851606,2026-04-17T15:04:31.054686+00:00,2026-04-17T15:05:22.906292+00:00,/home/barry/projects/github/Mixture-of-Prefetchers/artifacts/athena_traces/parsec_2.1.fluidanimate.simlarge.prebuilt.drop_9500M.length_250M.champsimtrace.xz,/home/barry/projects/github/Mixture-of-Prefetchers/results/mop_lite_search/logs/parsec_2.1.fluidanimate.simlarge.prebuilt.drop_9500M.length_250M__FixedSplit.out,/home/barry/projects/github/Mixture-of-Prefetchers/results/mop_lite_search/logs/parsec_2.1.fluidanimate.simlarge.prebuilt.drop_9500M.length_250M__FixedSplit.err,/home/barry/projects/github/Mixture-of-Prefetchers/results/mop_lite_search/metrics/parsec_2.1.fluidanimate.simlarge.prebuilt.drop_9500M.length_250M__FixedSplit.json,,"--warmup_instructions=5000000 --simulation_instructions=10000000 --llc_replacement_type=ship --config=/home/barry/projects/github/Mixture-of-Prefetchers/external/athena/config/nopref.ini --rob_partition_size=64,128,320 --rob_frontal_partition_ids=0 --rob_dorsal_partition_ids=2 --dram_io_freq=400 --config=/home/barry/projects/github/Mixture-of-Prefetchers/external/athena/config/mop_lite.ini --mop_router_type=0 --mop_seed=1 --l2c_prefetcher_types=scooby --config=/home/barry/projects/github/Mixture-of-Prefetchers/external/athena/config/pythia.ini --l2c_prefetcher_types=spp_ppf_dev --config=/home/barry/projects/github/Mixture-of-Prefetchers/external/athena/config/spp_ppf_dev.ini --l2c_prefetcher_force_prefetch_at_llc=true",4315.0
legacy,450.soplex-92B,SPEC,train,AthenaMAB,builtin,,AthenaMAB,Pythia,SPP+PPF,,0.27969,0.8215544589354952,0.9526875127733496,0.34044,0.29358,1.0,232989.0,23.298888350555824,931732.0,931732.0,0.0,0.0,0.0,0.07938441526104073,369265.0,306490.0,246837.0,222346.0,0.0,0.0,0.0,0.0,0.6684549036599732,0.7254592319488401,324420.0,73965.0,278459.0,0.0,0.0,0.0,154295.0,299198.0,0.0,12.18,35754433.0,10000005.0,5000000,10000000,500000,,,,,search_mode,GS24473,5490cd9f7f689da7bf9a3be9cb9546d5a1100a63,87.870719,2026-04-17T15:04:03.125620+00:00,2026-04-17T15:05:30.996339+00:00,/home/barry/projects/github/Mixture-of-Prefetchers/artifacts/athena_traces/450.soplex-92B.champsimtrace.xz,/home/barry/projects/github/Mixture-of-Prefetchers/results/mop_lite_search/logs/450.soplex-92B__AthenaMAB.out,/home/barry/projects/github/Mixture-of-Prefetchers/results/mop_lite_search/logs/450.soplex-92B__AthenaMAB.err,/home/barry/projects/github/Mixture-of-Prefetchers/results/mop_lite_search/metrics/450.soplex-92B__AthenaMAB.json,,"--warmup_instructions=5000000 --simulation_instructions=10000000 --llc_replacement_type=ship --config=/home/barry/projects/github/Mixture-of-Prefetchers/external/athena/config/nopref.ini --rob_partition_size=64,128,320 --rob_frontal_partition_ids=0 --rob_dorsal_partition_ids=2 --dram_io_freq=400 --config=/home/barry/projects/github/Mixture-of-Prefetchers/external/athena/config/mop_lite_mab.ini --l2c_prefetcher_types=scooby --config=/home/barry/projects/github/Mixture-of-Prefetchers/external/athena/config/pythia.ini --l2c_prefetcher_types=spp_ppf_dev --config=/home/barry/projects/github/Mixture-of-Prefetchers/external/athena/config/spp_ppf_dev.ini --l2c_prefetcher_force_prefetch_at_llc=true",73965.0
legacy,parsec_2.1.raytrace.simlarge.prebuilt.drop_23500M.length_250M,PARSEC,train,MLOP,single,,,,,,2.06196,1.1154291402049141,0.9855133419682928,1.84858,2.09227,1.0,20143.0,2.01429979857002,19819.0,19819.0,0.0,0.0,0.0,0.9969726020485393,0.0,0.0,0.0,0.0,0.0,0.0,0.0,0.0,0.0,0.0,36292.0,19759.0,37994.0,0.0,0.0,0.0,10898.0,29360.0,0.0,0.0,4849763.0,10000001.0,5000000,10000000,,,,,,search_mode,GS24473,5490cd9f7f689da7bf9a3be9cb9546d5a1100a63,51.998547,2026-04-17T15:04:39.769837+00:00,2026-04-17T15:05:31.768384+00:00,/home/barry/projects/github/Mixture-of-Prefetchers/artifacts/athena_traces/parsec_2.1.raytrace.simlarge.prebuilt.drop_23500M.length_250M.champsimtrace.xz,/home/barry/projects/github/Mixture-of-Prefetchers/results/mop_lite_search/logs/parsec_2.1.raytrace.simlarge.prebuilt.drop_23500M.length_250M__MLOP.out,/home/barry/projects/github/Mixture-of-Prefetchers/results/mop_lite_search/logs/parsec_2.1.raytrace.simlarge.prebuilt.drop_23500M.length_250M__MLOP.err,/home/barry/projects/github/Mixture-of-Prefetchers/results/mop_lite_search/metrics/parsec_2.1.raytrace.simlarge.prebuilt.drop_23500M.length_250M__MLOP.json,,"--warmup_instructions=5000000 --simulation_instructions=10000000 --llc_replacement_type=ship --config=/home/barry/projects/github/Mixture-of-Prefetchers/external/athena/config/nopref.ini --rob_partition_size=64,128,320 --rob_frontal_partition_ids=0 --rob_dorsal_partition_ids=2 --dram_io_freq=400 --l2c_prefetcher_types=mlop --config=/home/barry/projects/github/Mixture-of-Prefetchers/external/athena/config/mlop.ini --l2c_prefetcher_force_prefetch_at_llc=true",19759.0
legacy,parsec_2.1.fluidanimate.simlarge.prebuilt.drop_9500M.length_250M,PARSEC,train,WinnerTakeAll,router,WinnerTakeAll,,Pythia,SPP+PPF,1,1.12675,1.0274284880593068,0.9969915497942751,1.09667,1.13015,1.0,7576.0,0.7576,17935.0,17935.0,0.0,0.0,0.0,0.2025090604962364,12193.0,12881.0,11029.0,11377.0,32768.0,28672.0,16.0,14.0,0.9045353891577135,0.8832388789690242,18315.0,3632.0,7576.0,0.0,0.0,0.0,1375.0,4641.0,0.0,8.85,8875098.0,10000000.0,5000000,10000000,500000,2048,30,50,"1.0,0.25,1.0",search_mode,GS24473,5490cd9f7f689da7bf9a3be9cb9546d5a1100a63,54.184541,2026-04-17T15:04:38.828318+00:00,2026-04-17T15:05:33.012859+00:00,/home/barry/projects/github/Mixture-of-Prefetchers/artifacts/athena_traces/parsec_2.1.fluidanimate.simlarge.prebuilt.drop_9500M.length_250M.champsimtrace.xz,/home/barry/projects/github/Mixture-of-Prefetchers/results/mop_lite_search/logs/parsec_2.1.fluidanimate.simlarge.prebuilt.drop_9500M.length_250M__WinnerTakeAll.out,/home/barry/projects/github/Mixture-of-Prefetchers/results/mop_lite_search/logs/parsec_2.1.fluidanimate.simlarge.prebuilt.drop_9500M.length_250M__WinnerTakeAll.err,/home/barry/projects/github/Mixture-of-Prefetchers/results/mop_lite_search/metrics/parsec_2.1.fluidanimate.simlarge.prebuilt.drop_9500M.length_250M__WinnerTakeAll.json,,"--warmup_instructions=5000000 --simulation_instructions=10000000 --llc_replacement_type=ship --config=/home/barry/projects/github/Mixture-of-Prefetchers/external/athena/config/nopref.ini --rob_partition_size=64,128,320 --rob_frontal_partition_ids=0 --rob_dorsal_partition_ids=2 --dram_io_freq=400 --config=/home/barry/projects/github/Mixture-of-Prefetchers/external/athena/config/mop_lite.ini --mop_router_type=1 --mop_seed=1 --l2c_prefetcher_types=scooby --config=/home/barry/projects/github/Mixture-of-Prefetchers/external/athena/config/pythia.ini --l2c_prefetcher_types=spp_ppf_dev --config=/home/barry/projects/github/Mixture-of-Prefetchers/external/athena/config/spp_ppf_dev.ini --l2c_prefetcher_force_prefetch_at_llc=true",3632.0
legacy,parsec_2.1.fluidanimate.simlarge.prebuilt.drop_9500M.length_250M,PARSEC,train,AthenaMAB,builtin,,AthenaMAB,Pythia,SPP+PPF,,1.10035,1.0033556129008725,0.973631818785117,1.09667,1.13015,1.0,7576.0,0.7576,3536.0,3536.0,0.0,0.0,0.0,0.1535633484162896,4222.0,5525.0,3795.0,4763.0,0.0,0.0,0.0,0.0,0.8988630980577925,0.8620814479638009,18315.0,543.0,7576.0,0.0,0.0,0.0,977.0,3783.0,0.0,8.85,9088059.0,10000000.0,5000000,10000000,500000,,,,,search_mode,GS24473,5490cd9f7f689da7bf9a3be9cb9546d5a1100a63,55.070249,2026-04-17T15:04:39.177327+00:00,2026-04-17T15:05:34.247576+00:00,/home/barry/projects/github/Mixture-of-Prefetchers/artifacts/athena_traces/parsec_2.1.fluidanimate.simlarge.prebuilt.drop_9500M.length_250M.champsimtrace.xz,/home/barry/projects/github/Mixture-of-Prefetchers/results/mop_lite_search/logs/parsec_2.1.fluidanimate.simlarge.prebuilt.drop_9500M.length_250M__AthenaMAB.out,/home/barry/projects/github/Mixture-of-Prefetchers/results/mop_lite_search/logs/parsec_2.1.fluidanimate.simlarge.prebuilt.drop_9500M.length_250M__AthenaMAB.err,/home/barry/projects/github/Mixture-of-Prefetchers/results/mop_lite_search/metrics/parsec_2.1.fluidanimate.simlarge.prebuilt.drop_9500M.length_250M__AthenaMAB.json,,"--warmup_instructions=5000000 --simulation_instructions=10000000 --llc_replacement_type=ship --config=/home/barry/projects/github/Mixture-of-Prefetchers/external/athena/config/nopref.ini --rob_partition_size=64,128,320 --rob_frontal_partition_ids=0 --rob_dorsal_partition_ids=2 --dram_io_freq=400 --config=/home/barry/projects/github/Mixture-of-Prefetchers/external/athena/config/mop_lite_mab.ini --l2c_prefetcher_types=scooby --config=/home/barry/projects/github/Mixture-of-Prefetchers/external/athena/config/pythia.ini --l2c_prefetcher_types=spp_ppf_dev --config=/home/barry/projects/github/Mixture-of-Prefetchers/external/athena/config/spp_ppf_dev.ini --l2c_prefetcher_force_prefetch_at_llc=true",543.0
legacy,parsec_2.1.raytrace.simlarge.prebuilt.drop_23500M.length_250M,PARSEC,train,Pythia,single,,,,,,2.09227,1.1318255093098488,1.0,1.84858,2.09227,1.0,20142.0,2.01419979858002,116087.0,116087.0,0.0,0.0,0.0,0.16854600428988603,0.0,0.0,0.0,0.0,0.0,0.0,0.0,0.0,0.0,0.0,36292.0,19566.0,37998.0,0.0,0.0,0.0,14049.0,23846.0,0.0,0.0,4779499.0,10000001.0,5000000,10000000,,,,,,search_mode,GS24473,5490cd9f7f689da7bf9a3be9cb9546d5a1100a63,52.921243,2026-04-17T15:04:42.000041+00:00,2026-04-17T15:05:34.921284+00:00,/home/barry/projects/github/Mixture-of-Prefetchers/artifacts/athena_traces/parsec_2.1.raytrace.simlarge.prebuilt.drop_23500M.length_250M.champsimtrace.xz,/home/barry/projects/github/Mixture-of-Prefetchers/results/mop_lite_search/logs/parsec_2.1.raytrace.simlarge.prebuilt.drop_23500M.length_250M__Pythia.out,/home/barry/projects/github/Mixture-of-Prefetchers/results/mop_lite_search/logs/parsec_2.1.raytrace.simlarge.prebuilt.drop_23500M.length_250M__Pythia.err,/home/barry/projects/github/Mixture-of-Prefetchers/results/mop_lite_search/metrics/parsec_2.1.raytrace.simlarge.prebuilt.drop_23500M.length_250M__Pythia.json,,"--warmup_instructions=5000000 --simulation_instructions=10000000 --llc_replacement_type=ship --config=/home/barry/projects/github/Mixture-of-Prefetchers/external/athena/config/nopref.ini --rob_partition_size=64,128,320 --rob_frontal_partition_ids=0 --rob_dorsal_partition_ids=2 --dram_io_freq=400 --l2c_prefetcher_types=scooby --config=/home/barry/projects/github/Mixture-of-Prefetchers/external/athena/config/pythia.ini --l2c_prefetcher_force_prefetch_at_llc=true",19566.0
legacy,parsec_2.1.raytrace.simlarge.prebuilt.drop_23500M.length_250M,PARSEC,train,SPP+PPF,single,,,,,,2.08636,1.1286284607644788,0.9971753167612211,1.84858,2.09227,1.0,20142.0,2.01419979858002,39969.0,39969.0,0.0,0.0,0.0,0.46563586779754307,0.0,0.0,0.0,0.0,0.0,0.0,0.0,0.0,0.0,0.0,36292.0,18611.0,37998.0,0.0,0.0,0.0,16461.0,22435.0,0.0,0.0,4793048.0,10000001.0,5000000,10000000,,,,,,search_mode,GS24473,5490cd9f7f689da7bf9a3be9cb9546d5a1100a63,53.107314,2026-04-17T15:04:52.917231+00:00,2026-04-17T15:05:46.024545+00:00,/home/barry/projects/github/Mixture-of-Prefetchers/artifacts/athena_traces/parsec_2.1.raytrace.simlarge.prebuilt.drop_23500M.length_250M.champsimtrace.xz,/home/barry/projects/github/Mixture-of-Prefetchers/results/mop_lite_search/logs/parsec_2.1.raytrace.simlarge.prebuilt.drop_23500M.length_250M__SPPplusPPF.out,/home/barry/projects/github/Mixture-of-Prefetchers/results/mop_lite_search/logs/parsec_2.1.raytrace.simlarge.prebuilt.drop_23500M.length_250M__SPPplusPPF.err,/home/barry/projects/github/Mixture-of-Prefetchers/results/mop_lite_search/metrics/parsec_2.1.raytrace.simlarge.prebuilt.drop_23500M.length_250M__SPPplusPPF.json,,"--warmup_instructions=5000000 --simulation_instructions=10000000 --llc_replacement_type=ship --config=/home/barry/projects/github/Mixture-of-Prefetchers/external/athena/config/nopref.ini --rob_partition_size=64,128,320 --rob_frontal_partition_ids=0 --rob_dorsal_partition_ids=2 --dram_io_freq=400 --l2c_prefetcher_types=spp_ppf_dev --config=/home/barry/projects/github/Mixture-of-Prefetchers/external/athena/config/spp_ppf_dev.ini --l2c_prefetcher_force_prefetch_at_llc=true",18611.0
legacy,parsec_2.1.raytrace.simlarge.prebuilt.drop_23500M.length_250M,PARSEC,train,Baseline,baseline,,,,,,1.84858,1.0,0.8835284165045619,1.84858,2.09227,0.0,20143.0,2.0143,0.0,0.0,0.0,0.0,0.0,0.0,0.0,0.0,0.0,0.0,0.0,0.0,0.0,0.0,0.0,0.0,36292.0,0.0,37999.0,0.0,0.0,0.0,6105.0,16844.0,0.0,0.0,5409567.0,10000000.0,5000000,10000000,,,,,,search_mode,GS24473,5490cd9f7f689da7bf9a3be9cb9546d5a1100a63,66.892993,2026-04-17T15:04:39.193906+00:00,2026-04-17T15:05:46.086899+00:00,/home/barry/projects/github/Mixture-of-Prefetchers/artifacts/athena_traces/parsec_2.1.raytrace.simlarge.prebuilt.drop_23500M.length_250M.champsimtrace.xz,/home/barry/projects/github/Mixture-of-Prefetchers/results/mop_lite_search/logs/parsec_2.1.raytrace.simlarge.prebuilt.drop_23500M.length_250M__Baseline.out,/home/barry/projects/github/Mixture-of-Prefetchers/results/mop_lite_search/logs/parsec_2.1.raytrace.simlarge.prebuilt.drop_23500M.length_250M__Baseline.err,/home/barry/projects/github/Mixture-of-Prefetchers/results/mop_lite_search/metrics/parsec_2.1.raytrace.simlarge.prebuilt.drop_23500M.length_250M__Baseline.json,,"--warmup_instructions=5000000 --simulation_instructions=10000000 --llc_replacement_type=ship --config=/home/barry/projects/github/Mixture-of-Prefetchers/external/athena/config/nopref.ini --rob_partition_size=64,128,320 --rob_frontal_partition_ids=0 --rob_dorsal_partition_ids=2 --dram_io_freq=400",0.0
legacy,parsec_2.1.raytrace.simlarge.prebuilt.drop_23500M.length_250M,PARSEC,train,SMS,single,,,,,,1.82757,0.9886345194689978,0.8734866914881921,1.84858,2.09227,1.0,20141.0,2.0141,11117.0,11117.0,0.0,0.0,0.0,0.4431051542682378,0.0,0.0,0.0,0.0,0.0,0.0,0.0,0.0,0.0,0.0,36292.0,4926.0,37997.0,0.0,0.0,0.0,7483.0,20675.0,0.0,0.0,5471756.0,10000000.0,5000000,10000000,,,,,,search_mode,GS24473,5490cd9f7f689da7bf9a3be9cb9546d5a1100a63,64.77787,2026-04-17T15:04:49.896837+00:00,2026-04-17T15:05:54.674707+00:00,/home/barry/projects/github/Mixture-of-Prefetchers/artifacts/athena_traces/parsec_2.1.raytrace.simlarge.prebuilt.drop_23500M.length_250M.champsimtrace.xz,/home/barry/projects/github/Mixture-of-Prefetchers/results/mop_lite_search/logs/parsec_2.1.raytrace.simlarge.prebuilt.drop_23500M.length_250M__SMS.out,/home/barry/projects/github/Mixture-of-Prefetchers/results/mop_lite_search/logs/parsec_2.1.raytrace.simlarge.prebuilt.drop_23500M.length_250M__SMS.err,/home/barry/projects/github/Mixture-of-Prefetchers/results/mop_lite_search/metrics/parsec_2.1.raytrace.simlarge.prebuilt.drop_23500M.length_250M__SMS.json,,"--warmup_instructions=5000000 --simulation_instructions=10000000 --llc_replacement_type=ship --config=/home/barry/projects/github/Mixture-of-Prefetchers/external/athena/config/nopref.ini --rob_partition_size=64,128,320 --rob_frontal_partition_ids=0 --rob_dorsal_partition_ids=2 --dram_io_freq=400 --l2c_prefetcher_types=sms --config=/home/barry/projects/github/Mixture-of-Prefetchers/external/athena/config/sms.ini --l2c_prefetcher_force_prefetch_at_llc=true",4926.0
legacy,parsec_2.1.raytrace.simlarge.prebuilt.drop_23500M.length_250M,PARSEC,train,AthenaMAB,builtin,,AthenaMAB,Pythia,SPP+PPF,,2.09723,1.1345086498826127,1.0023706309415132,1.84858,2.09227,1.0,20141.0,2.01409979859002,141822.0,141822.0,0.0,0.0,0.0,0.131841322220812,42484.0,34784.0,35676.0,30926.0,0.0,0.0,0.0,0.0,0.8397514358346672,0.8890869365225391,36292.0,18698.0,37994.0,0.0,0.0,0.0,12611.0,20874.0,0.0,0.0,4768203.0,10000001.0,5000000,10000000,500000,,,,,search_mode,GS24473,5490cd9f7f689da7bf9a3be9cb9546d5a1100a63,52.90874,2026-04-17T15:05:13.023989+00:00,2026-04-17T15:06:05.932729+00:00,/home/barry/projects/github/Mixture-of-Prefetchers/artifacts/athena_traces/parsec_2.1.raytrace.simlarge.prebuilt.drop_23500M.length_250M.champsimtrace.xz,/home/barry/projects/github/Mixture-of-Prefetchers/results/mop_lite_search/logs/parsec_2.1.raytrace.simlarge.prebuilt.drop_23500M.length_250M__AthenaMAB.out,/home/barry/projects/github/Mixture-of-Prefetchers/results/mop_lite_search/logs/parsec_2.1.raytrace.simlarge.prebuilt.drop_23500M.length_250M__AthenaMAB.err,/home/barry/projects/github/Mixture-of-Prefetchers/results/mop_lite_search/metrics/parsec_2.1.raytrace.simlarge.prebuilt.drop_23500M.length_250M__AthenaMAB.json,,"--warmup_instructions=5000000 --simulation_instructions=10000000 --llc_replacement_type=ship --config=/home/barry/projects/github/Mixture-of-Prefetchers/external/athena/config/nopref.ini --rob_partition_size=64,128,320 --rob_frontal_partition_ids=0 --rob_dorsal_partition_ids=2 --dram_io_freq=400 --config=/home/barry/projects/github/Mixture-of-Prefetchers/external/athena/config/mop_lite_mab.ini --l2c_prefetcher_types=scooby --config=/home/barry/projects/github/Mixture-of-Prefetchers/external/athena/config/pythia.ini --l2c_prefetcher_types=spp_ppf_dev --config=/home/barry/projects/github/Mixture-of-Prefetchers/external/athena/config/spp_ppf_dev.ini --l2c_prefetcher_force_prefetch_at_llc=true",18698.0
legacy,parsec_2.1.raytrace.simlarge.prebuilt.drop_23500M.length_250M,PARSEC,train,FixedSplit,router,FixedSplit,,Pythia,SPP+PPF,1,1.9129,1.0347942745242296,0.9142701467783795,1.84858,2.09227,1.0,20140.0,2.014,40960.0,40960.0,0.0,0.0,0.0,0.243212890625,10516.0,25869.0,8959.0,23511.0,30720.0,30720.0,30.0,30.0,0.851939901103081,0.9088484286211296,36292.0,9962.0,37996.0,0.0,0.0,0.0,12645.0,22884.0,0.0,0.0,5227653.0,10000000.0,5000000,10000000,500000,2048,30,50,"1.0,0.25,1.0",search_mode,GS24473,5490cd9f7f689da7bf9a3be9cb9546d5a1100a63,61.895116,2026-04-17T15:05:05.032841+00:00,2026-04-17T15:06:06.927957+00:00,/home/barry/projects/github/Mixture-of-Prefetchers/artifacts/athena_traces/parsec_2.1.raytrace.simlarge.prebuilt.drop_23500M.length_250M.champsimtrace.xz,/home/barry/projects/github/Mixture-of-Prefetchers/results/mop_lite_search/logs/parsec_2.1.raytrace.simlarge.prebuilt.drop_23500M.length_250M__FixedSplit.out,/home/barry/projects/github/Mixture-of-Prefetchers/results/mop_lite_search/logs/parsec_2.1.raytrace.simlarge.prebuilt.drop_23500M.length_250M__FixedSplit.err,/home/barry/projects/github/Mixture-of-Prefetchers/results/mop_lite_search/metrics/parsec_2.1.raytrace.simlarge.prebuilt.drop_23500M.length_250M__FixedSplit.json,,"--warmup_instructions=5000000 --simulation_instructions=10000000 --llc_replacement_type=ship --config=/home/barry/projects/github/Mixture-of-Prefetchers/external/athena/config/nopref.ini --rob_partition_size=64,128,320 --rob_frontal_partition_ids=0 --rob_dorsal_partition_ids=2 --dram_io_freq=400 --config=/home/barry/projects/github/Mixture-of-Prefetchers/external/athena/config/mop_lite.ini --mop_router_type=0 --mop_seed=1 --l2c_prefetcher_types=scooby --config=/home/barry/projects/github/Mixture-of-Prefetchers/external/athena/config/pythia.ini --l2c_prefetcher_types=spp_ppf_dev --config=/home/barry/projects/github/Mixture-of-Prefetchers/external/athena/config/spp_ppf_dev.ini --l2c_prefetcher_force_prefetch_at_llc=true",9962.0
legacy,parsec_2.1.raytrace.simlarge.prebuilt.drop_23500M.length_250M,PARSEC,train,MoPLite,router,MoPLite,,Pythia,SPP+PPF,1,1.84001,0.9953640091313333,0.8794323868334392,1.84858,2.09227,1.0,20143.0,2.0143,0.0,11496.0,0.0,0.0,0.0,0.0,4109.0,7387.0,3518.0,6927.0,11115.0,7317.0,9.0,8.0,0.8561693842784133,0.937728441857317,36292.0,0.0,37999.0,0.0,0.0,0.0,7110.0,18370.0,0.0,0.0,5434744.0,10000000.0,5000000,10000000,500000,2048,30,50,"1.0,0.25,1.0",search_mode,GS24473,5490cd9f7f689da7bf9a3be9cb9546d5a1100a63,70.142179,2026-04-17T15:04:58.893924+00:00,2026-04-17T15:06:09.036103+00:00,/home/barry/projects/github/Mixture-of-Prefetchers/artifacts/athena_traces/parsec_2.1.raytrace.simlarge.prebuilt.drop_23500M.length_250M.champsimtrace.xz,/home/barry/projects/github/Mixture-of-Prefetchers/results/mop_lite_search/logs/parsec_2.1.raytrace.simlarge.prebuilt.drop_23500M.length_250M__MoPLite.out,/home/barry/projects/github/Mixture-of-Prefetchers/results/mop_lite_search/logs/parsec_2.1.raytrace.simlarge.prebuilt.drop_23500M.length_250M__MoPLite.err,/home/barry/projects/github/Mixture-of-Prefetchers/results/mop_lite_search/metrics/parsec_2.1.raytrace.simlarge.prebuilt.drop_23500M.length_250M__MoPLite.json,,"--warmup_instructions=5000000 --simulation_instructions=10000000 --llc_replacement_type=ship --config=/home/barry/projects/github/Mixture-of-Prefetchers/external/athena/config/nopref.ini --rob_partition_size=64,128,320 --rob_frontal_partition_ids=0 --rob_dorsal_partition_ids=2 --dram_io_freq=400 --config=/home/barry/projects/github/Mixture-of-Prefetchers/external/athena/config/mop_lite.ini --mop_router_type=4 --mop_seed=1 --l2c_prefetcher_types=scooby --config=/home/barry/projects/github/Mixture-of-Prefetchers/external/athena/config/pythia.ini --l2c_prefetcher_types=spp_ppf_dev --config=/home/barry/projects/github/Mixture-of-Prefetchers/external/athena/config/spp_ppf_dev.ini --l2c_prefetcher_force_prefetch_at_llc=true",0.0
legacy,parsec_2.1.raytrace.simlarge.prebuilt.drop_23500M.length_250M,PARSEC,train,WinnerTakeAll,router,WinnerTakeAll,,Pythia,SPP+PPF,1,1.97818,1.0701078665786712,0.9454707088473285,1.84858,2.09227,1.0,20142.0,2.0142,39865.0,39865.0,0.0,0.0,0.0,0.3144111375893641,10712.0,22165.0,9097.0,19954.0,30720.0,30720.0,15.0,15.0,0.8492345033607169,0.9002481389578164,36292.0,12534.0,37998.0,0.0,0.0,0.0,10231.0,22396.0,0.0,0.0,5055143.0,10000000.0,5000000,10000000,500000,2048,30,50,"1.0,0.25,1.0",search_mode,GS24473,5490cd9f7f689da7bf9a3be9cb9546d5a1100a63,60.192017,2026-04-17T15:05:09.331749+00:00,2026-04-17T15:06:09.523766+00:00,/home/barry/projects/github/Mixture-of-Prefetchers/artifacts/athena_traces/parsec_2.1.raytrace.simlarge.prebuilt.drop_23500M.length_250M.champsimtrace.xz,/home/barry/projects/github/Mixture-of-Prefetchers/results/mop_lite_search/logs/parsec_2.1.raytrace.simlarge.prebuilt.drop_23500M.length_250M__WinnerTakeAll.out,/home/barry/projects/github/Mixture-of-Prefetchers/results/mop_lite_search/logs/parsec_2.1.raytrace.simlarge.prebuilt.drop_23500M.length_250M__WinnerTakeAll.err,/home/barry/projects/github/Mixture-of-Prefetchers/results/mop_lite_search/metrics/parsec_2.1.raytrace.simlarge.prebuilt.drop_23500M.length_250M__WinnerTakeAll.json,,"--warmup_instructions=5000000 --simulation_instructions=10000000 --llc_replacement_type=ship --config=/home/barry/projects/github/Mixture-of-Prefetchers/external/athena/config/nopref.ini --rob_partition_size=64,128,320 --rob_frontal_partition_ids=0 --rob_dorsal_partition_ids=2 --dram_io_freq=400 --config=/home/barry/projects/github/Mixture-of-Prefetchers/external/athena/config/mop_lite.ini --mop_router_type=1 --mop_seed=1 --l2c_prefetcher_types=scooby --config=/home/barry/projects/github/Mixture-of-Prefetchers/external/athena/config/pythia.ini --l2c_prefetcher_types=spp_ppf_dev --config=/home/barry/projects/github/Mixture-of-Prefetchers/external/athena/config/spp_ppf_dev.ini --l2c_prefetcher_force_prefetch_at_llc=true",12534.0
legacy,ligra_PageRankDelta.com-lj.ungraph.gcc_6.3.0_O3.drop_1250M.length_250M,LIGRA,train,Baseline,baseline,,,,,,1.08214,1.0,0.9999907591369035,1.08214,1.08215,0.0,23488.0,2.3487988256005874,0.0,0.0,0.0,0.0,0.0,0.0,0.0,0.0,0.0,0.0,0.0,0.0,0.0,0.0,0.0,0.0,23488.0,0.0,23488.0,0.0,0.0,0.0,218.0,0.0,0.0,3.95,9240981.0,10000005.0,5000000,10000000,,,,,,search_mode,GS24473,5490cd9f7f689da7bf9a3be9cb9546d5a1100a63,30.467943,2026-04-17T15:05:46.086972+00:00,2026-04-17T15:06:16.554915+00:00,/home/barry/projects/github/Mixture-of-Prefetchers/artifacts/athena_traces/ligra_PageRankDelta.com-lj.ungraph.gcc_6.3.0_O3.drop_1250M.length_250M.champsimtrace.xz,/home/barry/projects/github/Mixture-of-Prefetchers/results/mop_lite_search/logs/ligra_PageRankDelta.com-lj.ungraph.gcc_6.3.0_O3.drop_1250M.length_250M__Baseline.out,/home/barry/projects/github/Mixture-of-Prefetchers/results/mop_lite_search/logs/ligra_PageRankDelta.com-lj.ungraph.gcc_6.3.0_O3.drop_1250M.length_250M__Baseline.err,/home/barry/projects/github/Mixture-of-Prefetchers/results/mop_lite_search/metrics/ligra_PageRankDelta.com-lj.ungraph.gcc_6.3.0_O3.drop_1250M.length_250M__Baseline.json,,"--warmup_instructions=5000000 --simulation_instructions=10000000 --llc_replacement_type=ship --config=/home/barry/projects/github/Mixture-of-Prefetchers/external/athena/config/nopref.ini --rob_partition_size=64,128,320 --rob_frontal_partition_ids=0 --rob_dorsal_partition_ids=2 --dram_io_freq=400",0.0
legacy,ligra_PageRankDelta.com-lj.ungraph.gcc_6.3.0_O3.drop_1250M.length_250M,LIGRA,train,MLOP,single,,,,,,1.08215,1.0000092409484909,1.0,1.08214,1.08215,1.0,23488.0,2.3488,23121.0,23121.0,0.0,0.0,0.0,1.0,0.0,0.0,0.0,0.0,0.0,0.0,0.0,0.0,0.0,0.0,23488.0,23121.0,23488.0,0.0,0.0,0.0,200.0,7222.0,0.0,3.95,9240868.0,10000000.0,5000000,10000000,,,,,,search_mode,GS24473,5490cd9f7f689da7bf9a3be9cb9546d5a1100a63,29.259265,2026-04-17T15:05:54.674818+00:00,2026-04-17T15:06:23.934083+00:00,/home/barry/projects/github/Mixture-of-Prefetchers/artifacts/athena_traces/ligra_PageRankDelta.com-lj.ungraph.gcc_6.3.0_O3.drop_1250M.length_250M.champsimtrace.xz,/home/barry/projects/github/Mixture-of-Prefetchers/results/mop_lite_search/logs/ligra_PageRankDelta.com-lj.ungraph.gcc_6.3.0_O3.drop_1250M.length_250M__MLOP.out,/home/barry/projects/github/Mixture-of-Prefetchers/results/mop_lite_search/logs/ligra_PageRankDelta.com-lj.ungraph.gcc_6.3.0_O3.drop_1250M.length_250M__MLOP.err,/home/barry/projects/github/Mixture-of-Prefetchers/results/mop_lite_search/metrics/ligra_PageRankDelta.com-lj.ungraph.gcc_6.3.0_O3.drop_1250M.length_250M__MLOP.json,,"--warmup_instructions=5000000 --simulation_instructions=10000000 --llc_replacement_type=ship --config=/home/barry/projects/github/Mixture-of-Prefetchers/external/athena/config/nopref.ini --rob_partition_size=64,128,320 --rob_frontal_partition_ids=0 --rob_dorsal_partition_ids=2 --dram_io_freq=400 --l2c_prefetcher_types=mlop --config=/home/barry/projects/github/Mixture-of-Prefetchers/external/athena/config/mlop.ini --l2c_prefetcher_force_prefetch_at_llc=true",23121.0
legacy,ligra_CF.com-lj.ungraph.gcc_6.3.0_O3.drop_154750M.length_250M,LIGRA,train,Baseline,baseline,,,,,,0.49571,1.0,1.0206304432868702,0.49571,0.48569,0.0,165322.0,16.532198346780167,0.0,0.0,0.0,0.0,0.0,0.0,0.0,0.0,0.0,0.0,0.0,0.0,0.0,0.0,0.0,0.0,174779.0,0.0,165326.0,0.0,0.0,0.0,115682.0,156210.0,0.0,1.26,20173012.0,10000001.0,5000000,10000000,,,,,,search_mode,GS24473,5490cd9f7f689da7bf9a3be9cb9546d5a1100a63,75.767224,2026-04-17T15:05:17.288672+00:00,2026-04-17T15:06:33.055896+00:00,/home/barry/projects/github/Mixture-of-Prefetchers/artifacts/athena_traces/ligra_CF.com-lj.ungraph.gcc_6.3.0_O3.drop_154750M.length_250M.champsimtrace.xz,/home/barry/projects/github/Mixture-of-Prefetchers/results/mop_lite_search/logs/ligra_CF.com-lj.ungraph.gcc_6.3.0_O3.drop_154750M.length_250M__Baseline.out,/home/barry/projects/github/Mixture-of-Prefetchers/results/mop_lite_search/logs/ligra_CF.com-lj.ungraph.gcc_6.3.0_O3.drop_154750M.length_250M__Baseline.err,/home/barry/projects/github/Mixture-of-Prefetchers/results/mop_lite_search/metrics/ligra_CF.com-lj.ungraph.gcc_6.3.0_O3.drop_154750M.length_250M__Baseline.json,,"--warmup_instructions=5000000 --simulation_instructions=10000000 --llc_replacement_type=ship --config=/home/barry/projects/github/Mixture-of-Prefetchers/external/athena/config/nopref.ini --rob_partition_size=64,128,320 --rob_frontal_partition_ids=0 --rob_dorsal_partition_ids=2 --dram_io_freq=400",0.0
legacy,ligra_PageRankDelta.com-lj.ungraph.gcc_6.3.0_O3.drop_1250M.length_250M,LIGRA,train,Pythia,single,,,,,,1.08215,1.0000092409484909,1.0,1.08214,1.08215,1.0,23488.0,2.3488,80880.0,80880.0,0.0,0.0,0.0,0.28580613254203757,0.0,0.0,0.0,0.0,0.0,0.0,0.0,0.0,0.0,0.0,23488.0,23116.0,23488.0,0.0,0.0,0.0,224.0,1525.0,0.0,3.95,9240868.0,10000000.0,5000000,10000000,,,,,,search_mode,GS24473,5490cd9f7f689da7bf9a3be9cb9546d5a1100a63,30.682731,2026-04-17T15:06:05.932787+00:00,2026-04-17T15:06:36.615518+00:00,/home/barry/projects/github/Mixture-of-Prefetchers/artifacts/athena_traces/ligra_PageRankDelta.com-lj.ungraph.gcc_6.3.0_O3.drop_1250M.length_250M.champsimtrace.xz,/home/barry/projects/github/Mixture-of-Prefetchers/results/mop_lite_search/logs/ligra_PageRankDelta.com-lj.ungraph.gcc_6.3.0_O3.drop_1250M.length_250M__Pythia.out,/home/barry/projects/github/Mixture-of-Prefetchers/results/mop_lite_search/logs/ligra_PageRankDelta.com-lj.ungraph.gcc_6.3.0_O3.drop_1250M.length_250M__Pythia.err,/home/barry/projects/github/Mixture-of-Prefetchers/results/mop_lite_search/metrics/ligra_PageRankDelta.com-lj.ungraph.gcc_6.3.0_O3.drop_1250M.length_250M__Pythia.json,,"--warmup_instructions=5000000 --simulation_instructions=10000000 --llc_replacement_type=ship --config=/home/barry/projects/github/Mixture-of-Prefetchers/external/athena/config/nopref.ini --rob_partition_size=64,128,320 --rob_frontal_partition_ids=0 --rob_dorsal_partition_ids=2 --dram_io_freq=400 --l2c_prefetcher_types=scooby --config=/home/barry/projects/github/Mixture-of-Prefetchers/external/athena/config/pythia.ini --l2c_prefetcher_force_prefetch_at_llc=true",23116.0
legacy,ligra_PageRankDelta.com-lj.ungraph.gcc_6.3.0_O3.drop_1250M.length_250M,LIGRA,train,SPP+PPF,single,,,,,,1.08215,1.0000092409484909,1.0,1.08214,1.08215,1.0,23488.0,2.3488,23016.0,23016.0,0.0,0.0,0.0,1.0,0.0,0.0,0.0,0.0,0.0,0.0,0.0,0.0,0.0,0.0,23488.0,23016.0,23488.0,0.0,0.0,0.0,216.0,470.0,0.0,3.95,9240868.0,10000000.0,5000000,10000000,,,,,,search_mode,GS24473,5490cd9f7f689da7bf9a3be9cb9546d5a1100a63,30.145243,2026-04-17T15:06:09.036177+00:00,2026-04-17T15:06:39.181420+00:00,/home/barry/projects/github/Mixture-of-Prefetchers/artifacts/athena_traces/ligra_PageRankDelta.com-lj.ungraph.gcc_6.3.0_O3.drop_1250M.length_250M.champsimtrace.xz,/home/barry/projects/github/Mixture-of-Prefetchers/results/mop_lite_search/logs/ligra_PageRankDelta.com-lj.ungraph.gcc_6.3.0_O3.drop_1250M.length_250M__SPPplusPPF.out,/home/barry/projects/github/Mixture-of-Prefetchers/results/mop_lite_search/logs/ligra_PageRankDelta.com-lj.ungraph.gcc_6.3.0_O3.drop_1250M.length_250M__SPPplusPPF.err,/home/barry/projects/github/Mixture-of-Prefetchers/results/mop_lite_search/metrics/ligra_PageRankDelta.com-lj.ungraph.gcc_6.3.0_O3.drop_1250M.length_250M__SPPplusPPF.json,,"--warmup_instructions=5000000 --simulation_instructions=10000000 --llc_replacement_type=ship --config=/home/barry/projects/github/Mixture-of-Prefetchers/external/athena/config/nopref.ini --rob_partition_size=64,128,320 --rob_frontal_partition_ids=0 --rob_dorsal_partition_ids=2 --dram_io_freq=400 --l2c_prefetcher_types=spp_ppf_dev --config=/home/barry/projects/github/Mixture-of-Prefetchers/external/athena/config/spp_ppf_dev.ini --l2c_prefetcher_force_prefetch_at_llc=true",23016.0
legacy,ligra_PageRankDelta.com-lj.ungraph.gcc_6.3.0_O3.drop_1250M.length_250M,LIGRA,train,SMS,single,,,,,,1.08215,1.0000092409484909,1.0,1.08214,1.08215,1.0,23488.0,2.3488,5872.0,5872.0,0.0,0.0,0.0,1.0,0.0,0.0,0.0,0.0,0.0,0.0,0.0,0.0,0.0,0.0,23488.0,5872.0,23488.0,0.0,0.0,0.0,192.0,5862.0,0.0,3.95,9240868.0,10000000.0,5000000,10000000,,,,,,search_mode,GS24473,5490cd9f7f689da7bf9a3be9cb9546d5a1100a63,32.345704,2026-04-17T15:06:06.928018+00:00,2026-04-17T15:06:39.273722+00:00,/home/barry/projects/github/Mixture-of-Prefetchers/artifacts/athena_traces/ligra_PageRankDelta.com-lj.ungraph.gcc_6.3.0_O3.drop_1250M.length_250M.champsimtrace.xz,/home/barry/projects/github/Mixture-of-Prefetchers/results/mop_lite_search/logs/ligra_PageRankDelta.com-lj.ungraph.gcc_6.3.0_O3.drop_1250M.length_250M__SMS.out,/home/barry/projects/github/Mixture-of-Prefetchers/results/mop_lite_search/logs/ligra_PageRankDelta.com-lj.ungraph.gcc_6.3.0_O3.drop_1250M.length_250M__SMS.err,/home/barry/projects/github/Mixture-of-Prefetchers/results/mop_lite_search/metrics/ligra_PageRankDelta.com-lj.ungraph.gcc_6.3.0_O3.drop_1250M.length_250M__SMS.json,,"--warmup_instructions=5000000 --simulation_instructions=10000000 --llc_replacement_type=ship --config=/home/barry/projects/github/Mixture-of-Prefetchers/external/athena/config/nopref.ini --rob_partition_size=64,128,320 --rob_frontal_partition_ids=0 --rob_dorsal_partition_ids=2 --dram_io_freq=400 --l2c_prefetcher_types=sms --config=/home/barry/projects/github/Mixture-of-Prefetchers/external/athena/config/sms.ini --l2c_prefetcher_force_prefetch_at_llc=true",5872.0
legacy,ligra_PageRankDelta.com-lj.ungraph.gcc_6.3.0_O3.drop_1250M.length_250M,LIGRA,train,MoPLite,router,MoPLite,,Pythia,SPP+PPF,1,1.08215,1.0000092409484909,1.0,1.08214,1.08215,1.0,23488.0,2.3487988256005874,40960.0,40960.0,0.0,0.0,0.0,0.36064453125,11320.0,22144.0,11318.0,22144.0,39346.0,22094.0,30.0,30.0,0.9998233215547703,1.0,23488.0,14772.0,23488.0,0.0,0.0,0.0,216.0,730.0,0.0,3.95,9240881.0,10000005.0,5000000,10000000,500000,2048,30,50,"1.0,0.25,1.0",search_mode,GS24473,5490cd9f7f689da7bf9a3be9cb9546d5a1100a63,32.901623,2026-04-17T15:06:09.523818+00:00,2026-04-17T15:06:42.425441+00:00,/home/barry/projects/github/Mixture-of-Prefetchers/artifacts/athena_traces/ligra_PageRankDelta.com-lj.ungraph.gcc_6.3.0_O3.drop_1250M.length_250M.champsimtrace.xz,/home/barry/projects/github/Mixture-of-Prefetchers/results/mop_lite_search/logs/ligra_PageRankDelta.com-lj.ungraph.gcc_6.3.0_O3.drop_1250M.length_250M__MoPLite.out,/home/barry/projects/github/Mixture-of-Prefetchers/results/mop_lite_search/logs/ligra_PageRankDelta.com-lj.ungraph.gcc_6.3.0_O3.drop_1250M.length_250M__MoPLite.err,/home/barry/projects/github/Mixture-of-Prefetchers/results/mop_lite_search/metrics/ligra_PageRankDelta.com-lj.ungraph.gcc_6.3.0_O3.drop_1250M.length_250M__MoPLite.json,,"--warmup_instructions=5000000 --simulation_instructions=10000000 --llc_replacement_type=ship --config=/home/barry/projects/github/Mixture-of-Prefetchers/external/athena/config/nopref.ini --rob_partition_size=64,128,320 --rob_frontal_partition_ids=0 --rob_dorsal_partition_ids=2 --dram_io_freq=400 --config=/home/barry/projects/github/Mixture-of-Prefetchers/external/athena/config/mop_lite.ini --mop_router_type=4 --mop_seed=1 --l2c_prefetcher_types=scooby --config=/home/barry/projects/github/Mixture-of-Prefetchers/external/athena/config/pythia.ini --l2c_prefetcher_types=spp_ppf_dev --config=/home/barry/projects/github/Mixture-of-Prefetchers/external/athena/config/spp_ppf_dev.ini --l2c_prefetcher_force_prefetch_at_llc=true",14772.0
legacy,ligra_CF.com-lj.ungraph.gcc_6.3.0_O3.drop_154750M.length_250M,LIGRA,train,Pythia,single,,,,,,0.48569,0.9797865687599605,1.0,0.49571,0.48569,1.0,165225.0,16.522498347750165,396695.0,396695.0,0.0,0.0,0.0,0.16617552527760623,0.0,0.0,0.0,0.0,0.0,0.0,0.0,0.0,0.0,0.0,174788.0,65921.0,165229.0,0.0,0.0,0.0,144596.0,213360.0,0.0,1.26,20589429.0,10000001.0,5000000,10000000,,,,,,search_mode,GS24473,5490cd9f7f689da7bf9a3be9cb9546d5a1100a63,82.254358,2026-04-17T15:05:22.906373+00:00,2026-04-17T15:06:45.160731+00:00,/home/barry/projects/github/Mixture-of-Prefetchers/artifacts/athena_traces/ligra_CF.com-lj.ungraph.gcc_6.3.0_O3.drop_154750M.length_250M.champsimtrace.xz,/home/barry/projects/github/Mixture-of-Prefetchers/results/mop_lite_search/logs/ligra_CF.com-lj.ungraph.gcc_6.3.0_O3.drop_154750M.length_250M__Pythia.out,/home/barry/projects/github/Mixture-of-Prefetchers/results/mop_lite_search/logs/ligra_CF.com-lj.ungraph.gcc_6.3.0_O3.drop_154750M.length_250M__Pythia.err,/home/barry/projects/github/Mixture-of-Prefetchers/results/mop_lite_search/metrics/ligra_CF.com-lj.ungraph.gcc_6.3.0_O3.drop_154750M.length_250M__Pythia.json,,"--warmup_instructions=5000000 --simulation_instructions=10000000 --llc_replacement_type=ship --config=/home/barry/projects/github/Mixture-of-Prefetchers/external/athena/config/nopref.ini --rob_partition_size=64,128,320 --rob_frontal_partition_ids=0 --rob_dorsal_partition_ids=2 --dram_io_freq=400 --l2c_prefetcher_types=scooby --config=/home/barry/projects/github/Mixture-of-Prefetchers/external/athena/config/pythia.ini --l2c_prefetcher_force_prefetch_at_llc=true",65921.0
legacy,ligra_PageRankDelta.com-lj.ungraph.gcc_6.3.0_O3.drop_1250M.length_250M,LIGRA,train,FixedSplit,router,FixedSplit,,Pythia,SPP+PPF,1,1.08215,1.0000092409484909,1.0,1.08214,1.08215,1.0,23488.0,2.3487988256005874,40960.0,40960.0,0.0,0.0,0.0,0.5005126953125,8860.0,30720.0,8858.0,30720.0,30720.0,30720.0,30.0,30.0,0.9997742663656884,1.0,23488.0,20501.0,23488.0,0.0,0.0,0.0,232.0,764.0,0.0,3.95,9240881.0,10000005.0,5000000,10000000,500000,2048,30,50,"1.0,0.25,1.0",search_mode,GS24473,5490cd9f7f689da7bf9a3be9cb9546d5a1100a63,30.50369,2026-04-17T15:06:16.554975+00:00,2026-04-17T15:06:47.058665+00:00,/home/barry/projects/github/Mixture-of-Prefetchers/artifacts/athena_traces/ligra_PageRankDelta.com-lj.ungraph.gcc_6.3.0_O3.drop_1250M.length_250M.champsimtrace.xz,/home/barry/projects/github/Mixture-of-Prefetchers/results/mop_lite_search/logs/ligra_PageRankDelta.com-lj.ungraph.gcc_6.3.0_O3.drop_1250M.length_250M__FixedSplit.out,/home/barry/projects/github/Mixture-of-Prefetchers/results/mop_lite_search/logs/ligra_PageRankDelta.com-lj.ungraph.gcc_6.3.0_O3.drop_1250M.length_250M__FixedSplit.err,/home/barry/projects/github/Mixture-of-Prefetchers/results/mop_lite_search/metrics/ligra_PageRankDelta.com-lj.ungraph.gcc_6.3.0_O3.drop_1250M.length_250M__FixedSplit.json,,"--warmup_instructions=5000000 --simulation_instructions=10000000 --llc_replacement_type=ship --config=/home/barry/projects/github/Mixture-of-Prefetchers/external/athena/config/nopref.ini --rob_partition_size=64,128,320 --rob_frontal_partition_ids=0 --rob_dorsal_partition_ids=2 --dram_io_freq=400 --config=/home/barry/projects/github/Mixture-of-Prefetchers/external/athena/config/mop_lite.ini --mop_router_type=0 --mop_seed=1 --l2c_prefetcher_types=scooby --config=/home/barry/projects/github/Mixture-of-Prefetchers/external/athena/config/pythia.ini --l2c_prefetcher_types=spp_ppf_dev --config=/home/barry/projects/github/Mixture-of-Prefetchers/external/athena/config/spp_ppf_dev.ini --l2c_prefetcher_force_prefetch_at_llc=true",20501.0
legacy,ligra_CF.com-lj.ungraph.gcc_6.3.0_O3.drop_154750M.length_250M,LIGRA,train,SMS,single,,,,,,0.46709,0.942264630529947,0.9617039675513187,0.49571,0.48569,1.0,165196.0,16.519598348040166,87862.0,87862.0,0.0,0.0,0.0,0.2737247046504746,0.0,0.0,0.0,0.0,0.0,0.0,0.0,0.0,0.0,0.0,174781.0,24050.0,165200.0,0.0,0.0,0.0,132053.0,198533.0,0.0,1.26,21409205.0,10000001.0,5000000,10000000,,,,,,search_mode,GS24473,5490cd9f7f689da7bf9a3be9cb9546d5a1100a63,78.008018,2026-04-17T15:05:30.996406+00:00,2026-04-17T15:06:49.004424+00:00,/home/barry/projects/github/Mixture-of-Prefetchers/artifacts/athena_traces/ligra_CF.com-lj.ungraph.gcc_6.3.0_O3.drop_154750M.length_250M.champsimtrace.xz,/home/barry/projects/github/Mixture-of-Prefetchers/results/mop_lite_search/logs/ligra_CF.com-lj.ungraph.gcc_6.3.0_O3.drop_154750M.length_250M__SMS.out,/home/barry/projects/github/Mixture-of-Prefetchers/results/mop_lite_search/logs/ligra_CF.com-lj.ungraph.gcc_6.3.0_O3.drop_154750M.length_250M__SMS.err,/home/barry/projects/github/Mixture-of-Prefetchers/results/mop_lite_search/metrics/ligra_CF.com-lj.ungraph.gcc_6.3.0_O3.drop_154750M.length_250M__SMS.json,,"--warmup_instructions=5000000 --simulation_instructions=10000000 --llc_replacement_type=ship --config=/home/barry/projects/github/Mixture-of-Prefetchers/external/athena/config/nopref.ini --rob_partition_size=64,128,320 --rob_frontal_partition_ids=0 --rob_dorsal_partition_ids=2 --dram_io_freq=400 --l2c_prefetcher_types=sms --config=/home/barry/projects/github/Mixture-of-Prefetchers/external/athena/config/sms.ini --l2c_prefetcher_force_prefetch_at_llc=true",24050.0
legacy,ligra_CF.com-lj.ungraph.gcc_6.3.0_O3.drop_154750M.length_250M,LIGRA,train,MoPLite,router,MoPLite,,Pythia,SPP+PPF,1,0.49403,0.9966109217082569,1.0171714468076345,0.49571,0.48569,1.0,165340.0,16.534,0.0,7454.0,0.0,0.0,0.0,0.0016098738932116983,3049.0,4405.0,2550.0,3684.0,6695.0,3545.0,5.0,4.0,0.8363397835355855,0.836322360953462,174779.0,12.0,165344.0,0.0,0.0,0.0,116688.0,158958.0,0.0,1.26,20241757.0,10000000.0,5000000,10000000,500000,2048,30,50,"1.0,0.25,1.0",search_mode,GS24473,5490cd9f7f689da7bf9a3be9cb9546d5a1100a63,79.008014,2026-04-17T15:05:33.012922+00:00,2026-04-17T15:06:52.020936+00:00,/home/barry/projects/github/Mixture-of-Prefetchers/artifacts/athena_traces/ligra_CF.com-lj.ungraph.gcc_6.3.0_O3.drop_154750M.length_250M.champsimtrace.xz,/home/barry/projects/github/Mixture-of-Prefetchers/results/mop_lite_search/logs/ligra_CF.com-lj.ungraph.gcc_6.3.0_O3.drop_154750M.length_250M__MoPLite.out,/home/barry/projects/github/Mixture-of-Prefetchers/results/mop_lite_search/logs/ligra_CF.com-lj.ungraph.gcc_6.3.0_O3.drop_154750M.length_250M__MoPLite.err,/home/barry/projects/github/Mixture-of-Prefetchers/results/mop_lite_search/metrics/ligra_CF.com-lj.ungraph.gcc_6.3.0_O3.drop_154750M.length_250M__MoPLite.json,,"--warmup_instructions=5000000 --simulation_instructions=10000000 --llc_replacement_type=ship --config=/home/barry/projects/github/Mixture-of-Prefetchers/external/athena/config/nopref.ini --rob_partition_size=64,128,320 --rob_frontal_partition_ids=0 --rob_dorsal_partition_ids=2 --dram_io_freq=400 --config=/home/barry/projects/github/Mixture-of-Prefetchers/external/athena/config/mop_lite.ini --mop_router_type=4 --mop_seed=1 --l2c_prefetcher_types=scooby --config=/home/barry/projects/github/Mixture-of-Prefetchers/external/athena/config/pythia.ini --l2c_prefetcher_types=spp_ppf_dev --config=/home/barry/projects/github/Mixture-of-Prefetchers/external/athena/config/spp_ppf_dev.ini --l2c_prefetcher_force_prefetch_at_llc=true",12.0
legacy,ligra_CF.com-lj.ungraph.gcc_6.3.0_O3.drop_154750M.length_250M,LIGRA,train,FixedSplit,router,FixedSplit,,Pythia,SPP+PPF,1,0.48748,0.9833975509874726,1.0036854783915667,0.49571,0.48569,1.0,165318.0,16.531798346820164,40960.0,40960.0,0.0,0.0,0.0,0.1651611328125,13136.0,28950.0,11051.0,23855.0,30720.0,30720.0,30.0,30.0,0.8412758830694276,0.8240069084628671,174782.0,6765.0,165322.0,0.0,0.0,0.0,126734.0,173769.0,0.0,1.26,20513835.0,10000001.0,5000000,10000000,500000,2048,30,50,"1.0,0.25,1.0",search_mode,GS24473,5490cd9f7f689da7bf9a3be9cb9546d5a1100a63,79.579319,2026-04-17T15:05:34.247660+00:00,2026-04-17T15:06:53.826979+00:00,/home/barry/projects/github/Mixture-of-Prefetchers/artifacts/athena_traces/ligra_CF.com-lj.ungraph.gcc_6.3.0_O3.drop_154750M.length_250M.champsimtrace.xz,/home/barry/projects/github/Mixture-of-Prefetchers/results/mop_lite_search/logs/ligra_CF.com-lj.ungraph.gcc_6.3.0_O3.drop_154750M.length_250M__FixedSplit.out,/home/barry/projects/github/Mixture-of-Prefetchers/results/mop_lite_search/logs/ligra_CF.com-lj.ungraph.gcc_6.3.0_O3.drop_154750M.length_250M__FixedSplit.err,/home/barry/projects/github/Mixture-of-Prefetchers/results/mop_lite_search/metrics/ligra_CF.com-lj.ungraph.gcc_6.3.0_O3.drop_154750M.length_250M__FixedSplit.json,,"--warmup_instructions=5000000 --simulation_instructions=10000000 --llc_replacement_type=ship --config=/home/barry/projects/github/Mixture-of-Prefetchers/external/athena/config/nopref.ini --rob_partition_size=64,128,320 --rob_frontal_partition_ids=0 --rob_dorsal_partition_ids=2 --dram_io_freq=400 --config=/home/barry/projects/github/Mixture-of-Prefetchers/external/athena/config/mop_lite.ini --mop_router_type=0 --mop_seed=1 --l2c_prefetcher_types=scooby --config=/home/barry/projects/github/Mixture-of-Prefetchers/external/athena/config/pythia.ini --l2c_prefetcher_types=spp_ppf_dev --config=/home/barry/projects/github/Mixture-of-Prefetchers/external/athena/config/spp_ppf_dev.ini --l2c_prefetcher_force_prefetch_at_llc=true",6765.0
legacy,ligra_CF.com-lj.ungraph.gcc_6.3.0_O3.drop_154750M.length_250M,LIGRA,train,SPP+PPF,single,,,,,,0.45941,0.926771701196264,0.9458914122176697,0.49571,0.48569,1.0,165256.0,16.525598347440166,159544.0,159544.0,0.0,0.0,0.0,0.22281000852429425,0.0,0.0,0.0,0.0,0.0,0.0,0.0,0.0,0.0,0.0,174781.0,35548.0,165260.0,0.0,0.0,0.0,156308.0,209453.0,0.0,1.26,21766869.0,10000001.0,5000000,10000000,,,,,,search_mode,GS24473,5490cd9f7f689da7bf9a3be9cb9546d5a1100a63,82.178564,2026-04-17T15:05:31.768467+00:00,2026-04-17T15:06:53.947031+00:00,/home/barry/projects/github/Mixture-of-Prefetchers/artifacts/athena_traces/ligra_CF.com-lj.ungraph.gcc_6.3.0_O3.drop_154750M.length_250M.champsimtrace.xz,/home/barry/projects/github/Mixture-of-Prefetchers/results/mop_lite_search/logs/ligra_CF.com-lj.ungraph.gcc_6.3.0_O3.drop_154750M.length_250M__SPPplusPPF.out,/home/barry/projects/github/Mixture-of-Prefetchers/results/mop_lite_search/logs/ligra_CF.com-lj.ungraph.gcc_6.3.0_O3.drop_154750M.length_250M__SPPplusPPF.err,/home/barry/projects/github/Mixture-of-Prefetchers/results/mop_lite_search/metrics/ligra_CF.com-lj.ungraph.gcc_6.3.0_O3.drop_154750M.length_250M__SPPplusPPF.json,,"--warmup_instructions=5000000 --simulation_instructions=10000000 --llc_replacement_type=ship --config=/home/barry/projects/github/Mixture-of-Prefetchers/external/athena/config/nopref.ini --rob_partition_size=64,128,320 --rob_frontal_partition_ids=0 --rob_dorsal_partition_ids=2 --dram_io_freq=400 --l2c_prefetcher_types=spp_ppf_dev --config=/home/barry/projects/github/Mixture-of-Prefetchers/external/athena/config/spp_ppf_dev.ini --l2c_prefetcher_force_prefetch_at_llc=true",35548.0
legacy,ligra_PageRankDelta.com-lj.ungraph.gcc_6.3.0_O3.drop_1250M.length_250M,LIGRA,train,WinnerTakeAll,router,WinnerTakeAll,,Pythia,SPP+PPF,1,1.08215,1.0000092409484909,1.0,1.08214,1.08215,1.0,23488.0,2.3487988256005874,40960.0,40960.0,0.0,0.0,0.0,0.287158203125,17354.0,1024.0,17352.0,1024.0,61440.0,0.0,30.0,0.0,0.9998847527947448,1.0,23488.0,11762.0,23488.0,0.0,0.0,0.0,208.0,858.0,0.0,3.95,9240881.0,10000005.0,5000000,10000000,500000,2048,30,50,"1.0,0.25,1.0",search_mode,GS24473,5490cd9f7f689da7bf9a3be9cb9546d5a1100a63,30.387586,2026-04-17T15:06:23.934161+00:00,2026-04-17T15:06:54.321747+00:00,/home/barry/projects/github/Mixture-of-Prefetchers/artifacts/athena_traces/ligra_PageRankDelta.com-lj.ungraph.gcc_6.3.0_O3.drop_1250M.length_250M.champsimtrace.xz,/home/barry/projects/github/Mixture-of-Prefetchers/results/mop_lite_search/logs/ligra_PageRankDelta.com-lj.ungraph.gcc_6.3.0_O3.drop_1250M.length_250M__WinnerTakeAll.out,/home/barry/projects/github/Mixture-of-Prefetchers/results/mop_lite_search/logs/ligra_PageRankDelta.com-lj.ungraph.gcc_6.3.0_O3.drop_1250M.length_250M__WinnerTakeAll.err,/home/barry/projects/github/Mixture-of-Prefetchers/results/mop_lite_search/metrics/ligra_PageRankDelta.com-lj.ungraph.gcc_6.3.0_O3.drop_1250M.length_250M__WinnerTakeAll.json,,"--warmup_instructions=5000000 --simulation_instructions=10000000 --llc_replacement_type=ship --config=/home/barry/projects/github/Mixture-of-Prefetchers/external/athena/config/nopref.ini --rob_partition_size=64,128,320 --rob_frontal_partition_ids=0 --rob_dorsal_partition_ids=2 --dram_io_freq=400 --config=/home/barry/projects/github/Mixture-of-Prefetchers/external/athena/config/mop_lite.ini --mop_router_type=1 --mop_seed=1 --l2c_prefetcher_types=scooby --config=/home/barry/projects/github/Mixture-of-Prefetchers/external/athena/config/pythia.ini --l2c_prefetcher_types=spp_ppf_dev --config=/home/barry/projects/github/Mixture-of-Prefetchers/external/athena/config/spp_ppf_dev.ini --l2c_prefetcher_force_prefetch_at_llc=true",11762.0
legacy,ligra_CF.com-lj.ungraph.gcc_6.3.0_O3.drop_154750M.length_250M,LIGRA,train,MLOP,single,,,,,,0.29162,0.5882875068084162,0.6004241388540015,0.49571,0.48569,1.0,165319.0,16.531898346810166,330626.0,330626.0,0.0,0.0,0.0,0.27205664406308033,0.0,0.0,0.0,0.0,0.0,0.0,0.0,0.0,0.0,0.0,174788.0,89949.0,165323.0,0.0,0.0,0.0,150452.0,394815.0,0.0,1.26,34291067.0,10000001.0,5000000,10000000,,,,,,search_mode,GS24473,5490cd9f7f689da7bf9a3be9cb9546d5a1100a63,96.960606,2026-04-17T15:05:20.330758+00:00,2026-04-17T15:06:57.291364+00:00,/home/barry/projects/github/Mixture-of-Prefetchers/artifacts/athena_traces/ligra_CF.com-lj.ungraph.gcc_6.3.0_O3.drop_154750M.length_250M.champsimtrace.xz,/home/barry/projects/github/Mixture-of-Prefetchers/results/mop_lite_search/logs/ligra_CF.com-lj.ungraph.gcc_6.3.0_O3.drop_154750M.length_250M__MLOP.out,/home/barry/projects/github/Mixture-of-Prefetchers/results/mop_lite_search/logs/ligra_CF.com-lj.ungraph.gcc_6.3.0_O3.drop_154750M.length_250M__MLOP.err,/home/barry/projects/github/Mixture-of-Prefetchers/results/mop_lite_search/metrics/ligra_CF.com-lj.ungraph.gcc_6.3.0_O3.drop_154750M.length_250M__MLOP.json,,"--warmup_instructions=5000000 --simulation_instructions=10000000 --llc_replacement_type=ship --config=/home/barry/projects/github/Mixture-of-Prefetchers/external/athena/config/nopref.ini --rob_partition_size=64,128,320 --rob_frontal_partition_ids=0 --rob_dorsal_partition_ids=2 --dram_io_freq=400 --l2c_prefetcher_types=mlop --config=/home/barry/projects/github/Mixture-of-Prefetchers/external/athena/config/mlop.ini --l2c_prefetcher_force_prefetch_at_llc=true",89949.0
legacy,ligra_CF.com-lj.ungraph.gcc_6.3.0_O3.drop_154750M.length_250M,LIGRA,train,WinnerTakeAll,router,WinnerTakeAll,,Pythia,SPP+PPF,1,0.48537,0.9791410300377238,0.9993411435277646,0.49571,0.48569,1.0,165311.0,16.531098346890165,40960.0,40960.0,0.0,0.0,0.0,0.2036865234375,13282.0,28018.0,11193.0,22514.0,32768.0,28672.0,16.0,14.0,0.8427194699593434,0.8035548575915483,174781.0,8343.0,165315.0,0.0,0.0,0.0,129019.0,177023.0,0.0,1.26,20602775.0,10000001.0,5000000,10000000,500000,2048,30,50,"1.0,0.25,1.0",search_mode,GS24473,5490cd9f7f689da7bf9a3be9cb9546d5a1100a63,82.620867,2026-04-17T15:05:34.921790+00:00,2026-04-17T15:06:57.542657+00:00,/home/barry/projects/github/Mixture-of-Prefetchers/artifacts/athena_traces/ligra_CF.com-lj.ungraph.gcc_6.3.0_O3.drop_154750M.length_250M.champsimtrace.xz,/home/barry/projects/github/Mixture-of-Prefetchers/results/mop_lite_search/logs/ligra_CF.com-lj.ungraph.gcc_6.3.0_O3.drop_154750M.length_250M__WinnerTakeAll.out,/home/barry/projects/github/Mixture-of-Prefetchers/results/mop_lite_search/logs/ligra_CF.com-lj.ungraph.gcc_6.3.0_O3.drop_154750M.length_250M__WinnerTakeAll.err,/home/barry/projects/github/Mixture-of-Prefetchers/results/mop_lite_search/metrics/ligra_CF.com-lj.ungraph.gcc_6.3.0_O3.drop_154750M.length_250M__WinnerTakeAll.json,,"--warmup_instructions=5000000 --simulation_instructions=10000000 --llc_replacement_type=ship --config=/home/barry/projects/github/Mixture-of-Prefetchers/external/athena/config/nopref.ini --rob_partition_size=64,128,320 --rob_frontal_partition_ids=0 --rob_dorsal_partition_ids=2 --dram_io_freq=400 --config=/home/barry/projects/github/Mixture-of-Prefetchers/external/athena/config/mop_lite.ini --mop_router_type=1 --mop_seed=1 --l2c_prefetcher_types=scooby --config=/home/barry/projects/github/Mixture-of-Prefetchers/external/athena/config/pythia.ini --l2c_prefetcher_types=spp_ppf_dev --config=/home/barry/projects/github/Mixture-of-Prefetchers/external/athena/config/spp_ppf_dev.ini --l2c_prefetcher_force_prefetch_at_llc=true",8343.0
legacy,ligra_PageRankDelta.com-lj.ungraph.gcc_6.3.0_O3.drop_1250M.length_250M,LIGRA,train,AthenaMAB,builtin,,AthenaMAB,Pythia,SPP+PPF,,1.08215,1.0000092409484909,1.0,1.08214,1.08215,1.0,23488.0,2.3488,83085.0,83085.0,0.0,0.0,0.0,0.23657699945838598,23157.0,23001.0,23087.0,22981.0,0.0,0.0,0.0,0.0,0.9969771559355702,0.9991304725881484,23488.0,19656.0,23488.0,0.0,0.0,0.0,208.0,1256.0,0.0,3.95,9240868.0,10000000.0,5000000,10000000,500000,,,,,search_mode,GS24473,5490cd9f7f689da7bf9a3be9cb9546d5a1100a63,28.231217,2026-04-17T15:06:33.055962+00:00,2026-04-17T15:07:01.287179+00:00,/home/barry/projects/github/Mixture-of-Prefetchers/artifacts/athena_traces/ligra_PageRankDelta.com-lj.ungraph.gcc_6.3.0_O3.drop_1250M.length_250M.champsimtrace.xz,/home/barry/projects/github/Mixture-of-Prefetchers/results/mop_lite_search/logs/ligra_PageRankDelta.com-lj.ungraph.gcc_6.3.0_O3.drop_1250M.length_250M__AthenaMAB.out,/home/barry/projects/github/Mixture-of-Prefetchers/results/mop_lite_search/logs/ligra_PageRankDelta.com-lj.ungraph.gcc_6.3.0_O3.drop_1250M.length_250M__AthenaMAB.err,/home/barry/projects/github/Mixture-of-Prefetchers/results/mop_lite_search/metrics/ligra_PageRankDelta.com-lj.ungraph.gcc_6.3.0_O3.drop_1250M.length_250M__AthenaMAB.json,,"--warmup_instructions=5000000 --simulation_instructions=10000000 --llc_replacement_type=ship --config=/home/barry/projects/github/Mixture-of-Prefetchers/external/athena/config/nopref.ini --rob_partition_size=64,128,320 --rob_frontal_partition_ids=0 --rob_dorsal_partition_ids=2 --dram_io_freq=400 --config=/home/barry/projects/github/Mixture-of-Prefetchers/external/athena/config/mop_lite_mab.ini --l2c_prefetcher_types=scooby --config=/home/barry/projects/github/Mixture-of-Prefetchers/external/athena/config/pythia.ini --l2c_prefetcher_types=spp_ppf_dev --config=/home/barry/projects/github/Mixture-of-Prefetchers/external/athena/config/spp_ppf_dev.ini --l2c_prefetcher_force_prefetch_at_llc=true",19656.0
legacy,ligra_CF.com-lj.ungraph.gcc_6.3.0_O3.drop_154750M.length_250M,LIGRA,train,AthenaMAB,builtin,,AthenaMAB,Pythia,SPP+PPF,,0.49529,0.9991527304270642,1.0197656941670612,0.49571,0.48569,1.0,165312.0,16.531198346880164,50519.0,50519.0,0.0,0.0,0.0,0.16150359270769413,48807.0,40929.0,39318.0,32129.0,0.0,0.0,0.0,0.0,0.8055811666359334,0.7849935253732072,174785.0,8159.0,165316.0,0.0,0.0,0.0,119887.0,161940.0,0.0,1.26,20190369.0,10000001.0,5000000,10000000,500000,,,,,search_mode,GS24473,5490cd9f7f689da7bf9a3be9cb9546d5a1100a63,77.383693,2026-04-17T15:05:46.024624+00:00,2026-04-17T15:07:03.408317+00:00,/home/barry/projects/github/Mixture-of-Prefetchers/artifacts/athena_traces/ligra_CF.com-lj.ungraph.gcc_6.3.0_O3.drop_154750M.length_250M.champsimtrace.xz,/home/barry/projects/github/Mixture-of-Prefetchers/results/mop_lite_search/logs/ligra_CF.com-lj.ungraph.gcc_6.3.0_O3.drop_154750M.length_250M__AthenaMAB.out,/home/barry/projects/github/Mixture-of-Prefetchers/results/mop_lite_search/logs/ligra_CF.com-lj.ungraph.gcc_6.3.0_O3.drop_154750M.length_250M__AthenaMAB.err,/home/barry/projects/github/Mixture-of-Prefetchers/results/mop_lite_search/metrics/ligra_CF.com-lj.ungraph.gcc_6.3.0_O3.drop_154750M.length_250M__AthenaMAB.json,,"--warmup_instructions=5000000 --simulation_instructions=10000000 --llc_replacement_type=ship --config=/home/barry/projects/github/Mixture-of-Prefetchers/external/athena/config/nopref.ini --rob_partition_size=64,128,320 --rob_frontal_partition_ids=0 --rob_dorsal_partition_ids=2 --dram_io_freq=400 --config=/home/barry/projects/github/Mixture-of-Prefetchers/external/athena/config/mop_lite_mab.ini --l2c_prefetcher_types=scooby --config=/home/barry/projects/github/Mixture-of-Prefetchers/external/athena/config/pythia.ini --l2c_prefetcher_types=spp_ppf_dev --config=/home/barry/projects/github/Mixture-of-Prefetchers/external/athena/config/spp_ppf_dev.ini --l2c_prefetcher_force_prefetch_at_llc=true",8159.0
legacy,secret_compute_fp_45,CVP,train,Baseline,baseline,,,,,,0.13502,1.0,0.8651246235663486,0.13502,0.15607,0.0,587899.0,58.78988236303529,0.0,0.0,0.0,0.0,0.0,0.0,0.0,0.0,0.0,0.0,0.0,0.0,0.0,0.0,0.0,0.0,587298.0,0.0,587954.0,0.0,0.0,0.0,332787.0,656712.0,0.0,0.34,74065725.0,10000003.0,5000000,10000000,,,,,,search_mode,GS24473,5490cd9f7f689da7bf9a3be9cb9546d5a1100a63,171.551509,2026-04-17T15:06:36.615609+00:00,2026-04-17T15:09:28.167118+00:00,/home/barry/projects/github/Mixture-of-Prefetchers/artifacts/athena_traces/compute_fp_45.champsim.gz,/home/barry/projects/github/Mixture-of-Prefetchers/results/mop_lite_search/logs/secret_compute_fp_45__Baseline.out,/home/barry/projects/github/Mixture-of-Prefetchers/results/mop_lite_search/logs/secret_compute_fp_45__Baseline.err,/home/barry/projects/github/Mixture-of-Prefetchers/results/mop_lite_search/metrics/secret_compute_fp_45__Baseline.json,,"--warmup_instructions=5000000 --simulation_instructions=10000000 --llc_replacement_type=ship --config=/home/barry/projects/github/Mixture-of-Prefetchers/external/athena/config/nopref.ini --rob_partition_size=64,128,320 --rob_frontal_partition_ids=0 --rob_dorsal_partition_ids=2 --dram_io_freq=400",0.0
legacy,secret_compute_fp_45,CVP,train,MLOP,single,,,,,,0.15901,1.1776773811287218,1.0188377010315885,0.13502,0.15607,1.0,587898.0,58.78978236306529,466230.0,466230.0,0.0,0.0,0.0,0.8826587735666945,0.0,0.0,0.0,0.0,0.0,0.0,0.0,0.0,0.0,0.0,587297.0,411522.0,587953.0,0.0,0.0,0.0,240354.0,692592.0,0.0,0.34,62889795.0,10000003.0,5000000,10000000,,,,,,search_mode,GS24473,5490cd9f7f689da7bf9a3be9cb9546d5a1100a63,169.400825,2026-04-17T15:06:39.181512+00:00,2026-04-17T15:09:28.582337+00:00,/home/barry/projects/github/Mixture-of-Prefetchers/artifacts/athena_traces/compute_fp_45.champsim.gz,/home/barry/projects/github/Mixture-of-Prefetchers/results/mop_lite_search/logs/secret_compute_fp_45__MLOP.out,/home/barry/projects/github/Mixture-of-Prefetchers/results/mop_lite_search/logs/secret_compute_fp_45__MLOP.err,/home/barry/projects/github/Mixture-of-Prefetchers/results/mop_lite_search/metrics/secret_compute_fp_45__MLOP.json,,"--warmup_instructions=5000000 --simulation_instructions=10000000 --llc_replacement_type=ship --config=/home/barry/projects/github/Mixture-of-Prefetchers/external/athena/config/nopref.ini --rob_partition_size=64,128,320 --rob_frontal_partition_ids=0 --rob_dorsal_partition_ids=2 --dram_io_freq=400 --l2c_prefetcher_types=mlop --config=/home/barry/projects/github/Mixture-of-Prefetchers/external/athena/config/mlop.ini --l2c_prefetcher_force_prefetch_at_llc=true",411522.0
legacy,secret_compute_fp_45,CVP,train,SMS,single,,,,,,0.13585,1.0061472374463043,0.8704427500480554,0.13502,0.15607,1.0,587900.0,58.789982363005294,114287.0,114287.0,0.0,0.0,0.0,0.6298704139578429,0.0,0.0,0.0,0.0,0.0,0.0,0.0,0.0,0.0,0.0,587299.0,71986.0,587955.0,0.0,0.0,0.0,314263.0,674690.0,0.0,0.34,73612902.0,10000003.0,5000000,10000000,,,,,,search_mode,GS24473,5490cd9f7f689da7bf9a3be9cb9546d5a1100a63,172.663784,2026-04-17T15:06:42.425482+00:00,2026-04-17T15:09:35.089266+00:00,/home/barry/projects/github/Mixture-of-Prefetchers/artifacts/athena_traces/compute_fp_45.champsim.gz,/home/barry/projects/github/Mixture-of-Prefetchers/results/mop_lite_search/logs/secret_compute_fp_45__SMS.out,/home/barry/projects/github/Mixture-of-Prefetchers/results/mop_lite_search/logs/secret_compute_fp_45__SMS.err,/home/barry/projects/github/Mixture-of-Prefetchers/results/mop_lite_search/metrics/secret_compute_fp_45__SMS.json,,"--warmup_instructions=5000000 --simulation_instructions=10000000 --llc_replacement_type=ship --config=/home/barry/projects/github/Mixture-of-Prefetchers/external/athena/config/nopref.ini --rob_partition_size=64,128,320 --rob_frontal_partition_ids=0 --rob_dorsal_partition_ids=2 --dram_io_freq=400 --l2c_prefetcher_types=sms --config=/home/barry/projects/github/Mixture-of-Prefetchers/external/athena/config/sms.ini --l2c_prefetcher_force_prefetch_at_llc=true",71986.0
legacy,secret_compute_fp_45,CVP,train,SPP+PPF,single,,,,,,0.15607,1.1559028292104871,1.0,0.13502,0.15607,1.0,587898.0,58.78978236306529,646287.0,646287.0,0.0,0.0,0.0,0.39221738948795193,0.0,0.0,0.0,0.0,0.0,0.0,0.0,0.0,0.0,0.0,587297.0,253485.0,587953.0,0.0,0.0,0.0,286580.0,696860.0,0.0,0.34,64072283.0,10000003.0,5000000,10000000,,,,,,search_mode,GS24473,5490cd9f7f689da7bf9a3be9cb9546d5a1100a63,171.989358,2026-04-17T15:06:45.160788+00:00,2026-04-17T15:09:37.150146+00:00,/home/barry/projects/github/Mixture-of-Prefetchers/artifacts/athena_traces/compute_fp_45.champsim.gz,/home/barry/projects/github/Mixture-of-Prefetchers/results/mop_lite_search/logs/secret_compute_fp_45__SPPplusPPF.out,/home/barry/projects/github/Mixture-of-Prefetchers/results/mop_lite_search/logs/secret_compute_fp_45__SPPplusPPF.err,/home/barry/projects/github/Mixture-of-Prefetchers/results/mop_lite_search/metrics/secret_compute_fp_45__SPPplusPPF.json,,"--warmup_instructions=5000000 --simulation_instructions=10000000 --llc_replacement_type=ship --config=/home/barry/projects/github/Mixture-of-Prefetchers/external/athena/config/nopref.ini --rob_partition_size=64,128,320 --rob_frontal_partition_ids=0 --rob_dorsal_partition_ids=2 --dram_io_freq=400 --l2c_prefetcher_types=spp_ppf_dev --config=/home/barry/projects/github/Mixture-of-Prefetchers/external/athena/config/spp_ppf_dev.ini --l2c_prefetcher_force_prefetch_at_llc=true",253485.0
legacy,secret_compute_fp_45,CVP,train,Pythia,single,,,,,,0.15546,1.1513849800029625,0.9960914974050106,0.13502,0.15607,1.0,587898.0,58.78978236306529,1865116.0,1865116.0,0.0,0.0,0.0,0.18253020187484317,0.0,0.0,0.0,0.0,0.0,0.0,0.0,0.0,0.0,0.0,587297.0,340440.0,587953.0,0.0,0.0,0.0,272286.0,724568.0,0.0,0.34,64326729.0,10000003.0,5000000,10000000,,,,,,search_mode,GS24473,5490cd9f7f689da7bf9a3be9cb9546d5a1100a63,180.47491,2026-04-17T15:06:39.273806+00:00,2026-04-17T15:09:39.748716+00:00,/home/barry/projects/github/Mixture-of-Prefetchers/artifacts/athena_traces/compute_fp_45.champsim.gz,/home/barry/projects/github/Mixture-of-Prefetchers/results/mop_lite_search/logs/secret_compute_fp_45__Pythia.out,/home/barry/projects/github/Mixture-of-Prefetchers/results/mop_lite_search/logs/secret_compute_fp_45__Pythia.err,/home/barry/projects/github/Mixture-of-Prefetchers/results/mop_lite_search/metrics/secret_compute_fp_45__Pythia.json,,"--warmup_instructions=5000000 --simulation_instructions=10000000 --llc_replacement_type=ship --config=/home/barry/projects/github/Mixture-of-Prefetchers/external/athena/config/nopref.ini --rob_partition_size=64,128,320 --rob_frontal_partition_ids=0 --rob_dorsal_partition_ids=2 --dram_io_freq=400 --l2c_prefetcher_types=scooby --config=/home/barry/projects/github/Mixture-of-Prefetchers/external/athena/config/pythia.ini --l2c_prefetcher_force_prefetch_at_llc=true",340440.0
legacy,secret_compute_int_568,CVP,train,Baseline,baseline,,,,,,0.08659,1.0,1.0283847980997625,0.08659,0.0842,0.0,780337.0,78.03368439326312,0.0,0.0,0.0,0.0,0.0,0.0,0.0,0.0,0.0,0.0,0.0,0.0,0.0,0.0,0.0,0.0,1203128.0,0.0,794231.0,0.0,0.0,0.0,517063.0,179418.0,0.0,9.25,115480811.0,10000002.0,5000000,10000000,,,,,,search_mode,GS24473,5490cd9f7f689da7bf9a3be9cb9546d5a1100a63,168.443575,2026-04-17T15:06:53.947100+00:00,2026-04-17T15:09:42.390675+00:00,/home/barry/projects/github/Mixture-of-Prefetchers/artifacts/athena_traces/compute_int_568.champsim.gz,/home/barry/projects/github/Mixture-of-Prefetchers/results/mop_lite_search/logs/secret_compute_int_568__Baseline.out,/home/barry/projects/github/Mixture-of-Prefetchers/results/mop_lite_search/logs/secret_compute_int_568__Baseline.err,/home/barry/projects/github/Mixture-of-Prefetchers/results/mop_lite_search/metrics/secret_compute_int_568__Baseline.json,,"--warmup_instructions=5000000 --simulation_instructions=10000000 --llc_replacement_type=ship --config=/home/barry/projects/github/Mixture-of-Prefetchers/external/athena/config/nopref.ini --rob_partition_size=64,128,320 --rob_frontal_partition_ids=0 --rob_dorsal_partition_ids=2 --dram_io_freq=400",0.0
legacy,secret_compute_fp_45,CVP,train,MoPLite,router,MoPLite,,Pythia,SPP+PPF,1,0.1347,0.9976299807435934,0.8630742615493048,0.13502,0.15607,1.0,587899.0,58.78988236303529,38263.0,38263.0,0.0,0.0,0.0,0.20032407286412462,13046.0,21571.0,12434.0,21948.0,37125.0,24315.0,30.0,30.0,0.9530890694465737,1.0174771684205646,587298.0,7665.0,587954.0,0.0,0.0,0.0,332642.0,659491.0,0.0,0.34,74238243.0,10000003.0,5000000,10000000,500000,2048,30,50,"1.0,0.25,1.0",search_mode,GS24473,5490cd9f7f689da7bf9a3be9cb9546d5a1100a63,182.480814,2026-04-17T15:06:47.058726+00:00,2026-04-17T15:09:49.539540+00:00,/home/barry/projects/github/Mixture-of-Prefetchers/artifacts/athena_traces/compute_fp_45.champsim.gz,/home/barry/projects/github/Mixture-of-Prefetchers/results/mop_lite_search/logs/secret_compute_fp_45__MoPLite.out,/home/barry/projects/github/Mixture-of-Prefetchers/results/mop_lite_search/logs/secret_compute_fp_45__MoPLite.err,/home/barry/projects/github/Mixture-of-Prefetchers/results/mop_lite_search/metrics/secret_compute_fp_45__MoPLite.json,,"--warmup_instructions=5000000 --simulation_instructions=10000000 --llc_replacement_type=ship --config=/home/barry/projects/github/Mixture-of-Prefetchers/external/athena/config/nopref.ini --rob_partition_size=64,128,320 --rob_frontal_partition_ids=0 --rob_dorsal_partition_ids=2 --dram_io_freq=400 --config=/home/barry/projects/github/Mixture-of-Prefetchers/external/athena/config/mop_lite.ini --mop_router_type=4 --mop_seed=1 --l2c_prefetcher_types=scooby --config=/home/barry/projects/github/Mixture-of-Prefetchers/external/athena/config/pythia.ini --l2c_prefetcher_types=spp_ppf_dev --config=/home/barry/projects/github/Mixture-of-Prefetchers/external/athena/config/spp_ppf_dev.ini --l2c_prefetcher_force_prefetch_at_llc=true",7665.0
legacy,secret_compute_fp_45,CVP,train,FixedSplit,router,FixedSplit,,Pythia,SPP+PPF,1,0.13503,1.0000740631017628,0.8651886973793812,0.13502,0.15607,1.0,587899.0,58.78988236303529,38902.0,38902.0,0.0,0.0,0.0,0.25034702585985297,11274.0,27253.0,11079.0,27407.0,30720.0,30720.0,30.0,30.0,0.9827035657264502,1.0056507540454263,587298.0,9739.0,587954.0,0.0,0.0,0.0,333350.0,660647.0,0.0,0.34,74058077.0,10000003.0,5000000,10000000,500000,2048,30,50,"1.0,0.25,1.0",search_mode,GS24473,5490cd9f7f689da7bf9a3be9cb9546d5a1100a63,182.191744,2026-04-17T15:06:49.004510+00:00,2026-04-17T15:09:51.196254+00:00,/home/barry/projects/github/Mixture-of-Prefetchers/artifacts/athena_traces/compute_fp_45.champsim.gz,/home/barry/projects/github/Mixture-of-Prefetchers/results/mop_lite_search/logs/secret_compute_fp_45__FixedSplit.out,/home/barry/projects/github/Mixture-of-Prefetchers/results/mop_lite_search/logs/secret_compute_fp_45__FixedSplit.err,/home/barry/projects/github/Mixture-of-Prefetchers/results/mop_lite_search/metrics/secret_compute_fp_45__FixedSplit.json,,"--warmup_instructions=5000000 --simulation_instructions=10000000 --llc_replacement_type=ship --config=/home/barry/projects/github/Mixture-of-Prefetchers/external/athena/config/nopref.ini --rob_partition_size=64,128,320 --rob_frontal_partition_ids=0 --rob_dorsal_partition_ids=2 --dram_io_freq=400 --config=/home/barry/projects/github/Mixture-of-Prefetchers/external/athena/config/mop_lite.ini --mop_router_type=0 --mop_seed=1 --l2c_prefetcher_types=scooby --config=/home/barry/projects/github/Mixture-of-Prefetchers/external/athena/config/pythia.ini --l2c_prefetcher_types=spp_ppf_dev --config=/home/barry/projects/github/Mixture-of-Prefetchers/external/athena/config/spp_ppf_dev.ini --l2c_prefetcher_force_prefetch_at_llc=true",9739.0
legacy,secret_compute_fp_45,CVP,train,WinnerTakeAll,router,WinnerTakeAll,,Pythia,SPP+PPF,1,0.13553,1.0037772181898978,0.8683923880310118,0.13502,0.15607,1.0,587899.0,58.78988236303529,39393.0,39393.0,0.0,0.0,0.0,0.3052318939913183,9904.0,28099.0,9417.0,28409.0,28672.0,32768.0,14.0,16.0,0.9508279483037156,1.0110324210826007,587298.0,12024.0,587954.0,0.0,0.0,0.0,330961.0,661976.0,0.0,0.34,73783926.0,10000003.0,5000000,10000000,500000,2048,30,50,"1.0,0.25,1.0",search_mode,GS24473,5490cd9f7f689da7bf9a3be9cb9546d5a1100a63,181.580962,2026-04-17T15:06:52.021006+00:00,2026-04-17T15:09:53.601968+00:00,/home/barry/projects/github/Mixture-of-Prefetchers/artifacts/athena_traces/compute_fp_45.champsim.gz,/home/barry/projects/github/Mixture-of-Prefetchers/results/mop_lite_search/logs/secret_compute_fp_45__WinnerTakeAll.out,/home/barry/projects/github/Mixture-of-Prefetchers/results/mop_lite_search/logs/secret_compute_fp_45__WinnerTakeAll.err,/home/barry/projects/github/Mixture-of-Prefetchers/results/mop_lite_search/metrics/secret_compute_fp_45__WinnerTakeAll.json,,"--warmup_instructions=5000000 --simulation_instructions=10000000 --llc_replacement_type=ship --config=/home/barry/projects/github/Mixture-of-Prefetchers/external/athena/config/nopref.ini --rob_partition_size=64,128,320 --rob_frontal_partition_ids=0 --rob_dorsal_partition_ids=2 --dram_io_freq=400 --config=/home/barry/projects/github/Mixture-of-Prefetchers/external/athena/config/mop_lite.ini --mop_router_type=1 --mop_seed=1 --l2c_prefetcher_types=scooby --config=/home/barry/projects/github/Mixture-of-Prefetchers/external/athena/config/pythia.ini --l2c_prefetcher_types=spp_ppf_dev --config=/home/barry/projects/github/Mixture-of-Prefetchers/external/athena/config/spp_ppf_dev.ini --l2c_prefetcher_force_prefetch_at_llc=true",12024.0
legacy,secret_compute_fp_45,CVP,train,AthenaMAB,builtin,,AthenaMAB,Pythia,SPP+PPF,,0.13819,1.0234780032587765,0.885436022297687,0.13502,0.15607,1.0,587899.0,58.78988236303529,247698.0,247698.0,0.0,0.0,0.0,0.20000565204402135,186090.0,171291.0,172080.0,164483.0,0.0,0.0,0.0,0.0,0.9247138481379977,0.9602547711204908,587298.0,49541.0,587954.0,0.0,0.0,0.0,322528.0,664549.0,0.0,0.34,72362476.0,10000003.0,5000000,10000000,500000,,,,,search_mode,GS24473,5490cd9f7f689da7bf9a3be9cb9546d5a1100a63,182.866177,2026-04-17T15:06:53.827044+00:00,2026-04-17T15:09:56.693221+00:00,/home/barry/projects/github/Mixture-of-Prefetchers/artifacts/athena_traces/compute_fp_45.champsim.gz,/home/barry/projects/github/Mixture-of-Prefetchers/results/mop_lite_search/logs/secret_compute_fp_45__AthenaMAB.out,/home/barry/projects/github/Mixture-of-Prefetchers/results/mop_lite_search/logs/secret_compute_fp_45__AthenaMAB.err,/home/barry/projects/github/Mixture-of-Prefetchers/results/mop_lite_search/metrics/secret_compute_fp_45__AthenaMAB.json,,"--warmup_instructions=5000000 --simulation_instructions=10000000 --llc_replacement_type=ship --config=/home/barry/projects/github/Mixture-of-Prefetchers/external/athena/config/nopref.ini --rob_partition_size=64,128,320 --rob_frontal_partition_ids=0 --rob_dorsal_partition_ids=2 --dram_io_freq=400 --config=/home/barry/projects/github/Mixture-of-Prefetchers/external/athena/config/mop_lite_mab.ini --l2c_prefetcher_types=scooby --config=/home/barry/projects/github/Mixture-of-Prefetchers/external/athena/config/pythia.ini --l2c_prefetcher_types=spp_ppf_dev --config=/home/barry/projects/github/Mixture-of-Prefetchers/external/athena/config/spp_ppf_dev.ini --l2c_prefetcher_force_prefetch_at_llc=true",49541.0
legacy,secret_compute_int_568,CVP,train,SPP+PPF,single,,,,,,0.0816,0.9423720983947339,0.9691211401425179,0.08659,0.0842,1.0,782494.0,78.2494,662754.0,662754.0,0.0,0.0,0.0,0.1196145176038168,0.0,0.0,0.0,0.0,0.0,0.0,0.0,0.0,0.0,0.0,1203105.0,79275.0,796398.0,0.0,0.0,0.0,759155.0,579602.0,0.0,9.25,122549017.0,10000000.0,5000000,10000000,,,,,,search_mode,GS24473,5490cd9f7f689da7bf9a3be9cb9546d5a1100a63,189.243905,2026-04-17T15:07:01.287227+00:00,2026-04-17T15:10:10.531132+00:00,/home/barry/projects/github/Mixture-of-Prefetchers/artifacts/athena_traces/compute_int_568.champsim.gz,/home/barry/projects/github/Mixture-of-Prefetchers/results/mop_lite_search/logs/secret_compute_int_568__SPPplusPPF.out,/home/barry/projects/github/Mixture-of-Prefetchers/results/mop_lite_search/logs/secret_compute_int_568__SPPplusPPF.err,/home/barry/projects/github/Mixture-of-Prefetchers/results/mop_lite_search/metrics/secret_compute_int_568__SPPplusPPF.json,,"--warmup_instructions=5000000 --simulation_instructions=10000000 --llc_replacement_type=ship --config=/home/barry/projects/github/Mixture-of-Prefetchers/external/athena/config/nopref.ini --rob_partition_size=64,128,320 --rob_frontal_partition_ids=0 --rob_dorsal_partition_ids=2 --dram_io_freq=400 --l2c_prefetcher_types=spp_ppf_dev --config=/home/barry/projects/github/Mixture-of-Prefetchers/external/athena/config/spp_ppf_dev.ini --l2c_prefetcher_force_prefetch_at_llc=true",79275.0
legacy,secret_compute_int_568,CVP,train,Pythia,single,,,,,,0.0842,0.9723986603533895,1.0,0.08659,0.0842,1.0,779363.0,77.9363,343988.0,343988.0,0.0,0.0,0.0,0.10760840494435853,0.0,0.0,0.0,0.0,0.0,0.0,0.0,0.0,0.0,0.0,1203106.0,37016.0,793254.0,0.0,0.0,0.0,641781.0,382292.0,0.0,9.25,118763137.0,10000000.0,5000000,10000000,,,,,,search_mode,GS24473,5490cd9f7f689da7bf9a3be9cb9546d5a1100a63,194.225363,2026-04-17T15:06:57.291410+00:00,2026-04-17T15:10:11.516773+00:00,/home/barry/projects/github/Mixture-of-Prefetchers/artifacts/athena_traces/compute_int_568.champsim.gz,/home/barry/projects/github/Mixture-of-Prefetchers/results/mop_lite_search/logs/secret_compute_int_568__Pythia.out,/home/barry/projects/github/Mixture-of-Prefetchers/results/mop_lite_search/logs/secret_compute_int_568__Pythia.err,/home/barry/projects/github/Mixture-of-Prefetchers/results/mop_lite_search/metrics/secret_compute_int_568__Pythia.json,,"--warmup_instructions=5000000 --simulation_instructions=10000000 --llc_replacement_type=ship --config=/home/barry/projects/github/Mixture-of-Prefetchers/external/athena/config/nopref.ini --rob_partition_size=64,128,320 --rob_frontal_partition_ids=0 --rob_dorsal_partition_ids=2 --dram_io_freq=400 --l2c_prefetcher_types=scooby --config=/home/barry/projects/github/Mixture-of-Prefetchers/external/athena/config/pythia.ini --l2c_prefetcher_force_prefetch_at_llc=true",37016.0
legacy,secret_compute_int_568,CVP,train,MoPLite,router,MoPLite,,Pythia,SPP+PPF,1,0.08624,0.9959579628132579,1.024228028503563,0.08659,0.0842,1.0,780001.0,78.00008439998312,0.0,7812.0,0.0,0.0,0.0,0.0,3623.0,4189.0,3874.0,4129.0,2652.0,3492.0,2.0,3.0,1.069279602539332,0.9856767724994032,1203113.0,0.0,793823.0,0.0,0.0,0.0,520244.0,185403.0,0.0,9.25,115951259.0,10000002.0,5000000,10000000,500000,2048,30,50,"1.0,0.25,1.0",search_mode,GS24473,5490cd9f7f689da7bf9a3be9cb9546d5a1100a63,188.262124,2026-04-17T15:07:03.408526+00:00,2026-04-17T15:10:11.670650+00:00,/home/barry/projects/github/Mixture-of-Prefetchers/artifacts/athena_traces/compute_int_568.champsim.gz,/home/barry/projects/github/Mixture-of-Prefetchers/results/mop_lite_search/logs/secret_compute_int_568__MoPLite.out,/home/barry/projects/github/Mixture-of-Prefetchers/results/mop_lite_search/logs/secret_compute_int_568__MoPLite.err,/home/barry/projects/github/Mixture-of-Prefetchers/results/mop_lite_search/metrics/secret_compute_int_568__MoPLite.json,,"--warmup_instructions=5000000 --simulation_instructions=10000000 --llc_replacement_type=ship --config=/home/barry/projects/github/Mixture-of-Prefetchers/external/athena/config/nopref.ini --rob_partition_size=64,128,320 --rob_frontal_partition_ids=0 --rob_dorsal_partition_ids=2 --dram_io_freq=400 --config=/home/barry/projects/github/Mixture-of-Prefetchers/external/athena/config/mop_lite.ini --mop_router_type=4 --mop_seed=1 --l2c_prefetcher_types=scooby --config=/home/barry/projects/github/Mixture-of-Prefetchers/external/athena/config/pythia.ini --l2c_prefetcher_types=spp_ppf_dev --config=/home/barry/projects/github/Mixture-of-Prefetchers/external/athena/config/spp_ppf_dev.ini --l2c_prefetcher_force_prefetch_at_llc=true",0.0
legacy,secret_compute_int_568,CVP,train,MLOP,single,,,,,,0.07789,0.8995265042152674,0.925059382422803,0.08659,0.0842,1.0,779729.0,77.9729,674341.0,674341.0,0.0,0.0,0.0,0.3308593130181911,0.0,0.0,0.0,0.0,0.0,0.0,0.0,0.0,0.0,0.0,1202821.0,223112.0,793569.0,0.0,0.0,0.0,927348.0,1068852.0,0.0,9.25,128390590.0,10000000.0,5000000,10000000,,,,,,search_mode,GS24473,5490cd9f7f689da7bf9a3be9cb9546d5a1100a63,203.448264,2026-04-17T15:06:54.321841+00:00,2026-04-17T15:10:17.770105+00:00,/home/barry/projects/github/Mixture-of-Prefetchers/artifacts/athena_traces/compute_int_568.champsim.gz,/home/barry/projects/github/Mixture-of-Prefetchers/results/mop_lite_search/logs/secret_compute_int_568__MLOP.out,/home/barry/projects/github/Mixture-of-Prefetchers/results/mop_lite_search/logs/secret_compute_int_568__MLOP.err,/home/barry/projects/github/Mixture-of-Prefetchers/results/mop_lite_search/metrics/secret_compute_int_568__MLOP.json,,"--warmup_instructions=5000000 --simulation_instructions=10000000 --llc_replacement_type=ship --config=/home/barry/projects/github/Mixture-of-Prefetchers/external/athena/config/nopref.ini --rob_partition_size=64,128,320 --rob_frontal_partition_ids=0 --rob_dorsal_partition_ids=2 --dram_io_freq=400 --l2c_prefetcher_types=mlop --config=/home/barry/projects/github/Mixture-of-Prefetchers/external/athena/config/mlop.ini --l2c_prefetcher_force_prefetch_at_llc=true",223112.0
legacy,secret_compute_int_568,CVP,train,SMS,single,,,,,,0.0746,0.8615313546598914,0.8859857482185274,0.08659,0.0842,1.0,772991.0,77.29908454018309,1187893.0,1187893.0,0.0,0.0,0.0,0.06557408790185648,0.0,0.0,0.0,0.0,0.0,0.0,0.0,0.0,0.0,0.0,1203153.0,77895.0,786796.0,0.0,0.0,0.0,876433.0,756758.0,0.0,9.25,134054809.0,10000002.0,5000000,10000000,,,,,,search_mode,GS24473,5490cd9f7f689da7bf9a3be9cb9546d5a1100a63,203.337383,2026-04-17T15:06:57.542738+00:00,2026-04-17T15:10:20.880121+00:00,/home/barry/projects/github/Mixture-of-Prefetchers/artifacts/athena_traces/compute_int_568.champsim.gz,/home/barry/projects/github/Mixture-of-Prefetchers/results/mop_lite_search/logs/secret_compute_int_568__SMS.out,/home/barry/projects/github/Mixture-of-Prefetchers/results/mop_lite_search/logs/secret_compute_int_568__SMS.err,/home/barry/projects/github/Mixture-of-Prefetchers/results/mop_lite_search/metrics/secret_compute_int_568__SMS.json,,"--warmup_instructions=5000000 --simulation_instructions=10000000 --llc_replacement_type=ship --config=/home/barry/projects/github/Mixture-of-Prefetchers/external/athena/config/nopref.ini --rob_partition_size=64,128,320 --rob_frontal_partition_ids=0 --rob_dorsal_partition_ids=2 --dram_io_freq=400 --l2c_prefetcher_types=sms --config=/home/barry/projects/github/Mixture-of-Prefetchers/external/athena/config/sms.ini --l2c_prefetcher_force_prefetch_at_llc=true",77895.0
legacy,602.gcc_s-734B,SPEC,train,Baseline,baseline,,,,,,0.50667,1.0,0.6775474725862529,0.50667,0.7478,0.0,82631.0,8.263099173690083,0.0,0.0,0.0,0.0,0.0,0.0,0.0,0.0,0.0,0.0,0.0,0.0,0.0,0.0,0.0,0.0,163741.0,0.0,82689.0,0.0,0.0,0.0,6053.0,2769.0,0.0,0.4,19736606.0,10000001.0,5000000,10000000,,,,,,search_mode,GS24473,5490cd9f7f689da7bf9a3be9cb9546d5a1100a63,88.937249,2026-04-17T15:09:37.150188+00:00,2026-04-17T15:11:06.087437+00:00,/home/barry/projects/github/Mixture-of-Prefetchers/artifacts/athena_traces/602.gcc_s-734B.champsimtrace.xz,/home/barry/projects/github/Mixture-of-Prefetchers/results/mop_lite_search/logs/602.gcc_s-734B__Baseline.out,/home/barry/projects/github/Mixture-of-Prefetchers/results/mop_lite_search/logs/602.gcc_s-734B__Baseline.err,/home/barry/projects/github/Mixture-of-Prefetchers/results/mop_lite_search/metrics/602.gcc_s-734B__Baseline.json,,"--warmup_instructions=5000000 --simulation_instructions=10000000 --llc_replacement_type=ship --config=/home/barry/projects/github/Mixture-of-Prefetchers/external/athena/config/nopref.ini --rob_partition_size=64,128,320 --rob_frontal_partition_ids=0 --rob_dorsal_partition_ids=2 --dram_io_freq=400",0.0
legacy,602.gcc_s-734B,SPEC,train,MLOP,single,,,,,,0.69248,1.366727850474668,0.9260230008023536,0.50667,0.7478,1.0,82627.0,8.262699173730082,100391.0,100391.0,0.0,0.0,0.0,0.7832375412138538,0.0,0.0,0.0,0.0,0.0,0.0,0.0,0.0,0.0,0.0,163742.0,78630.0,82685.0,0.0,0.0,0.0,9370.0,67173.0,0.0,0.4,14440903.0,10000001.0,5000000,10000000,,,,,,search_mode,GS24473,5490cd9f7f689da7bf9a3be9cb9546d5a1100a63,86.423882,2026-04-17T15:09:39.748755+00:00,2026-04-17T15:11:06.172637+00:00,/home/barry/projects/github/Mixture-of-Prefetchers/artifacts/athena_traces/602.gcc_s-734B.champsimtrace.xz,/home/barry/projects/github/Mixture-of-Prefetchers/results/mop_lite_search/logs/602.gcc_s-734B__MLOP.out,/home/barry/projects/github/Mixture-of-Prefetchers/results/mop_lite_search/logs/602.gcc_s-734B__MLOP.err,/home/barry/projects/github/Mixture-of-Prefetchers/results/mop_lite_search/metrics/602.gcc_s-734B__MLOP.json,,"--warmup_instructions=5000000 --simulation_instructions=10000000 --llc_replacement_type=ship --config=/home/barry/projects/github/Mixture-of-Prefetchers/external/athena/config/nopref.ini --rob_partition_size=64,128,320 --rob_frontal_partition_ids=0 --rob_dorsal_partition_ids=2 --dram_io_freq=400 --l2c_prefetcher_types=mlop --config=/home/barry/projects/github/Mixture-of-Prefetchers/external/athena/config/mlop.ini --l2c_prefetcher_force_prefetch_at_llc=true",78630.0
legacy,602.gcc_s-734B,SPEC,train,Pythia,single,,,,,,0.7478,1.475911342688535,1.0,0.50667,0.7478,1.0,82605.0,8.260499173950082,560941.0,560941.0,0.0,0.0,0.0,0.13698232077883413,0.0,0.0,0.0,0.0,0.0,0.0,0.0,0.0,0.0,0.0,163742.0,76839.0,82663.0,0.0,0.0,0.0,8685.0,19262.0,0.0,0.4,13372493.0,10000001.0,5000000,10000000,,,,,,search_mode,GS24473,5490cd9f7f689da7bf9a3be9cb9546d5a1100a63,87.611301,2026-04-17T15:09:42.390718+00:00,2026-04-17T15:11:10.002019+00:00,/home/barry/projects/github/Mixture-of-Prefetchers/artifacts/athena_traces/602.gcc_s-734B.champsimtrace.xz,/home/barry/projects/github/Mixture-of-Prefetchers/results/mop_lite_search/logs/602.gcc_s-734B__Pythia.out,/home/barry/projects/github/Mixture-of-Prefetchers/results/mop_lite_search/logs/602.gcc_s-734B__Pythia.err,/home/barry/projects/github/Mixture-of-Prefetchers/results/mop_lite_search/metrics/602.gcc_s-734B__Pythia.json,,"--warmup_instructions=5000000 --simulation_instructions=10000000 --llc_replacement_type=ship --config=/home/barry/projects/github/Mixture-of-Prefetchers/external/athena/config/nopref.ini --rob_partition_size=64,128,320 --rob_frontal_partition_ids=0 --rob_dorsal_partition_ids=2 --dram_io_freq=400 --l2c_prefetcher_types=scooby --config=/home/barry/projects/github/Mixture-of-Prefetchers/external/athena/config/pythia.ini --l2c_prefetcher_force_prefetch_at_llc=true",76839.0
legacy,602.gcc_s-734B,SPEC,train,SPP+PPF,single,,,,,,0.73929,1.4591154005565754,0.9886199518587857,0.50667,0.7478,1.0,82608.0,8.260799173920082,159006.0,159006.0,0.0,0.0,0.0,0.45710224771392277,0.0,0.0,0.0,0.0,0.0,0.0,0.0,0.0,0.0,0.0,163742.0,72682.0,82666.0,0.0,0.0,0.0,7670.0,10305.0,0.0,0.4,13526446.0,10000001.0,5000000,10000000,,,,,,search_mode,GS24473,5490cd9f7f689da7bf9a3be9cb9546d5a1100a63,85.491934,2026-04-17T15:09:51.196304+00:00,2026-04-17T15:11:16.688238+00:00,/home/barry/projects/github/Mixture-of-Prefetchers/artifacts/athena_traces/602.gcc_s-734B.champsimtrace.xz,/home/barry/projects/github/Mixture-of-Prefetchers/results/mop_lite_search/logs/602.gcc_s-734B__SPPplusPPF.out,/home/barry/projects/github/Mixture-of-Prefetchers/results/mop_lite_search/logs/602.gcc_s-734B__SPPplusPPF.err,/home/barry/projects/github/Mixture-of-Prefetchers/results/mop_lite_search/metrics/602.gcc_s-734B__SPPplusPPF.json,,"--warmup_instructions=5000000 --simulation_instructions=10000000 --llc_replacement_type=ship --config=/home/barry/projects/github/Mixture-of-Prefetchers/external/athena/config/nopref.ini --rob_partition_size=64,128,320 --rob_frontal_partition_ids=0 --rob_dorsal_partition_ids=2 --dram_io_freq=400 --l2c_prefetcher_types=spp_ppf_dev --config=/home/barry/projects/github/Mixture-of-Prefetchers/external/athena/config/spp_ppf_dev.ini --l2c_prefetcher_force_prefetch_at_llc=true",72682.0
legacy,602.gcc_s-734B,SPEC,train,SMS,single,,,,,,0.5455,1.0766376536996467,0.7294731211553891,0.50667,0.7478,1.0,82605.0,8.260499173950082,39261.0,39261.0,0.0,0.0,0.0,0.5163903109956446,0.0,0.0,0.0,0.0,0.0,0.0,0.0,0.0,0.0,0.0,163741.0,20274.0,82663.0,0.0,0.0,0.0,6609.0,26939.0,0.0,0.4,18331843.0,10000001.0,5000000,10000000,,,,,,search_mode,GS24473,5490cd9f7f689da7bf9a3be9cb9546d5a1100a63,89.041315,2026-04-17T15:09:49.539587+00:00,2026-04-17T15:11:18.580902+00:00,/home/barry/projects/github/Mixture-of-Prefetchers/artifacts/athena_traces/602.gcc_s-734B.champsimtrace.xz,/home/barry/projects/github/Mixture-of-Prefetchers/results/mop_lite_search/logs/602.gcc_s-734B__SMS.out,/home/barry/projects/github/Mixture-of-Prefetchers/results/mop_lite_search/logs/602.gcc_s-734B__SMS.err,/home/barry/projects/github/Mixture-of-Prefetchers/results/mop_lite_search/metrics/602.gcc_s-734B__SMS.json,,"--warmup_instructions=5000000 --simulation_instructions=10000000 --llc_replacement_type=ship --config=/home/barry/projects/github/Mixture-of-Prefetchers/external/athena/config/nopref.ini --rob_partition_size=64,128,320 --rob_frontal_partition_ids=0 --rob_dorsal_partition_ids=2 --dram_io_freq=400 --l2c_prefetcher_types=sms --config=/home/barry/projects/github/Mixture-of-Prefetchers/external/athena/config/sms.ini --l2c_prefetcher_force_prefetch_at_llc=true",20274.0
legacy,602.gcc_s-734B,SPEC,train,MoPLite,router,MoPLite,,Pythia,SPP+PPF,1,0.52676,1.0396510549272704,0.7044129446376036,0.50667,0.7478,1.0,82622.0,8.262199173780083,40960.0,40960.0,0.0,0.0,0.0,0.219921875,9970.0,28386.0,35783.0,106813.0,32723.0,28717.0,30.0,30.0,3.5890672016048146,3.7628760656661733,163741.0,9008.0,82680.0,0.0,0.0,0.0,6378.0,4279.0,0.0,0.4,18983847.0,10000001.0,5000000,10000000,500000,2048,30,50,"1.0,0.25,1.0",search_mode,GS24473,5490cd9f7f689da7bf9a3be9cb9546d5a1100a63,93.753944,2026-04-17T15:09:53.602019+00:00,2026-04-17T15:11:27.355963+00:00,/home/barry/projects/github/Mixture-of-Prefetchers/artifacts/athena_traces/602.gcc_s-734B.champsimtrace.xz,/home/barry/projects/github/Mixture-of-Prefetchers/results/mop_lite_search/logs/602.gcc_s-734B__MoPLite.out,/home/barry/projects/github/Mixture-of-Prefetchers/results/mop_lite_search/logs/602.gcc_s-734B__MoPLite.err,/home/barry/projects/github/Mixture-of-Prefetchers/results/mop_lite_search/metrics/602.gcc_s-734B__MoPLite.json,,"--warmup_instructions=5000000 --simulation_instructions=10000000 --llc_replacement_type=ship --config=/home/barry/projects/github/Mixture-of-Prefetchers/external/athena/config/nopref.ini --rob_partition_size=64,128,320 --rob_frontal_partition_ids=0 --rob_dorsal_partition_ids=2 --dram_io_freq=400 --config=/home/barry/projects/github/Mixture-of-Prefetchers/external/athena/config/mop_lite.ini --mop_router_type=4 --mop_seed=1 --l2c_prefetcher_types=scooby --config=/home/barry/projects/github/Mixture-of-Prefetchers/external/athena/config/pythia.ini --l2c_prefetcher_types=spp_ppf_dev --config=/home/barry/projects/github/Mixture-of-Prefetchers/external/athena/config/spp_ppf_dev.ini --l2c_prefetcher_force_prefetch_at_llc=true",9008.0
legacy,602.gcc_s-734B,SPEC,train,FixedSplit,router,FixedSplit,,Pythia,SPP+PPF,1,0.52819,1.042473404780232,0.7063252206472319,0.50667,0.7478,1.0,82614.0,8.261399173860083,40960.0,40960.0,0.0,0.0,0.0,0.2316162109375,9315.0,30454.0,33732.0,114779.0,30720.0,30720.0,30.0,30.0,3.621256038647343,3.7689301897944443,163741.0,9487.0,82672.0,0.0,0.0,0.0,6198.0,4312.0,0.0,0.4,18932714.0,10000001.0,5000000,10000000,500000,2048,30,50,"1.0,0.25,1.0",search_mode,GS24473,5490cd9f7f689da7bf9a3be9cb9546d5a1100a63,92.671851,2026-04-17T15:09:56.693272+00:00,2026-04-17T15:11:29.365123+00:00,/home/barry/projects/github/Mixture-of-Prefetchers/artifacts/athena_traces/602.gcc_s-734B.champsimtrace.xz,/home/barry/projects/github/Mixture-of-Prefetchers/results/mop_lite_search/logs/602.gcc_s-734B__FixedSplit.out,/home/barry/projects/github/Mixture-of-Prefetchers/results/mop_lite_search/logs/602.gcc_s-734B__FixedSplit.err,/home/barry/projects/github/Mixture-of-Prefetchers/results/mop_lite_search/metrics/602.gcc_s-734B__FixedSplit.json,,"--warmup_instructions=5000000 --simulation_instructions=10000000 --llc_replacement_type=ship --config=/home/barry/projects/github/Mixture-of-Prefetchers/external/athena/config/nopref.ini --rob_partition_size=64,128,320 --rob_frontal_partition_ids=0 --rob_dorsal_partition_ids=2 --dram_io_freq=400 --config=/home/barry/projects/github/Mixture-of-Prefetchers/external/athena/config/mop_lite.ini --mop_router_type=0 --mop_seed=1 --l2c_prefetcher_types=scooby --config=/home/barry/projects/github/Mixture-of-Prefetchers/external/athena/config/pythia.ini --l2c_prefetcher_types=spp_ppf_dev --config=/home/barry/projects/github/Mixture-of-Prefetchers/external/athena/config/spp_ppf_dev.ini --l2c_prefetcher_force_prefetch_at_llc=true",9487.0
legacy,602.gcc_s-734B,SPEC,train,AthenaMAB,builtin,,AthenaMAB,Pythia,SPP+PPF,,0.69878,1.3791619791975054,0.9344477132923241,0.50667,0.7478,1.0,82613.0,8.261299173870082,577324.0,577324.0,0.0,0.0,0.0,0.11346488280411,98997.0,95199.0,155109.0,153838.0,0.0,0.0,0.0,0.0,1.5668050546986272,1.61596235254572,163742.0,65506.0,82671.0,0.0,0.0,0.0,8436.0,17657.0,0.0,0.4,14310715.0,10000001.0,5000000,10000000,500000,,,,,search_mode,GS24473,5490cd9f7f689da7bf9a3be9cb9546d5a1100a63,88.970926,2026-04-17T15:10:11.516866+00:00,2026-04-17T15:11:40.487792+00:00,/home/barry/projects/github/Mixture-of-Prefetchers/artifacts/athena_traces/602.gcc_s-734B.champsimtrace.xz,/home/barry/projects/github/Mixture-of-Prefetchers/results/mop_lite_search/logs/602.gcc_s-734B__AthenaMAB.out,/home/barry/projects/github/Mixture-of-Prefetchers/results/mop_lite_search/logs/602.gcc_s-734B__AthenaMAB.err,/home/barry/projects/github/Mixture-of-Prefetchers/results/mop_lite_search/metrics/602.gcc_s-734B__AthenaMAB.json,,"--warmup_instructions=5000000 --simulation_instructions=10000000 --llc_replacement_type=ship --config=/home/barry/projects/github/Mixture-of-Prefetchers/external/athena/config/nopref.ini --rob_partition_size=64,128,320 --rob_frontal_partition_ids=0 --rob_dorsal_partition_ids=2 --dram_io_freq=400 --config=/home/barry/projects/github/Mixture-of-Prefetchers/external/athena/config/mop_lite_mab.ini --l2c_prefetcher_types=scooby --config=/home/barry/projects/github/Mixture-of-Prefetchers/external/athena/config/pythia.ini --l2c_prefetcher_types=spp_ppf_dev --config=/home/barry/projects/github/Mixture-of-Prefetchers/external/athena/config/spp_ppf_dev.ini --l2c_prefetcher_force_prefetch_at_llc=true",65506.0
legacy,602.gcc_s-734B,SPEC,train,WinnerTakeAll,router,WinnerTakeAll,,Pythia,SPP+PPF,1,0.55207,1.0896046736534628,0.7382588927520727,0.50667,0.7478,1.0,82639.0,8.263899173610083,40960.0,40960.0,0.0,0.0,0.0,0.4663818359375,365.0,46896.0,1279.0,139841.0,0.0,61440.0,0.0,30.0,3.504109589041096,2.9819387581030363,163741.0,19103.0,82697.0,0.0,0.0,0.0,6421.0,4725.0,0.0,0.4,18113791.0,10000001.0,5000000,10000000,500000,2048,30,50,"1.0,0.25,1.0",search_mode,GS24473,5490cd9f7f689da7bf9a3be9cb9546d5a1100a63,91.233883,2026-04-17T15:10:10.531181+00:00,2026-04-17T15:11:41.765064+00:00,/home/barry/projects/github/Mixture-of-Prefetchers/artifacts/athena_traces/602.gcc_s-734B.champsimtrace.xz,/home/barry/projects/github/Mixture-of-Prefetchers/results/mop_lite_search/logs/602.gcc_s-734B__WinnerTakeAll.out,/home/barry/projects/github/Mixture-of-Prefetchers/results/mop_lite_search/logs/602.gcc_s-734B__WinnerTakeAll.err,/home/barry/projects/github/Mixture-of-Prefetchers/results/mop_lite_search/metrics/602.gcc_s-734B__WinnerTakeAll.json,,"--warmup_instructions=5000000 --simulation_instructions=10000000 --llc_replacement_type=ship --config=/home/barry/projects/github/Mixture-of-Prefetchers/external/athena/config/nopref.ini --rob_partition_size=64,128,320 --rob_frontal_partition_ids=0 --rob_dorsal_partition_ids=2 --dram_io_freq=400 --config=/home/barry/projects/github/Mixture-of-Prefetchers/external/athena/config/mop_lite.ini --mop_router_type=1 --mop_seed=1 --l2c_prefetcher_types=scooby --config=/home/barry/projects/github/Mixture-of-Prefetchers/external/athena/config/pythia.ini --l2c_prefetcher_types=spp_ppf_dev --config=/home/barry/projects/github/Mixture-of-Prefetchers/external/athena/config/spp_ppf_dev.ini --l2c_prefetcher_force_prefetch_at_llc=true",19103.0
legacy,605.mcf_s-472B,SPEC,train,Baseline,baseline,,,,,,0.25009,1.0,1.1869482676791645,0.25009,0.2107,0.0,434818.0,43.48178695546391,0.0,0.0,0.0,0.0,0.0,0.0,0.0,0.0,0.0,0.0,0.0,0.0,0.0,0.0,0.0,0.0,442154.0,0.0,457126.0,0.0,0.0,0.0,117220.0,243679.0,0.0,1.74,39986006.0,10000003.0,5000000,10000000,,,,,,search_mode,GS24473,5490cd9f7f689da7bf9a3be9cb9546d5a1100a63,108.915602,2026-04-17T15:10:11.670695+00:00,2026-04-17T15:12:00.586297+00:00,/home/barry/projects/github/Mixture-of-Prefetchers/artifacts/athena_traces/605.mcf_s-472B.champsimtrace.xz,/home/barry/projects/github/Mixture-of-Prefetchers/results/mop_lite_search/logs/605.mcf_s-472B__Baseline.out,/home/barry/projects/github/Mixture-of-Prefetchers/results/mop_lite_search/logs/605.mcf_s-472B__Baseline.err,/home/barry/projects/github/Mixture-of-Prefetchers/results/mop_lite_search/metrics/605.mcf_s-472B__Baseline.json,,"--warmup_instructions=5000000 --simulation_instructions=10000000 --llc_replacement_type=ship --config=/home/barry/projects/github/Mixture-of-Prefetchers/external/athena/config/nopref.ini --rob_partition_size=64,128,320 --rob_frontal_partition_ids=0 --rob_dorsal_partition_ids=2 --dram_io_freq=400",0.0
legacy,605.mcf_s-472B,SPEC,train,MLOP,single,,,,,,0.24766,0.9902834979407413,1.1754152823920265,0.25009,0.2107,1.0,434826.0,43.482586955223915,50605.0,50605.0,0.0,0.0,0.0,0.4761782432565952,0.0,0.0,0.0,0.0,0.0,0.0,0.0,0.0,0.0,0.0,442157.0,24097.0,457137.0,0.0,0.0,0.0,133855.0,344464.0,0.0,1.74,40377766.0,10000003.0,5000000,10000000,,,,,,search_mode,GS24473,5490cd9f7f689da7bf9a3be9cb9546d5a1100a63,110.353012,2026-04-17T15:10:17.770152+00:00,2026-04-17T15:12:08.123164+00:00,/home/barry/projects/github/Mixture-of-Prefetchers/artifacts/athena_traces/605.mcf_s-472B.champsimtrace.xz,/home/barry/projects/github/Mixture-of-Prefetchers/results/mop_lite_search/logs/605.mcf_s-472B__MLOP.out,/home/barry/projects/github/Mixture-of-Prefetchers/results/mop_lite_search/logs/605.mcf_s-472B__MLOP.err,/home/barry/projects/github/Mixture-of-Prefetchers/results/mop_lite_search/metrics/605.mcf_s-472B__MLOP.json,,"--warmup_instructions=5000000 --simulation_instructions=10000000 --llc_replacement_type=ship --config=/home/barry/projects/github/Mixture-of-Prefetchers/external/athena/config/nopref.ini --rob_partition_size=64,128,320 --rob_frontal_partition_ids=0 --rob_dorsal_partition_ids=2 --dram_io_freq=400 --l2c_prefetcher_types=mlop --config=/home/barry/projects/github/Mixture-of-Prefetchers/external/athena/config/mlop.ini --l2c_prefetcher_force_prefetch_at_llc=true",24097.0
legacy,secret_compute_int_568,CVP,train,WinnerTakeAll,router,WinnerTakeAll,,Pythia,SPP+PPF,1,0.08384,0.9682411363898833,0.9957244655581948,0.08659,0.0842,1.0,779934.0,77.99338440132313,40710.0,40710.0,0.0,0.0,0.0,0.11316629820682879,21395.0,33741.0,26405.0,41158.0,22528.0,38912.0,11.0,19.0,1.2341668614162187,1.21982158205151,1203134.0,4607.0,793777.0,0.0,0.0,0.0,549427.0,204338.0,0.0,9.25,119275178.0,10000002.0,5000000,10000000,500000,2048,30,50,"1.0,0.25,1.0",search_mode,GS24473,5490cd9f7f689da7bf9a3be9cb9546d5a1100a63,182.17343,2026-04-17T15:09:28.582395+00:00,2026-04-17T15:12:30.755825+00:00,/home/barry/projects/github/Mixture-of-Prefetchers/artifacts/athena_traces/compute_int_568.champsim.gz,/home/barry/projects/github/Mixture-of-Prefetchers/results/mop_lite_search/logs/secret_compute_int_568__WinnerTakeAll.out,/home/barry/projects/github/Mixture-of-Prefetchers/results/mop_lite_search/logs/secret_compute_int_568__WinnerTakeAll.err,/home/barry/projects/github/Mixture-of-Prefetchers/results/mop_lite_search/metrics/secret_compute_int_568__WinnerTakeAll.json,,"--warmup_instructions=5000000 --simulation_instructions=10000000 --llc_replacement_type=ship --config=/home/barry/projects/github/Mixture-of-Prefetchers/external/athena/config/nopref.ini --rob_partition_size=64,128,320 --rob_frontal_partition_ids=0 --rob_dorsal_partition_ids=2 --dram_io_freq=400 --config=/home/barry/projects/github/Mixture-of-Prefetchers/external/athena/config/mop_lite.ini --mop_router_type=1 --mop_seed=1 --l2c_prefetcher_types=scooby --config=/home/barry/projects/github/Mixture-of-Prefetchers/external/athena/config/pythia.ini --l2c_prefetcher_types=spp_ppf_dev --config=/home/barry/projects/github/Mixture-of-Prefetchers/external/athena/config/spp_ppf_dev.ini --l2c_prefetcher_force_prefetch_at_llc=true",4607.0
legacy,secret_compute_int_568,CVP,train,FixedSplit,router,FixedSplit,,Pythia,SPP+PPF,1,0.08383,0.9681256496131193,0.9956057007125891,0.08659,0.0842,1.0,780025.0,78.00248439950312,40622.0,40622.0,0.0,0.0,0.0,0.10949731672492738,28782.0,29335.0,48030.0,33330.0,30720.0,30720.0,30.0,30.0,1.6687513028976444,1.1361854440088632,1203138.0,4448.0,793867.0,0.0,0.0,0.0,548857.0,203511.0,0.0,9.25,119289894.0,10000002.0,5000000,10000000,500000,2048,30,50,"1.0,0.25,1.0",search_mode,GS24473,5490cd9f7f689da7bf9a3be9cb9546d5a1100a63,184.392779,2026-04-17T15:09:28.167159+00:00,2026-04-17T15:12:32.559938+00:00,/home/barry/projects/github/Mixture-of-Prefetchers/artifacts/athena_traces/compute_int_568.champsim.gz,/home/barry/projects/github/Mixture-of-Prefetchers/results/mop_lite_search/logs/secret_compute_int_568__FixedSplit.out,/home/barry/projects/github/Mixture-of-Prefetchers/results/mop_lite_search/logs/secret_compute_int_568__FixedSplit.err,/home/barry/projects/github/Mixture-of-Prefetchers/results/mop_lite_search/metrics/secret_compute_int_568__FixedSplit.json,,"--warmup_instructions=5000000 --simulation_instructions=10000000 --llc_replacement_type=ship --config=/home/barry/projects/github/Mixture-of-Prefetchers/external/athena/config/nopref.ini --rob_partition_size=64,128,320 --rob_frontal_partition_ids=0 --rob_dorsal_partition_ids=2 --dram_io_freq=400 --config=/home/barry/projects/github/Mixture-of-Prefetchers/external/athena/config/mop_lite.ini --mop_router_type=0 --mop_seed=1 --l2c_prefetcher_types=scooby --config=/home/barry/projects/github/Mixture-of-Prefetchers/external/athena/config/pythia.ini --l2c_prefetcher_types=spp_ppf_dev --config=/home/barry/projects/github/Mixture-of-Prefetchers/external/athena/config/spp_ppf_dev.ini --l2c_prefetcher_force_prefetch_at_llc=true",4448.0
legacy,605.mcf_s-472B,SPEC,train,Pythia,single,,,,,,0.17935,0.7171418289415812,0.8512102515424775,0.25009,0.2107,1.0,434812.0,43.48118695564391,882771.0,882771.0,0.0,0.0,0.0,0.12771149029589782,0.0,0.0,0.0,0.0,0.0,0.0,0.0,0.0,0.0,0.0,442158.0,112740.0,457123.0,0.0,0.0,0.0,152550.0,558923.0,0.0,1.74,55756220.0,10000003.0,5000000,10000000,,,,,,search_mode,GS24473,5490cd9f7f689da7bf9a3be9cb9546d5a1100a63,133.817909,2026-04-17T15:10:20.880245+00:00,2026-04-17T15:12:34.698154+00:00,/home/barry/projects/github/Mixture-of-Prefetchers/artifacts/athena_traces/605.mcf_s-472B.champsimtrace.xz,/home/barry/projects/github/Mixture-of-Prefetchers/results/mop_lite_search/logs/605.mcf_s-472B__Pythia.out,/home/barry/projects/github/Mixture-of-Prefetchers/results/mop_lite_search/logs/605.mcf_s-472B__Pythia.err,/home/barry/projects/github/Mixture-of-Prefetchers/results/mop_lite_search/metrics/605.mcf_s-472B__Pythia.json,,"--warmup_instructions=5000000 --simulation_instructions=10000000 --llc_replacement_type=ship --config=/home/barry/projects/github/Mixture-of-Prefetchers/external/athena/config/nopref.ini --rob_partition_size=64,128,320 --rob_frontal_partition_ids=0 --rob_dorsal_partition_ids=2 --dram_io_freq=400 --l2c_prefetcher_types=scooby --config=/home/barry/projects/github/Mixture-of-Prefetchers/external/athena/config/pythia.ini --l2c_prefetcher_force_prefetch_at_llc=true",112740.0
legacy,605.mcf_s-472B,SPEC,train,MoPLite,router,MoPLite,,Pythia,SPP+PPF,1,0.24804,0.9918029509376626,1.177218794494542,0.25009,0.2107,1.0,434827.0,43.48268695519391,0.0,4195.0,0.0,0.0,0.0,0.0,1902.0,2293.0,1113.0,2006.0,2426.0,1670.0,2.0,1.0,0.5851735015772871,0.8748364587876145,442155.0,0.0,457143.0,0.0,0.0,0.0,119678.0,242529.0,0.0,1.74,40316412.0,10000003.0,5000000,10000000,500000,2048,30,50,"1.0,0.25,1.0",search_mode,GS24473,5490cd9f7f689da7bf9a3be9cb9546d5a1100a63,94.112615,2026-04-17T15:11:10.002096+00:00,2026-04-17T15:12:44.114711+00:00,/home/barry/projects/github/Mixture-of-Prefetchers/artifacts/athena_traces/605.mcf_s-472B.champsimtrace.xz,/home/barry/projects/github/Mixture-of-Prefetchers/results/mop_lite_search/logs/605.mcf_s-472B__MoPLite.out,/home/barry/projects/github/Mixture-of-Prefetchers/results/mop_lite_search/logs/605.mcf_s-472B__MoPLite.err,/home/barry/projects/github/Mixture-of-Prefetchers/results/mop_lite_search/metrics/605.mcf_s-472B__MoPLite.json,,"--warmup_instructions=5000000 --simulation_instructions=10000000 --llc_replacement_type=ship --config=/home/barry/projects/github/Mixture-of-Prefetchers/external/athena/config/nopref.ini --rob_partition_size=64,128,320 --rob_frontal_partition_ids=0 --rob_dorsal_partition_ids=2 --dram_io_freq=400 --config=/home/barry/projects/github/Mixture-of-Prefetchers/external/athena/config/mop_lite.ini --mop_router_type=4 --mop_seed=1 --l2c_prefetcher_types=scooby --config=/home/barry/projects/github/Mixture-of-Prefetchers/external/athena/config/pythia.ini --l2c_prefetcher_types=spp_ppf_dev --config=/home/barry/projects/github/Mixture-of-Prefetchers/external/athena/config/spp_ppf_dev.ini --l2c_prefetcher_force_prefetch_at_llc=true",0.0
legacy,605.mcf_s-472B,SPEC,train,SMS,single,,,,,,0.21756,0.8699268263425168,1.0325581395348837,0.25009,0.2107,1.0,434820.0,43.48198695540391,181690.0,181690.0,0.0,0.0,0.0,0.517656447795696,0.0,0.0,0.0,0.0,0.0,0.0,0.0,0.0,0.0,0.0,442155.0,94053.0,457133.0,0.0,0.0,0.0,150022.0,342982.0,0.0,1.74,45963731.0,10000003.0,5000000,10000000,,,,,,search_mode,GS24473,5490cd9f7f689da7bf9a3be9cb9546d5a1100a63,98.06656,2026-04-17T15:11:06.087487+00:00,2026-04-17T15:12:44.154047+00:00,/home/barry/projects/github/Mixture-of-Prefetchers/artifacts/athena_traces/605.mcf_s-472B.champsimtrace.xz,/home/barry/projects/github/Mixture-of-Prefetchers/results/mop_lite_search/logs/605.mcf_s-472B__SMS.out,/home/barry/projects/github/Mixture-of-Prefetchers/results/mop_lite_search/logs/605.mcf_s-472B__SMS.err,/home/barry/projects/github/Mixture-of-Prefetchers/results/mop_lite_search/metrics/605.mcf_s-472B__SMS.json,,"--warmup_instructions=5000000 --simulation_instructions=10000000 --llc_replacement_type=ship --config=/home/barry/projects/github/Mixture-of-Prefetchers/external/athena/config/nopref.ini --rob_partition_size=64,128,320 --rob_frontal_partition_ids=0 --rob_dorsal_partition_ids=2 --dram_io_freq=400 --l2c_prefetcher_types=sms --config=/home/barry/projects/github/Mixture-of-Prefetchers/external/athena/config/sms.ini --l2c_prefetcher_force_prefetch_at_llc=true",94053.0
legacy,secret_compute_int_568,CVP,train,AthenaMAB,builtin,,AthenaMAB,Pythia,SPP+PPF,,0.08215,0.9487238711167572,0.9756532066508314,0.08659,0.0842,1.0,778095.0,77.80948443810311,607052.0,607052.0,0.0,0.0,0.0,0.15315491918320012,227975.0,587200.0,95478.0,230671.0,0.0,0.0,0.0,0.0,0.4188090799429762,0.39283208446866485,1203066.0,92973.0,791974.0,0.0,0.0,0.0,776812.0,643956.0,0.0,9.25,121721865.0,10000002.0,5000000,10000000,500000,,,,,search_mode,GS24473,5490cd9f7f689da7bf9a3be9cb9546d5a1100a63,189.823454,2026-04-17T15:09:35.089305+00:00,2026-04-17T15:12:44.912759+00:00,/home/barry/projects/github/Mixture-of-Prefetchers/artifacts/athena_traces/compute_int_568.champsim.gz,/home/barry/projects/github/Mixture-of-Prefetchers/results/mop_lite_search/logs/secret_compute_int_568__AthenaMAB.out,/home/barry/projects/github/Mixture-of-Prefetchers/results/mop_lite_search/logs/secret_compute_int_568__AthenaMAB.err,/home/barry/projects/github/Mixture-of-Prefetchers/results/mop_lite_search/metrics/secret_compute_int_568__AthenaMAB.json,,"--warmup_instructions=5000000 --simulation_instructions=10000000 --llc_replacement_type=ship --config=/home/barry/projects/github/Mixture-of-Prefetchers/external/athena/config/nopref.ini --rob_partition_size=64,128,320 --rob_frontal_partition_ids=0 --rob_dorsal_partition_ids=2 --dram_io_freq=400 --config=/home/barry/projects/github/Mixture-of-Prefetchers/external/athena/config/mop_lite_mab.ini --l2c_prefetcher_types=scooby --config=/home/barry/projects/github/Mixture-of-Prefetchers/external/athena/config/pythia.ini --l2c_prefetcher_types=spp_ppf_dev --config=/home/barry/projects/github/Mixture-of-Prefetchers/external/athena/config/spp_ppf_dev.ini --l2c_prefetcher_force_prefetch_at_llc=true",92973.0
legacy,605.mcf_s-472B,SPEC,train,FixedSplit,router,FixedSplit,,Pythia,SPP+PPF,1,0.25121,1.004478387780399,1.1922638822971048,0.25009,0.2107,1.0,434821.0,43.482086955373916,40876.0,40876.0,0.0,0.0,0.0,0.13976416479107545,16490.0,23765.0,9841.0,18339.0,30720.0,30720.0,30.0,30.0,0.5967859308671922,0.7716810435514412,442159.0,5713.0,457133.0,0.0,0.0,0.0,124300.0,275229.0,0.0,1.74,39806840.0,10000003.0,5000000,10000000,500000,2048,30,50,"1.0,0.25,1.0",search_mode,GS24473,5490cd9f7f689da7bf9a3be9cb9546d5a1100a63,92.062822,2026-04-17T15:11:16.688295+00:00,2026-04-17T15:12:48.751117+00:00,/home/barry/projects/github/Mixture-of-Prefetchers/artifacts/athena_traces/605.mcf_s-472B.champsimtrace.xz,/home/barry/projects/github/Mixture-of-Prefetchers/results/mop_lite_search/logs/605.mcf_s-472B__FixedSplit.out,/home/barry/projects/github/Mixture-of-Prefetchers/results/mop_lite_search/logs/605.mcf_s-472B__FixedSplit.err,/home/barry/projects/github/Mixture-of-Prefetchers/results/mop_lite_search/metrics/605.mcf_s-472B__FixedSplit.json,,"--warmup_instructions=5000000 --simulation_instructions=10000000 --llc_replacement_type=ship --config=/home/barry/projects/github/Mixture-of-Prefetchers/external/athena/config/nopref.ini --rob_partition_size=64,128,320 --rob_frontal_partition_ids=0 --rob_dorsal_partition_ids=2 --dram_io_freq=400 --config=/home/barry/projects/github/Mixture-of-Prefetchers/external/athena/config/mop_lite.ini --mop_router_type=0 --mop_seed=1 --l2c_prefetcher_types=scooby --config=/home/barry/projects/github/Mixture-of-Prefetchers/external/athena/config/pythia.ini --l2c_prefetcher_types=spp_ppf_dev --config=/home/barry/projects/github/Mixture-of-Prefetchers/external/athena/config/spp_ppf_dev.ini --l2c_prefetcher_force_prefetch_at_llc=true",5713.0
legacy,605.mcf_s-472B,SPEC,train,WinnerTakeAll,router,WinnerTakeAll,,Pythia,SPP+PPF,1,0.25317,1.0123155663960974,1.2015662078785003,0.25009,0.2107,1.0,434824.0,43.482386955283914,40955.0,40955.0,0.0,0.0,0.0,0.1840068367720669,15905.0,24325.0,9324.0,19165.0,30720.0,30720.0,15.0,15.0,0.5862307450487269,0.7878725590955806,442158.0,7536.0,457140.0,0.0,0.0,0.0,123383.0,280185.0,0.0,1.74,39499288.0,10000003.0,5000000,10000000,500000,2048,30,50,"1.0,0.25,1.0",search_mode,GS24473,5490cd9f7f689da7bf9a3be9cb9546d5a1100a63,90.890874,2026-04-17T15:11:18.580936+00:00,2026-04-17T15:12:49.471810+00:00,/home/barry/projects/github/Mixture-of-Prefetchers/artifacts/athena_traces/605.mcf_s-472B.champsimtrace.xz,/home/barry/projects/github/Mixture-of-Prefetchers/results/mop_lite_search/logs/605.mcf_s-472B__WinnerTakeAll.out,/home/barry/projects/github/Mixture-of-Prefetchers/results/mop_lite_search/logs/605.mcf_s-472B__WinnerTakeAll.err,/home/barry/projects/github/Mixture-of-Prefetchers/results/mop_lite_search/metrics/605.mcf_s-472B__WinnerTakeAll.json,,"--warmup_instructions=5000000 --simulation_instructions=10000000 --llc_replacement_type=ship --config=/home/barry/projects/github/Mixture-of-Prefetchers/external/athena/config/nopref.ini --rob_partition_size=64,128,320 --rob_frontal_partition_ids=0 --rob_dorsal_partition_ids=2 --dram_io_freq=400 --config=/home/barry/projects/github/Mixture-of-Prefetchers/external/athena/config/mop_lite.ini --mop_router_type=1 --mop_seed=1 --l2c_prefetcher_types=scooby --config=/home/barry/projects/github/Mixture-of-Prefetchers/external/athena/config/pythia.ini --l2c_prefetcher_types=spp_ppf_dev --config=/home/barry/projects/github/Mixture-of-Prefetchers/external/athena/config/spp_ppf_dev.ini --l2c_prefetcher_force_prefetch_at_llc=true",7536.0
legacy,605.mcf_s-472B,SPEC,train,SPP+PPF,single,,,,,,0.2107,0.8424967011875726,1.0,0.25009,0.2107,1.0,434782.0,43.478186956543915,738008.0,738008.0,0.0,0.0,0.0,0.10131055489913389,0.0,0.0,0.0,0.0,0.0,0.0,0.0,0.0,0.0,0.0,442151.0,74768.0,457092.0,0.0,0.0,0.0,153811.0,447013.0,0.0,1.74,47460630.0,10000003.0,5000000,10000000,,,,,,search_mode,GS24473,5490cd9f7f689da7bf9a3be9cb9546d5a1100a63,103.598261,2026-04-17T15:11:06.172728+00:00,2026-04-17T15:12:49.770989+00:00,/home/barry/projects/github/Mixture-of-Prefetchers/artifacts/athena_traces/605.mcf_s-472B.champsimtrace.xz,/home/barry/projects/github/Mixture-of-Prefetchers/results/mop_lite_search/logs/605.mcf_s-472B__SPPplusPPF.out,/home/barry/projects/github/Mixture-of-Prefetchers/results/mop_lite_search/logs/605.mcf_s-472B__SPPplusPPF.err,/home/barry/projects/github/Mixture-of-Prefetchers/results/mop_lite_search/metrics/605.mcf_s-472B__SPPplusPPF.json,,"--warmup_instructions=5000000 --simulation_instructions=10000000 --llc_replacement_type=ship --config=/home/barry/projects/github/Mixture-of-Prefetchers/external/athena/config/nopref.ini --rob_partition_size=64,128,320 --rob_frontal_partition_ids=0 --rob_dorsal_partition_ids=2 --dram_io_freq=400 --l2c_prefetcher_types=spp_ppf_dev --config=/home/barry/projects/github/Mixture-of-Prefetchers/external/athena/config/spp_ppf_dev.ini --l2c_prefetcher_force_prefetch_at_llc=true",74768.0
legacy,605.mcf_s-472B,SPEC,train,AthenaMAB,builtin,,AthenaMAB,Pythia,SPP+PPF,,0.20865,0.834299652125235,0.9902705268153773,0.25009,0.2107,1.0,434788.0,43.47878695636391,805542.0,805542.0,0.0,0.0,0.0,0.09851007147982352,219326.0,535746.0,116397.0,410320.0,0.0,0.0,0.0,0.0,0.5307031542088033,0.7658853262553523,442155.0,79354.0,457090.0,0.0,0.0,0.0,145990.0,459546.0,0.0,1.74,47926480.0,10000003.0,5000000,10000000,500000,,,,,search_mode,GS24473,5490cd9f7f689da7bf9a3be9cb9546d5a1100a63,94.846045,2026-04-17T15:11:27.356028+00:00,2026-04-17T15:13:02.202073+00:00,/home/barry/projects/github/Mixture-of-Prefetchers/artifacts/athena_traces/605.mcf_s-472B.champsimtrace.xz,/home/barry/projects/github/Mixture-of-Prefetchers/results/mop_lite_search/logs/605.mcf_s-472B__AthenaMAB.out,/home/barry/projects/github/Mixture-of-Prefetchers/results/mop_lite_search/logs/605.mcf_s-472B__AthenaMAB.err,/home/barry/projects/github/Mixture-of-Prefetchers/results/mop_lite_search/metrics/605.mcf_s-472B__AthenaMAB.json,,"--warmup_instructions=5000000 --simulation_instructions=10000000 --llc_replacement_type=ship --config=/home/barry/projects/github/Mixture-of-Prefetchers/external/athena/config/nopref.ini --rob_partition_size=64,128,320 --rob_frontal_partition_ids=0 --rob_dorsal_partition_ids=2 --dram_io_freq=400 --config=/home/barry/projects/github/Mixture-of-Prefetchers/external/athena/config/mop_lite_mab.ini --l2c_prefetcher_types=scooby --config=/home/barry/projects/github/Mixture-of-Prefetchers/external/athena/config/pythia.ini --l2c_prefetcher_types=spp_ppf_dev --config=/home/barry/projects/github/Mixture-of-Prefetchers/external/athena/config/spp_ppf_dev.ini --l2c_prefetcher_force_prefetch_at_llc=true",79354.0
20260417T161120.468895Z-9051,433.milc-127B,SPEC,train,Baseline,baseline,,,,,,0.36204,1.0,1.0745577585183426,0.36204,0.33692,0.0,262232.0,26.22319475536105,0.0,0.0,0.0,0.0,0.0,0.0,0.0,0.0,0.0,0.0,0.0,0.0,0.0,0.0,0.0,0.0,262232.0,0.0,314679.0,0.0,0.0,0.0,71222.0,334836.0,0.0,0.0,27621251.0,10000002.0,5000000,10000000,,,,,,,GS24473,be3f0ca215622397b3f79bfd2cbe3c33603dd1d4,105.958935,2026-04-17T16:19:36.306362+00:00,2026-04-17T16:21:22.265297+00:00,/home/barry/projects/github/Mixture-of-Prefetchers/artifacts/athena_traces/433.milc-127B.champsimtrace.xz,/home/barry/projects/github/Mixture-of-Prefetchers/results/mop_lite_train_extra/runs/20260417T161120.468895Z-9051/logs/433.milc-127B__Baseline.out,/home/barry/projects/github/Mixture-of-Prefetchers/results/mop_lite_train_extra/runs/20260417T161120.468895Z-9051/logs/433.milc-127B__Baseline.err,/home/barry/projects/github/Mixture-of-Prefetchers/results/mop_lite_train_extra/runs/20260417T161120.468895Z-9051/metrics/433.milc-127B__Baseline.json,,"--warmup_instructions=5000000 --simulation_instructions=10000000 --llc_replacement_type=ship --config=/home/barry/projects/github/Mixture-of-Prefetchers/external/athena/config/nopref.ini --rob_partition_size=64,128,320 --rob_frontal_partition_ids=0 --rob_dorsal_partition_ids=2 --dram_io_freq=400",0.0
20260417T161120.468895Z-9051,433.milc-127B,SPEC,train,SMS,single,,,,,,0.34492,0.952712407468788,1.0237445090822748,0.36204,0.33692,1.0,262231.0,26.22309213307236,186559.0,186559.0,0.0,0.0,0.0,0.10738157901789783,0.0,0.0,0.0,0.0,0.0,0.0,0.0,0.0,0.0,0.0,262232.0,20033.0,314676.0,0.0,0.0,0.0,79076.0,346522.0,0.0,0.0,28991938.0,10000003.0,5000000,10000000,,,,,,,GS24473,be3f0ca215622397b3f79bfd2cbe3c33603dd1d4,107.438589,2026-04-17T16:19:36.308788+00:00,2026-04-17T16:21:23.747377+00:00,/home/barry/projects/github/Mixture-of-Prefetchers/artifacts/athena_traces/433.milc-127B.champsimtrace.xz,/home/barry/projects/github/Mixture-of-Prefetchers/results/mop_lite_train_extra/runs/20260417T161120.468895Z-9051/logs/433.milc-127B__SMS.out,/home/barry/projects/github/Mixture-of-Prefetchers/results/mop_lite_train_extra/runs/20260417T161120.468895Z-9051/logs/433.milc-127B__SMS.err,/home/barry/projects/github/Mixture-of-Prefetchers/results/mop_lite_train_extra/runs/20260417T161120.468895Z-9051/metrics/433.milc-127B__SMS.json,,"--warmup_instructions=5000000 --simulation_instructions=10000000 --llc_replacement_type=ship --config=/home/barry/projects/github/Mixture-of-Prefetchers/external/athena/config/nopref.ini --rob_partition_size=64,128,320 --rob_frontal_partition_ids=0 --rob_dorsal_partition_ids=2 --dram_io_freq=400 --l2c_prefetcher_types=sms --config=/home/barry/projects/github/Mixture-of-Prefetchers/external/athena/config/sms.ini --l2c_prefetcher_force_prefetch_at_llc=true",20033.0
20260417T161120.468895Z-9051,433.milc-127B,SPEC,train,SPP+PPF,single,,,,,,0.33692,0.9306154016130815,1.0,0.36204,0.33692,1.0,262231.0,26.223097377690262,223062.0,223062.0,0.0,0.0,0.0,0.08409769481130806,0.0,0.0,0.0,0.0,0.0,0.0,0.0,0.0,0.0,0.0,262231.0,18759.0,314679.0,0.0,0.0,0.0,86542.0,351520.0,0.0,0.0,29680456.0,10000001.0,5000000,10000000,,,,,,,GS24473,be3f0ca215622397b3f79bfd2cbe3c33603dd1d4,110.445067,2026-04-17T16:19:36.309290+00:00,2026-04-17T16:21:26.754357+00:00,/home/barry/projects/github/Mixture-of-Prefetchers/artifacts/athena_traces/433.milc-127B.champsimtrace.xz,/home/barry/projects/github/Mixture-of-Prefetchers/results/mop_lite_train_extra/runs/20260417T161120.468895Z-9051/logs/433.milc-127B__SPPplusPPF.out,/home/barry/projects/github/Mixture-of-Prefetchers/results/mop_lite_train_extra/runs/20260417T161120.468895Z-9051/logs/433.milc-127B__SPPplusPPF.err,/home/barry/projects/github/Mixture-of-Prefetchers/results/mop_lite_train_extra/runs/20260417T161120.468895Z-9051/metrics/433.milc-127B__SPPplusPPF.json,,"--warmup_instructions=5000000 --simulation_instructions=10000000 --llc_replacement_type=ship --config=/home/barry/projects/github/Mixture-of-Prefetchers/external/athena/config/nopref.ini --rob_partition_size=64,128,320 --rob_frontal_partition_ids=0 --rob_dorsal_partition_ids=2 --dram_io_freq=400 --l2c_prefetcher_types=spp_ppf_dev --config=/home/barry/projects/github/Mixture-of-Prefetchers/external/athena/config/spp_ppf_dev.ini --l2c_prefetcher_force_prefetch_at_llc=true",18759.0
20260417T161120.468895Z-9051,433.milc-127B,SPEC,train,WinnerTakeAll,router,WinnerTakeAll,,Pythia,SPP+PPF,1,0.35039,0.9678212352226273,1.03997981716728,0.36204,0.33692,1.0,262228.0,26.22279475544105,40960.0,40960.0,0.0,0.0,0.0,0.10048828125,24238.0,23552.0,23982.0,20097.0,38912.0,22528.0,19.0,11.0,0.9894380724482218,0.8533033288043478,262228.0,4116.0,314674.0,0.0,0.0,0.0,78566.0,342246.0,0.0,0.0,28539980.0,10000002.0,5000000,10000000,500000,2048,30,50,"1.0,0.25,1.0",,GS24473,be3f0ca215622397b3f79bfd2cbe3c33603dd1d4,111.041941,2026-04-17T16:19:36.314003+00:00,2026-04-17T16:21:27.355944+00:00,/home/barry/projects/github/Mixture-of-Prefetchers/artifacts/athena_traces/433.milc-127B.champsimtrace.xz,/home/barry/projects/github/Mixture-of-Prefetchers/results/mop_lite_train_extra/runs/20260417T161120.468895Z-9051/logs/433.milc-127B__WinnerTakeAll.out,/home/barry/projects/github/Mixture-of-Prefetchers/results/mop_lite_train_extra/runs/20260417T161120.468895Z-9051/logs/433.milc-127B__WinnerTakeAll.err,/home/barry/projects/github/Mixture-of-Prefetchers/results/mop_lite_train_extra/runs/20260417T161120.468895Z-9051/metrics/433.milc-127B__WinnerTakeAll.json,,"--warmup_instructions=5000000 --simulation_instructions=10000000 --llc_replacement_type=ship --config=/home/barry/projects/github/Mixture-of-Prefetchers/external/athena/config/nopref.ini --rob_partition_size=64,128,320 --rob_frontal_partition_ids=0 --rob_dorsal_partition_ids=2 --dram_io_freq=400 --config=/home/barry/projects/github/Mixture-of-Prefetchers/external/athena/config/mop_lite.ini --mop_router_type=1 --mop_seed=1 --l2c_prefetcher_types=scooby --config=/home/barry/projects/github/Mixture-of-Prefetchers/external/athena/config/pythia.ini --l2c_prefetcher_types=spp_ppf_dev --config=/home/barry/projects/github/Mixture-of-Prefetchers/external/athena/config/spp_ppf_dev.ini --l2c_prefetcher_force_prefetch_at_llc=true",4116.0
20260417T161120.468895Z-9051,433.milc-127B,SPEC,train,MoPLite,router,MoPLite,,Pythia,SPP+PPF,1,0.35989,0.9940614296762789,1.0681764217024812,0.36204,0.33692,1.0,262232.0,26.22319475536105,0.0,12688.0,0.0,0.0,0.0,0.0,6754.0,5934.0,6532.0,5186.0,9426.0,4910.0,7.0,5.0,0.9671305892804264,0.8739467475564543,262232.0,0.0,314679.0,0.0,0.0,0.0,72979.0,336105.0,0.0,0.0,27786573.0,10000002.0,5000000,10000000,500000,2048,30,50,"1.0,0.25,1.0",,GS24473,be3f0ca215622397b3f79bfd2cbe3c33603dd1d4,111.82255,2026-04-17T16:19:36.310503+00:00,2026-04-17T16:21:28.133053+00:00,/home/barry/projects/github/Mixture-of-Prefetchers/artifacts/athena_traces/433.milc-127B.champsimtrace.xz,/home/barry/projects/github/Mixture-of-Prefetchers/results/mop_lite_train_extra/runs/20260417T161120.468895Z-9051/logs/433.milc-127B__MoPLite.out,/home/barry/projects/github/Mixture-of-Prefetchers/results/mop_lite_train_extra/runs/20260417T161120.468895Z-9051/logs/433.milc-127B__MoPLite.err,/home/barry/projects/github/Mixture-of-Prefetchers/results/mop_lite_train_extra/runs/20260417T161120.468895Z-9051/metrics/433.milc-127B__MoPLite.json,,"--warmup_instructions=5000000 --simulation_instructions=10000000 --llc_replacement_type=ship --config=/home/barry/projects/github/Mixture-of-Prefetchers/external/athena/config/nopref.ini --rob_partition_size=64,128,320 --rob_frontal_partition_ids=0 --rob_dorsal_partition_ids=2 --dram_io_freq=400 --config=/home/barry/projects/github/Mixture-of-Prefetchers/external/athena/config/mop_lite.ini --mop_router_type=4 --mop_seed=1 --l2c_prefetcher_types=scooby --config=/home/barry/projects/github/Mixture-of-Prefetchers/external/athena/config/pythia.ini --l2c_prefetcher_types=spp_ppf_dev --config=/home/barry/projects/github/Mixture-of-Prefetchers/external/athena/config/spp_ppf_dev.ini --l2c_prefetcher_force_prefetch_at_llc=true",0.0
20260417T161120.468895Z-9051,433.milc-127B,SPEC,train,AthenaMAB,builtin,,AthenaMAB,Pythia,SPP+PPF,,0.34551,0.9543420616506464,1.0254956666270925,0.36204,0.33692,1.0,262229.0,26.22289737771026,57851.0,57851.0,0.0,0.0,0.0,0.08568564069765432,67954.0,68326.0,67836.0,56855.0,0.0,0.0,0.0,0.0,0.9982635312122907,0.8321136902496853,262229.0,4957.0,314677.0,0.0,0.0,0.0,81687.0,345963.0,0.0,0.0,28943054.0,10000001.0,5000000,10000000,500000,,,,,,GS24473,be3f0ca215622397b3f79bfd2cbe3c33603dd1d4,113.115584,2026-04-17T16:19:36.315547+00:00,2026-04-17T16:21:29.431131+00:00,/home/barry/projects/github/Mixture-of-Prefetchers/artifacts/athena_traces/433.milc-127B.champsimtrace.xz,/home/barry/projects/github/Mixture-of-Prefetchers/results/mop_lite_train_extra/runs/20260417T161120.468895Z-9051/logs/433.milc-127B__AthenaMAB.out,/home/barry/projects/github/Mixture-of-Prefetchers/results/mop_lite_train_extra/runs/20260417T161120.468895Z-9051/logs/433.milc-127B__AthenaMAB.err,/home/barry/projects/github/Mixture-of-Prefetchers/results/mop_lite_train_extra/runs/20260417T161120.468895Z-9051/metrics/433.milc-127B__AthenaMAB.json,,"--warmup_instructions=5000000 --simulation_instructions=10000000 --llc_replacement_type=ship --config=/home/barry/projects/github/Mixture-of-Prefetchers/external/athena/config/nopref.ini --rob_partition_size=64,128,320 --rob_frontal_partition_ids=0 --rob_dorsal_partition_ids=2 --dram_io_freq=400 --config=/home/barry/projects/github/Mixture-of-Prefetchers/external/athena/config/mop_lite_mab.ini --l2c_prefetcher_types=scooby --config=/home/barry/projects/github/Mixture-of-Prefetchers/external/athena/config/pythia.ini --l2c_prefetcher_types=spp_ppf_dev --config=/home/barry/projects/github/Mixture-of-Prefetchers/external/athena/config/spp_ppf_dev.ini --l2c_prefetcher_force_prefetch_at_llc=true",4957.0
20260417T161120.468895Z-9051,433.milc-127B,SPEC,train,FixedSplit,router,FixedSplit,,Pythia,SPP+PPF,1,0.35307,0.975223732184289,1.047934227709842,0.36204,0.33692,1.0,262228.0,26.222797377720262,40960.0,40960.0,0.0,0.0,0.0,0.072314453125,19675.0,30720.0,19424.0,26049.0,30720.0,30720.0,30.0,30.0,0.9872426937738247,0.84794921875,262228.0,2962.0,314675.0,0.0,0.0,0.0,77012.0,340596.0,0.0,0.0,28323053.0,10000001.0,5000000,10000000,500000,2048,30,50,"1.0,0.25,1.0",,GS24473,be3f0ca215622397b3f79bfd2cbe3c33603dd1d4,113.189906,2026-04-17T16:19:36.311241+00:00,2026-04-17T16:21:29.501147+00:00,/home/barry/projects/github/Mixture-of-Prefetchers/artifacts/athena_traces/433.milc-127B.champsimtrace.xz,/home/barry/projects/github/Mixture-of-Prefetchers/results/mop_lite_train_extra/runs/20260417T161120.468895Z-9051/logs/433.milc-127B__FixedSplit.out,/home/barry/projects/github/Mixture-of-Prefetchers/results/mop_lite_train_extra/runs/20260417T161120.468895Z-9051/logs/433.milc-127B__FixedSplit.err,/home/barry/projects/github/Mixture-of-Prefetchers/results/mop_lite_train_extra/runs/20260417T161120.468895Z-9051/metrics/433.milc-127B__FixedSplit.json,,"--warmup_instructions=5000000 --simulation_instructions=10000000 --llc_replacement_type=ship --config=/home/barry/projects/github/Mixture-of-Prefetchers/external/athena/config/nopref.ini --rob_partition_size=64,128,320 --rob_frontal_partition_ids=0 --rob_dorsal_partition_ids=2 --dram_io_freq=400 --config=/home/barry/projects/github/Mixture-of-Prefetchers/external/athena/config/mop_lite.ini --mop_router_type=0 --mop_seed=1 --l2c_prefetcher_types=scooby --config=/home/barry/projects/github/Mixture-of-Prefetchers/external/athena/config/pythia.ini --l2c_prefetcher_types=spp_ppf_dev --config=/home/barry/projects/github/Mixture-of-Prefetchers/external/athena/config/spp_ppf_dev.ini --l2c_prefetcher_force_prefetch_at_llc=true",2962.0
20260417T161120.468895Z-9051,433.milc-127B,SPEC,train,Pythia,single,,,,,,0.32859,0.9076068942658271,0.9752760299180814,0.36204,0.33692,1.0,262229.0,26.22289737771026,355414.0,355414.0,0.0,0.0,0.0,0.1168074414626323,0.0,0.0,0.0,0.0,0.0,0.0,0.0,0.0,0.0,0.0,262229.0,41515.0,314673.0,0.0,0.0,0.0,86358.0,359747.0,0.0,0.0,30432840.0,10000001.0,5000000,10000000,,,,,,,GS24473,be3f0ca215622397b3f79bfd2cbe3c33603dd1d4,115.252828,2026-04-17T16:19:36.307853+00:00,2026-04-17T16:21:31.560681+00:00,/home/barry/projects/github/Mixture-of-Prefetchers/artifacts/athena_traces/433.milc-127B.champsimtrace.xz,/home/barry/projects/github/Mixture-of-Prefetchers/results/mop_lite_train_extra/runs/20260417T161120.468895Z-9051/logs/433.milc-127B__Pythia.out,/home/barry/projects/github/Mixture-of-Prefetchers/results/mop_lite_train_extra/runs/20260417T161120.468895Z-9051/logs/433.milc-127B__Pythia.err,/home/barry/projects/github/Mixture-of-Prefetchers/results/mop_lite_train_extra/runs/20260417T161120.468895Z-9051/metrics/433.milc-127B__Pythia.json,,"--warmup_instructions=5000000 --simulation_instructions=10000000 --llc_replacement_type=ship --config=/home/barry/projects/github/Mixture-of-Prefetchers/external/athena/config/nopref.ini --rob_partition_size=64,128,320 --rob_frontal_partition_ids=0 --rob_dorsal_partition_ids=2 --dram_io_freq=400 --l2c_prefetcher_types=scooby --config=/home/barry/projects/github/Mixture-of-Prefetchers/external/athena/config/pythia.ini --l2c_prefetcher_force_prefetch_at_llc=true",41515.0
20260417T161120.468895Z-9051,433.milc-127B,SPEC,train,MLOP,single,,,,,,0.2814,0.777262180974478,0.8352131069690134,0.36204,0.33692,1.0,262230.0,26.222997377700263,296311.0,296311.0,0.0,0.0,0.0,0.12471356108953094,0.0,0.0,0.0,0.0,0.0,0.0,0.0,0.0,0.0,0.0,262231.0,36954.0,314673.0,0.0,0.0,0.0,78760.0,426217.0,0.0,0.0,35536456.0,10000001.0,5000000,10000000,,,,,,,GS24473,be3f0ca215622397b3f79bfd2cbe3c33603dd1d4,117.970968,2026-04-17T16:19:36.306593+00:00,2026-04-17T16:21:34.277561+00:00,/home/barry/projects/github/Mixture-of-Prefetchers/artifacts/athena_traces/433.milc-127B.champsimtrace.xz,/home/barry/projects/github/Mixture-of-Prefetchers/results/mop_lite_train_extra/runs/20260417T161120.468895Z-9051/logs/433.milc-127B__MLOP.out,/home/barry/projects/github/Mixture-of-Prefetchers/results/mop_lite_train_extra/runs/20260417T161120.468895Z-9051/logs/433.milc-127B__MLOP.err,/home/barry/projects/github/Mixture-of-Prefetchers/results/mop_lite_train_extra/runs/20260417T161120.468895Z-9051/metrics/433.milc-127B__MLOP.json,,"--warmup_instructions=5000000 --simulation_instructions=10000000 --llc_replacement_type=ship --config=/home/barry/projects/github/Mixture-of-Prefetchers/external/athena/config/nopref.ini --rob_partition_size=64,128,320 --rob_frontal_partition_ids=0 --rob_dorsal_partition_ids=2 --dram_io_freq=400 --l2c_prefetcher_types=mlop --config=/home/barry/projects/github/Mixture-of-Prefetchers/external/athena/config/mlop.ini --l2c_prefetcher_force_prefetch_at_llc=true",36954.0
20260417T161120.468895Z-9051,619.lbm_s-2676B,SPEC,train,Baseline,baseline,,,,,,0.14341,1.0,0.9793089319857964,0.14341,0.14644,0.0,113291.0,11.329098867090114,0.0,0.0,0.0,0.0,0.0,0.0,0.0,0.0,0.0,0.0,0.0,0.0,0.0,0.0,0.0,0.0,113299.0,0.0,453149.0,0.0,0.0,0.0,381505.0,755721.0,0.0,0.45,69731107.0,10000001.0,5000000,10000000,,,,,,,GS24473,be3f0ca215622397b3f79bfd2cbe3c33603dd1d4,180.155462,2026-04-17T16:19:36.319657+00:00,2026-04-17T16:22:36.475119+00:00,/home/barry/projects/github/Mixture-of-Prefetchers/artifacts/athena_traces/619.lbm_s-2676B.champsimtrace.xz,/home/barry/projects/github/Mixture-of-Prefetchers/results/mop_lite_train_extra/runs/20260417T161120.468895Z-9051/logs/619.lbm_s-2676B__Baseline.out,/home/barry/projects/github/Mixture-of-Prefetchers/results/mop_lite_train_extra/runs/20260417T161120.468895Z-9051/logs/619.lbm_s-2676B__Baseline.err,/home/barry/projects/github/Mixture-of-Prefetchers/results/mop_lite_train_extra/runs/20260417T161120.468895Z-9051/metrics/619.lbm_s-2676B__Baseline.json,,"--warmup_instructions=5000000 --simulation_instructions=10000000 --llc_replacement_type=ship --config=/home/barry/projects/github/Mixture-of-Prefetchers/external/athena/config/nopref.ini --rob_partition_size=64,128,320 --rob_frontal_partition_ids=0 --rob_dorsal_partition_ids=2 --dram_io_freq=400",0.0
20260417T161120.468895Z-9051,619.lbm_s-2676B,SPEC,train,SPP+PPF,single,,,,,,0.14644,1.0211282337354437,1.0,0.14341,0.14644,1.0,113294.0,11.329397734120453,113888.0,113888.0,0.0,0.0,0.0,0.10188079516718179,0.0,0.0,0.0,0.0,0.0,0.0,0.0,0.0,0.0,0.0,113302.0,11603.0,453159.0,0.0,0.0,0.0,378518.0,742655.0,0.0,0.45,68288792.0,10000002.0,5000000,10000000,,,,,,,GS24473,be3f0ca215622397b3f79bfd2cbe3c33603dd1d4,180.287266,2026-04-17T16:19:36.327694+00:00,2026-04-17T16:22:36.614960+00:00,/home/barry/projects/github/Mixture-of-Prefetchers/artifacts/athena_traces/619.lbm_s-2676B.champsimtrace.xz,/home/barry/projects/github/Mixture-of-Prefetchers/results/mop_lite_train_extra/runs/20260417T161120.468895Z-9051/logs/619.lbm_s-2676B__SPPplusPPF.out,/home/barry/projects/github/Mixture-of-Prefetchers/results/mop_lite_train_extra/runs/20260417T161120.468895Z-9051/logs/619.lbm_s-2676B__SPPplusPPF.err,/home/barry/projects/github/Mixture-of-Prefetchers/results/mop_lite_train_extra/runs/20260417T161120.468895Z-9051/metrics/619.lbm_s-2676B__SPPplusPPF.json,,"--warmup_instructions=5000000 --simulation_instructions=10000000 --llc_replacement_type=ship --config=/home/barry/projects/github/Mixture-of-Prefetchers/external/athena/config/nopref.ini --rob_partition_size=64,128,320 --rob_frontal_partition_ids=0 --rob_dorsal_partition_ids=2 --dram_io_freq=400 --l2c_prefetcher_types=spp_ppf_dev --config=/home/barry/projects/github/Mixture-of-Prefetchers/external/athena/config/spp_ppf_dev.ini --l2c_prefetcher_force_prefetch_at_llc=true",11603.0
20260417T161120.468895Z-9051,619.lbm_s-2676B,SPEC,train,SMS,single,,,,,,0.14379,1.002649745484973,0.9819038514067195,0.14341,0.14644,1.0,113292.0,11.329197734160454,28326.0,28326.0,0.0,0.0,0.0,0.6328461484148838,0.0,0.0,0.0,0.0,0.0,0.0,0.0,0.0,0.0,0.0,113297.0,17926.0,453152.0,0.0,0.0,0.0,376129.0,754929.0,0.0,0.45,69545053.0,10000002.0,5000000,10000000,,,,,,,GS24473,be3f0ca215622397b3f79bfd2cbe3c33603dd1d4,182.042522,2026-04-17T16:19:36.324621+00:00,2026-04-17T16:22:38.367143+00:00,/home/barry/projects/github/Mixture-of-Prefetchers/artifacts/athena_traces/619.lbm_s-2676B.champsimtrace.xz,/home/barry/projects/github/Mixture-of-Prefetchers/results/mop_lite_train_extra/runs/20260417T161120.468895Z-9051/logs/619.lbm_s-2676B__SMS.out,/home/barry/projects/github/Mixture-of-Prefetchers/results/mop_lite_train_extra/runs/20260417T161120.468895Z-9051/logs/619.lbm_s-2676B__SMS.err,/home/barry/projects/github/Mixture-of-Prefetchers/results/mop_lite_train_extra/runs/20260417T161120.468895Z-9051/metrics/619.lbm_s-2676B__SMS.json,,"--warmup_instructions=5000000 --simulation_instructions=10000000 --llc_replacement_type=ship --config=/home/barry/projects/github/Mixture-of-Prefetchers/external/athena/config/nopref.ini --rob_partition_size=64,128,320 --rob_frontal_partition_ids=0 --rob_dorsal_partition_ids=2 --dram_io_freq=400 --l2c_prefetcher_types=sms --config=/home/barry/projects/github/Mixture-of-Prefetchers/external/athena/config/sms.ini --l2c_prefetcher_force_prefetch_at_llc=true",17926.0
20260417T161120.468895Z-9051,619.lbm_s-2676B,SPEC,train,Pythia,single,,,,,,0.14429,1.006136252702043,0.9853182190658291,0.14341,0.14644,1.0,113291.0,11.329098867090114,244789.0,244789.0,0.0,0.0,0.0,0.22330251767849046,0.0,0.0,0.0,0.0,0.0,0.0,0.0,0.0,0.0,0.0,113297.0,54662.0,453149.0,0.0,0.0,0.0,375401.0,754154.0,0.0,0.45,69306610.0,10000001.0,5000000,10000000,,,,,,,GS24473,be3f0ca215622397b3f79bfd2cbe3c33603dd1d4,185.519807,2026-04-17T16:19:36.323201+00:00,2026-04-17T16:22:41.843008+00:00,/home/barry/projects/github/Mixture-of-Prefetchers/artifacts/athena_traces/619.lbm_s-2676B.champsimtrace.xz,/home/barry/projects/github/Mixture-of-Prefetchers/results/mop_lite_train_extra/runs/20260417T161120.468895Z-9051/logs/619.lbm_s-2676B__Pythia.out,/home/barry/projects/github/Mixture-of-Prefetchers/results/mop_lite_train_extra/runs/20260417T161120.468895Z-9051/logs/619.lbm_s-2676B__Pythia.err,/home/barry/projects/github/Mixture-of-Prefetchers/results/mop_lite_train_extra/runs/20260417T161120.468895Z-9051/metrics/619.lbm_s-2676B__Pythia.json,,"--warmup_instructions=5000000 --simulation_instructions=10000000 --llc_replacement_type=ship --config=/home/barry/projects/github/Mixture-of-Prefetchers/external/athena/config/nopref.ini --rob_partition_size=64,128,320 --rob_frontal_partition_ids=0 --rob_dorsal_partition_ids=2 --dram_io_freq=400 --l2c_prefetcher_types=scooby --config=/home/barry/projects/github/Mixture-of-Prefetchers/external/athena/config/pythia.ini --l2c_prefetcher_force_prefetch_at_llc=true",54662.0
20260417T161120.468895Z-9051,619.lbm_s-2676B,SPEC,train,MoPLite,router,MoPLite,,Pythia,SPP+PPF,1,0.1442,1.0055086814029703,0.9847036328871893,0.14341,0.14644,1.0,113292.0,11.329198867080112,40960.0,40960.0,0.0,0.0,0.0,0.1533447265625,15432.0,23843.0,15374.0,23828.0,36314.0,25126.0,30.0,30.0,0.9962415759460861,0.9993708845363419,113298.0,6281.0,453151.0,0.0,0.0,0.0,379927.0,752482.0,0.0,0.45,69348522.0,10000001.0,5000000,10000000,500000,2048,30,50,"1.0,0.25,1.0",,GS24473,be3f0ca215622397b3f79bfd2cbe3c33603dd1d4,186.212426,2026-04-17T16:19:36.330041+00:00,2026-04-17T16:22:42.542467+00:00,/home/barry/projects/github/Mixture-of-Prefetchers/artifacts/athena_traces/619.lbm_s-2676B.champsimtrace.xz,/home/barry/projects/github/Mixture-of-Prefetchers/results/mop_lite_train_extra/runs/20260417T161120.468895Z-9051/logs/619.lbm_s-2676B__MoPLite.out,/home/barry/projects/github/Mixture-of-Prefetchers/results/mop_lite_train_extra/runs/20260417T161120.468895Z-9051/logs/619.lbm_s-2676B__MoPLite.err,/home/barry/projects/github/Mixture-of-Prefetchers/results/mop_lite_train_extra/runs/20260417T161120.468895Z-9051/metrics/619.lbm_s-2676B__MoPLite.json,,"--warmup_instructions=5000000 --simulation_instructions=10000000 --llc_replacement_type=ship --config=/home/barry/projects/github/Mixture-of-Prefetchers/external/athena/config/nopref.ini --rob_partition_size=64,128,320 --rob_frontal_partition_ids=0 --rob_dorsal_partition_ids=2 --dram_io_freq=400 --config=/home/barry/projects/github/Mixture-of-Prefetchers/external/athena/config/mop_lite.ini --mop_router_type=4 --mop_seed=1 --l2c_prefetcher_types=scooby --config=/home/barry/projects/github/Mixture-of-Prefetchers/external/athena/config/pythia.ini --l2c_prefetcher_types=spp_ppf_dev --config=/home/barry/projects/github/Mixture-of-Prefetchers/external/athena/config/spp_ppf_dev.ini --l2c_prefetcher_force_prefetch_at_llc=true",6281.0
20260417T161120.468895Z-9051,619.lbm_s-2676B,SPEC,train,MLOP,single,,,,,,0.14354,1.000906491876438,0.9801966675771648,0.14341,0.14644,1.0,113293.0,11.3293,107976.0,107976.0,0.0,0.0,0.0,0.8695265614581018,0.0,0.0,0.0,0.0,0.0,0.0,0.0,0.0,0.0,0.0,113298.0,93888.0,453139.0,0.0,0.0,0.0,366780.0,758027.0,0.0,0.45,69665166.0,10000000.0,5000000,10000000,,,,,,,GS24473,be3f0ca215622397b3f79bfd2cbe3c33603dd1d4,188.299683,2026-04-17T16:19:36.321123+00:00,2026-04-17T16:22:44.620806+00:00,/home/barry/projects/github/Mixture-of-Prefetchers/artifacts/athena_traces/619.lbm_s-2676B.champsimtrace.xz,/home/barry/projects/github/Mixture-of-Prefetchers/results/mop_lite_train_extra/runs/20260417T161120.468895Z-9051/logs/619.lbm_s-2676B__MLOP.out,/home/barry/projects/github/Mixture-of-Prefetchers/results/mop_lite_train_extra/runs/20260417T161120.468895Z-9051/logs/619.lbm_s-2676B__MLOP.err,/home/barry/projects/github/Mixture-of-Prefetchers/results/mop_lite_train_extra/runs/20260417T161120.468895Z-9051/metrics/619.lbm_s-2676B__MLOP.json,,"--warmup_instructions=5000000 --simulation_instructions=10000000 --llc_replacement_type=ship --config=/home/barry/projects/github/Mixture-of-Prefetchers/external/athena/config/nopref.ini --rob_partition_size=64,128,320 --rob_frontal_partition_ids=0 --rob_dorsal_partition_ids=2 --dram_io_freq=400 --l2c_prefetcher_types=mlop --config=/home/barry/projects/github/Mixture-of-Prefetchers/external/athena/config/mlop.ini --l2c_prefetcher_force_prefetch_at_llc=true",93888.0
20260417T161120.468895Z-9051,649.fotonik3d_s-7084B,SPEC,train,MLOP,single,,,,,,0.52627,0.8757883876121215,0.988114907998498,0.60091,0.5326,1.0,163693.0,16.369296726140654,171191.0,171191.0,0.0,0.0,0.0,0.9109006898727152,0.0,0.0,0.0,0.0,0.0,0.0,0.0,0.0,0.0,0.0,163693.0,155938.0,163693.0,0.0,0.0,0.0,54683.0,218959.0,0.0,0.06,19001498.0,10000002.0,5000000,10000000,,,,,,,GS24473,be3f0ca215622397b3f79bfd2cbe3c33603dd1d4,89.768492,2026-04-17T16:21:28.133107+00:00,2026-04-17T16:22:57.901599+00:00,/home/barry/projects/github/Mixture-of-Prefetchers/artifacts/athena_traces/649.fotonik3d_s-7084B.champsimtrace.xz,/home/barry/projects/github/Mixture-of-Prefetchers/results/mop_lite_train_extra/runs/20260417T161120.468895Z-9051/logs/649.fotonik3d_s-7084B__MLOP.out,/home/barry/projects/github/Mixture-of-Prefetchers/results/mop_lite_train_extra/runs/20260417T161120.468895Z-9051/logs/649.fotonik3d_s-7084B__MLOP.err,/home/barry/projects/github/Mixture-of-Prefetchers/results/mop_lite_train_extra/runs/20260417T161120.468895Z-9051/metrics/649.fotonik3d_s-7084B__MLOP.json,,"--warmup_instructions=5000000 --simulation_instructions=10000000 --llc_replacement_type=ship --config=/home/barry/projects/github/Mixture-of-Prefetchers/external/athena/config/nopref.ini --rob_partition_size=64,128,320 --rob_frontal_partition_ids=0 --rob_dorsal_partition_ids=2 --dram_io_freq=400 --l2c_prefetcher_types=mlop --config=/home/barry/projects/github/Mixture-of-Prefetchers/external/athena/config/mlop.ini --l2c_prefetcher_force_prefetch_at_llc=true",155938.0
20260417T161120.468895Z-9051,649.fotonik3d_s-7084B,SPEC,train,Baseline,baseline,,,,,,0.60091,1.0,1.128257604205783,0.60091,0.5326,0.0,163694.0,16.369396726120655,0.0,0.0,0.0,0.0,0.0,0.0,0.0,0.0,0.0,0.0,0.0,0.0,0.0,0.0,0.0,0.0,163694.0,0.0,163694.0,0.0,0.0,0.0,87946.0,174131.0,0.0,0.06,16641445.0,10000002.0,5000000,10000000,,,,,,,GS24473,be3f0ca215622397b3f79bfd2cbe3c33603dd1d4,96.429311,2026-04-17T16:21:27.356003+00:00,2026-04-17T16:23:03.785314+00:00,/home/barry/projects/github/Mixture-of-Prefetchers/artifacts/athena_traces/649.fotonik3d_s-7084B.champsimtrace.xz,/home/barry/projects/github/Mixture-of-Prefetchers/results/mop_lite_train_extra/runs/20260417T161120.468895Z-9051/logs/649.fotonik3d_s-7084B__Baseline.out,/home/barry/projects/github/Mixture-of-Prefetchers/results/mop_lite_train_extra/runs/20260417T161120.468895Z-9051/logs/649.fotonik3d_s-7084B__Baseline.err,/home/barry/projects/github/Mixture-of-Prefetchers/results/mop_lite_train_extra/runs/20260417T161120.468895Z-9051/metrics/649.fotonik3d_s-7084B__Baseline.json,,"--warmup_instructions=5000000 --simulation_instructions=10000000 --llc_replacement_type=ship --config=/home/barry/projects/github/Mixture-of-Prefetchers/external/athena/config/nopref.ini --rob_partition_size=64,128,320 --rob_frontal_partition_ids=0 --rob_dorsal_partition_ids=2 --dram_io_freq=400",0.0
20260417T161120.468895Z-9051,649.fotonik3d_s-7084B,SPEC,train,Pythia,single,,,,,,0.52479,0.87332545639114,0.9853360871197897,0.60091,0.5326,1.0,163693.0,16.3693,551934.0,551934.0,0.0,0.0,0.0,0.2503632680719072,0.0,0.0,0.0,0.0,0.0,0.0,0.0,0.0,0.0,0.0,163693.0,138184.0,163693.0,0.0,0.0,0.0,68209.0,218284.0,0.0,0.06,19055190.0,10000000.0,5000000,10000000,,,,,,,GS24473,be3f0ca215622397b3f79bfd2cbe3c33603dd1d4,97.702602,2026-04-17T16:21:29.431195+00:00,2026-04-17T16:23:07.133797+00:00,/home/barry/projects/github/Mixture-of-Prefetchers/artifacts/athena_traces/649.fotonik3d_s-7084B.champsimtrace.xz,/home/barry/projects/github/Mixture-of-Prefetchers/results/mop_lite_train_extra/runs/20260417T161120.468895Z-9051/logs/649.fotonik3d_s-7084B__Pythia.out,/home/barry/projects/github/Mixture-of-Prefetchers/results/mop_lite_train_extra/runs/20260417T161120.468895Z-9051/logs/649.fotonik3d_s-7084B__Pythia.err,/home/barry/projects/github/Mixture-of-Prefetchers/results/mop_lite_train_extra/runs/20260417T161120.468895Z-9051/metrics/649.fotonik3d_s-7084B__Pythia.json,,"--warmup_instructions=5000000 --simulation_instructions=10000000 --llc_replacement_type=ship --config=/home/barry/projects/github/Mixture-of-Prefetchers/external/athena/config/nopref.ini --rob_partition_size=64,128,320 --rob_frontal_partition_ids=0 --rob_dorsal_partition_ids=2 --dram_io_freq=400 --l2c_prefetcher_types=scooby --config=/home/barry/projects/github/Mixture-of-Prefetchers/external/athena/config/pythia.ini --l2c_prefetcher_force_prefetch_at_llc=true",138184.0
20260417T161120.468895Z-9051,649.fotonik3d_s-7084B,SPEC,train,SMS,single,,,,,,0.53913,0.8971892629511906,1.0122606083364627,0.60091,0.5326,1.0,163695.0,16.3695,42192.0,42192.0,0.0,0.0,0.0,0.9249620781190747,0.0,0.0,0.0,0.0,0.0,0.0,0.0,0.0,0.0,0.0,163695.0,39026.0,163695.0,0.0,0.0,0.0,87876.0,193123.0,0.0,0.06,18548375.0,10000000.0,5000000,10000000,,,,,,,GS24473,be3f0ca215622397b3f79bfd2cbe3c33603dd1d4,98.34821,2026-04-17T16:21:29.501199+00:00,2026-04-17T16:23:07.849409+00:00,/home/barry/projects/github/Mixture-of-Prefetchers/artifacts/athena_traces/649.fotonik3d_s-7084B.champsimtrace.xz,/home/barry/projects/github/Mixture-of-Prefetchers/results/mop_lite_train_extra/runs/20260417T161120.468895Z-9051/logs/649.fotonik3d_s-7084B__SMS.out,/home/barry/projects/github/Mixture-of-Prefetchers/results/mop_lite_train_extra/runs/20260417T161120.468895Z-9051/logs/649.fotonik3d_s-7084B__SMS.err,/home/barry/projects/github/Mixture-of-Prefetchers/results/mop_lite_train_extra/runs/20260417T161120.468895Z-9051/metrics/649.fotonik3d_s-7084B__SMS.json,,"--warmup_instructions=5000000 --simulation_instructions=10000000 --llc_replacement_type=ship --config=/home/barry/projects/github/Mixture-of-Prefetchers/external/athena/config/nopref.ini --rob_partition_size=64,128,320 --rob_frontal_partition_ids=0 --rob_dorsal_partition_ids=2 --dram_io_freq=400 --l2c_prefetcher_types=sms --config=/home/barry/projects/github/Mixture-of-Prefetchers/external/athena/config/sms.ini --l2c_prefetcher_force_prefetch_at_llc=true",39026.0
20260417T161120.468895Z-9051,649.fotonik3d_s-7084B,SPEC,train,SPP+PPF,single,,,,,,0.5326,0.8863224110099681,1.0,0.60091,0.5326,1.0,163694.0,16.36939345224262,172399.0,172399.0,0.0,0.0,0.0,0.5428859796170511,0.0,0.0,0.0,0.0,0.0,0.0,0.0,0.0,0.0,0.0,163694.0,93593.0,163694.0,0.0,0.0,0.0,73602.0,212699.0,0.0,0.06,18775808.0,10000004.0,5000000,10000000,,,,,,,GS24473,be3f0ca215622397b3f79bfd2cbe3c33603dd1d4,97.618624,2026-04-17T16:21:31.560713+00:00,2026-04-17T16:23:09.179337+00:00,/home/barry/projects/github/Mixture-of-Prefetchers/artifacts/athena_traces/649.fotonik3d_s-7084B.champsimtrace.xz,/home/barry/projects/github/Mixture-of-Prefetchers/results/mop_lite_train_extra/runs/20260417T161120.468895Z-9051/logs/649.fotonik3d_s-7084B__SPPplusPPF.out,/home/barry/projects/github/Mixture-of-Prefetchers/results/mop_lite_train_extra/runs/20260417T161120.468895Z-9051/logs/649.fotonik3d_s-7084B__SPPplusPPF.err,/home/barry/projects/github/Mixture-of-Prefetchers/results/mop_lite_train_extra/runs/20260417T161120.468895Z-9051/metrics/649.fotonik3d_s-7084B__SPPplusPPF.json,,"--warmup_instructions=5000000 --simulation_instructions=10000000 --llc_replacement_type=ship --config=/home/barry/projects/github/Mixture-of-Prefetchers/external/athena/config/nopref.ini --rob_partition_size=64,128,320 --rob_frontal_partition_ids=0 --rob_dorsal_partition_ids=2 --dram_io_freq=400 --l2c_prefetcher_types=spp_ppf_dev --config=/home/barry/projects/github/Mixture-of-Prefetchers/external/athena/config/spp_ppf_dev.ini --l2c_prefetcher_force_prefetch_at_llc=true",93593.0
20260417T161120.468895Z-9051,649.fotonik3d_s-7084B,SPEC,train,MoPLite,router,MoPLite,,Pythia,SPP+PPF,1,0.56993,0.9484448586310762,1.0700901239203906,0.60091,0.5326,1.0,163694.0,16.3694,28604.0,28604.0,0.0,0.0,0.0,0.322821982939449,9671.0,18162.0,9186.0,17531.0,28620.0,18484.0,23.0,22.0,0.9498500672112501,0.9652571302719964,163694.0,9234.0,163694.0,0.0,0.0,0.0,84909.0,185916.0,0.0,0.06,17546109.0,10000000.0,5000000,10000000,500000,2048,30,50,"1.0,0.25,1.0",,GS24473,be3f0ca215622397b3f79bfd2cbe3c33603dd1d4,100.273649,2026-04-17T16:21:34.277667+00:00,2026-04-17T16:23:14.551316+00:00,/home/barry/projects/github/Mixture-of-Prefetchers/artifacts/athena_traces/649.fotonik3d_s-7084B.champsimtrace.xz,/home/barry/projects/github/Mixture-of-Prefetchers/results/mop_lite_train_extra/runs/20260417T161120.468895Z-9051/logs/649.fotonik3d_s-7084B__MoPLite.out,/home/barry/projects/github/Mixture-of-Prefetchers/results/mop_lite_train_extra/runs/20260417T161120.468895Z-9051/logs/649.fotonik3d_s-7084B__MoPLite.err,/home/barry/projects/github/Mixture-of-Prefetchers/results/mop_lite_train_extra/runs/20260417T161120.468895Z-9051/metrics/649.fotonik3d_s-7084B__MoPLite.json,,"--warmup_instructions=5000000 --simulation_instructions=10000000 --llc_replacement_type=ship --config=/home/barry/projects/github/Mixture-of-Prefetchers/external/athena/config/nopref.ini --rob_partition_size=64,128,320 --rob_frontal_partition_ids=0 --rob_dorsal_partition_ids=2 --dram_io_freq=400 --config=/home/barry/projects/github/Mixture-of-Prefetchers/external/athena/config/mop_lite.ini --mop_router_type=4 --mop_seed=1 --l2c_prefetcher_types=scooby --config=/home/barry/projects/github/Mixture-of-Prefetchers/external/athena/config/pythia.ini --l2c_prefetcher_types=spp_ppf_dev --config=/home/barry/projects/github/Mixture-of-Prefetchers/external/athena/config/spp_ppf_dev.ini --l2c_prefetcher_force_prefetch_at_llc=true",9234.0
20260417T161120.468895Z-9051,parsec_2.1.facesim.simlarge.prebuilt.drop_1500M.length_250M,PARSEC,train,Baseline,baseline,,,,,,0.5756,1.0,0.9435910886706774,0.5756,0.61001,0.0,11615.0,1.1614998838500117,0.0,0.0,0.0,0.0,0.0,0.0,0.0,0.0,0.0,0.0,0.0,0.0,0.0,0.0,0.0,0.0,13915.0,0.0,14937.0,0.0,0.0,0.0,10615.0,665.0,0.0,24.26,17373138.0,10000001.0,5000000,10000000,,,,,,,GS24473,be3f0ca215622397b3f79bfd2cbe3c33603dd1d4,48.329215,2026-04-17T16:22:41.843053+00:00,2026-04-17T16:23:30.172268+00:00,/home/barry/projects/github/Mixture-of-Prefetchers/artifacts/athena_traces/parsec_2.1.facesim.simlarge.prebuilt.drop_1500M.length_250M.champsimtrace.xz,/home/barry/projects/github/Mixture-of-Prefetchers/results/mop_lite_train_extra/runs/20260417T161120.468895Z-9051/logs/parsec_2.1.facesim.simlarge.prebuilt.drop_1500M.length_250M__Baseline.out,/home/barry/projects/github/Mixture-of-Prefetchers/results/mop_lite_train_extra/runs/20260417T161120.468895Z-9051/logs/parsec_2.1.facesim.simlarge.prebuilt.drop_1500M.length_250M__Baseline.err,/home/barry/projects/github/Mixture-of-Prefetchers/results/mop_lite_train_extra/runs/20260417T161120.468895Z-9051/metrics/parsec_2.1.facesim.simlarge.prebuilt.drop_1500M.length_250M__Baseline.json,,"--warmup_instructions=5000000 --simulation_instructions=10000000 --llc_replacement_type=ship --config=/home/barry/projects/github/Mixture-of-Prefetchers/external/athena/config/nopref.ini --rob_partition_size=64,128,320 --rob_frontal_partition_ids=0 --rob_dorsal_partition_ids=2 --dram_io_freq=400",0.0
20260417T161120.468895Z-9051,parsec_2.1.facesim.simlarge.prebuilt.drop_1500M.length_250M,PARSEC,train,MLOP,single,,,,,,0.61501,1.0684676858929811,1.0081965869411975,0.5756,0.61001,1.0,11627.0,1.1626998837300115,19936.0,19936.0,0.0,0.0,0.0,0.4419642857142857,0.0,0.0,0.0,0.0,0.0,0.0,0.0,0.0,0.0,0.0,13918.0,8811.0,14946.0,0.0,0.0,0.0,15140.0,15997.0,0.0,24.26,16259905.0,10000001.0,5000000,10000000,,,,,,,GS24473,be3f0ca215622397b3f79bfd2cbe3c33603dd1d4,49.000405,2026-04-17T16:22:42.542517+00:00,2026-04-17T16:23:31.542922+00:00,/home/barry/projects/github/Mixture-of-Prefetchers/artifacts/athena_traces/parsec_2.1.facesim.simlarge.prebuilt.drop_1500M.length_250M.champsimtrace.xz,/home/barry/projects/github/Mixture-of-Prefetchers/results/mop_lite_train_extra/runs/20260417T161120.468895Z-9051/logs/parsec_2.1.facesim.simlarge.prebuilt.drop_1500M.length_250M__MLOP.out,/home/barry/projects/github/Mixture-of-Prefetchers/results/mop_lite_train_extra/runs/20260417T161120.468895Z-9051/logs/parsec_2.1.facesim.simlarge.prebuilt.drop_1500M.length_250M__MLOP.err,/home/barry/projects/github/Mixture-of-Prefetchers/results/mop_lite_train_extra/runs/20260417T161120.468895Z-9051/metrics/parsec_2.1.facesim.simlarge.prebuilt.drop_1500M.length_250M__MLOP.json,,"--warmup_instructions=5000000 --simulation_instructions=10000000 --llc_replacement_type=ship --config=/home/barry/projects/github/Mixture-of-Prefetchers/external/athena/config/nopref.ini --rob_partition_size=64,128,320 --rob_frontal_partition_ids=0 --rob_dorsal_partition_ids=2 --dram_io_freq=400 --l2c_prefetcher_types=mlop --config=/home/barry/projects/github/Mixture-of-Prefetchers/external/athena/config/mlop.ini --l2c_prefetcher_force_prefetch_at_llc=true",8811.0
20260417T161120.468895Z-9051,parsec_2.1.facesim.simlarge.prebuilt.drop_1500M.length_250M,PARSEC,train,Pythia,single,,,,,,0.61001,1.0597810979847118,1.0,0.5756,0.61001,1.0,11614.0,1.1613998838600117,24572.0,24572.0,0.0,0.0,0.0,0.2589125834282924,0.0,0.0,0.0,0.0,0.0,0.0,0.0,0.0,0.0,0.0,13916.0,6362.0,14935.0,0.0,0.0,0.0,12918.0,5256.0,0.0,24.26,16393271.0,10000001.0,5000000,10000000,,,,,,,GS24473,be3f0ca215622397b3f79bfd2cbe3c33603dd1d4,49.961975,2026-04-17T16:22:44.620839+00:00,2026-04-17T16:23:34.582814+00:00,/home/barry/projects/github/Mixture-of-Prefetchers/artifacts/athena_traces/parsec_2.1.facesim.simlarge.prebuilt.drop_1500M.length_250M.champsimtrace.xz,/home/barry/projects/github/Mixture-of-Prefetchers/results/mop_lite_train_extra/runs/20260417T161120.468895Z-9051/logs/parsec_2.1.facesim.simlarge.prebuilt.drop_1500M.length_250M__Pythia.out,/home/barry/projects/github/Mixture-of-Prefetchers/results/mop_lite_train_extra/runs/20260417T161120.468895Z-9051/logs/parsec_2.1.facesim.simlarge.prebuilt.drop_1500M.length_250M__Pythia.err,/home/barry/projects/github/Mixture-of-Prefetchers/results/mop_lite_train_extra/runs/20260417T161120.468895Z-9051/metrics/parsec_2.1.facesim.simlarge.prebuilt.drop_1500M.length_250M__Pythia.json,,"--warmup_instructions=5000000 --simulation_instructions=10000000 --llc_replacement_type=ship --config=/home/barry/projects/github/Mixture-of-Prefetchers/external/athena/config/nopref.ini --rob_partition_size=64,128,320 --rob_frontal_partition_ids=0 --rob_dorsal_partition_ids=2 --dram_io_freq=400 --l2c_prefetcher_types=scooby --config=/home/barry/projects/github/Mixture-of-Prefetchers/external/athena/config/pythia.ini --l2c_prefetcher_force_prefetch_at_llc=true",6362.0
20260417T161120.468895Z-9051,parsec_2.1.facesim.simlarge.prebuilt.drop_1500M.length_250M,PARSEC,train,SMS,single,,,,,,0.58265,1.0122480889506602,0.9551482762577662,0.5756,0.61001,1.0,11614.0,1.1613998838600117,8214.0,8214.0,0.0,0.0,0.0,0.26527879230581936,0.0,0.0,0.0,0.0,0.0,0.0,0.0,0.0,0.0,0.0,13915.0,2179.0,14936.0,0.0,0.0,0.0,12016.0,6609.0,0.0,24.26,17163056.0,10000001.0,5000000,10000000,,,,,,,GS24473,be3f0ca215622397b3f79bfd2cbe3c33603dd1d4,50.054127,2026-04-17T16:22:57.901667+00:00,2026-04-17T16:23:47.955794+00:00,/home/barry/projects/github/Mixture-of-Prefetchers/artifacts/athena_traces/parsec_2.1.facesim.simlarge.prebuilt.drop_1500M.length_250M.champsimtrace.xz,/home/barry/projects/github/Mixture-of-Prefetchers/results/mop_lite_train_extra/runs/20260417T161120.468895Z-9051/logs/parsec_2.1.facesim.simlarge.prebuilt.drop_1500M.length_250M__SMS.out,/home/barry/projects/github/Mixture-of-Prefetchers/results/mop_lite_train_extra/runs/20260417T161120.468895Z-9051/logs/parsec_2.1.facesim.simlarge.prebuilt.drop_1500M.length_250M__SMS.err,/home/barry/projects/github/Mixture-of-Prefetchers/results/mop_lite_train_extra/runs/20260417T161120.468895Z-9051/metrics/parsec_2.1.facesim.simlarge.prebuilt.drop_1500M.length_250M__SMS.json,,"--warmup_instructions=5000000 --simulation_instructions=10000000 --llc_replacement_type=ship --config=/home/barry/projects/github/Mixture-of-Prefetchers/external/athena/config/nopref.ini --rob_partition_size=64,128,320 --rob_frontal_partition_ids=0 --rob_dorsal_partition_ids=2 --dram_io_freq=400 --l2c_prefetcher_types=sms --config=/home/barry/projects/github/Mixture-of-Prefetchers/external/athena/config/sms.ini --l2c_prefetcher_force_prefetch_at_llc=true",2179.0
20260417T161120.468895Z-9051,parsec_2.1.facesim.simlarge.prebuilt.drop_1500M.length_250M,PARSEC,train,SPP+PPF,single,,,,,,0.59681,1.0368485059068797,0.9783610104752379,0.5756,0.61001,1.0,11607.0,1.1606998839300116,7112.0,7112.0,0.0,0.0,0.0,0.578037120359955,0.0,0.0,0.0,0.0,0.0,0.0,0.0,0.0,0.0,0.0,13915.0,4111.0,14929.0,0.0,0.0,0.0,11588.0,2494.0,0.0,24.26,16755647.0,10000001.0,5000000,10000000,,,,,,,GS24473,be3f0ca215622397b3f79bfd2cbe3c33603dd1d4,54.008986,2026-04-17T16:23:03.785356+00:00,2026-04-17T16:23:57.794342+00:00,/home/barry/projects/github/Mixture-of-Prefetchers/artifacts/athena_traces/parsec_2.1.facesim.simlarge.prebuilt.drop_1500M.length_250M.champsimtrace.xz,/home/barry/projects/github/Mixture-of-Prefetchers/results/mop_lite_train_extra/runs/20260417T161120.468895Z-9051/logs/parsec_2.1.facesim.simlarge.prebuilt.drop_1500M.length_250M__SPPplusPPF.out,/home/barry/projects/github/Mixture-of-Prefetchers/results/mop_lite_train_extra/runs/20260417T161120.468895Z-9051/logs/parsec_2.1.facesim.simlarge.prebuilt.drop_1500M.length_250M__SPPplusPPF.err,/home/barry/projects/github/Mixture-of-Prefetchers/results/mop_lite_train_extra/runs/20260417T161120.468895Z-9051/metrics/parsec_2.1.facesim.simlarge.prebuilt.drop_1500M.length_250M__SPPplusPPF.json,,"--warmup_instructions=5000000 --simulation_instructions=10000000 --llc_replacement_type=ship --config=/home/barry/projects/github/Mixture-of-Prefetchers/external/athena/config/nopref.ini --rob_partition_size=64,128,320 --rob_frontal_partition_ids=0 --rob_dorsal_partition_ids=2 --dram_io_freq=400 --l2c_prefetcher_types=spp_ppf_dev --config=/home/barry/projects/github/Mixture-of-Prefetchers/external/athena/config/spp_ppf_dev.ini --l2c_prefetcher_force_prefetch_at_llc=true",4111.0
20260417T161120.468895Z-9051,ligra_BFS.com-lj.ungraph.gcc_6.3.0_O3.drop_500M.length_250M,LIGRA,train,MLOP,single,,,,,,1.12567,1.0000088836771315,1.0,1.12566,1.12567,1.0,23127.0,2.31269907492037,22766.0,22766.0,0.0,0.0,0.0,1.0,0.0,0.0,0.0,0.0,0.0,0.0,0.0,0.0,0.0,0.0,23127.0,22766.0,23127.0,0.0,0.0,0.0,208.0,7148.0,0.0,2.34,8883639.0,10000004.0,5000000,10000000,,,,,,,GS24473,be3f0ca215622397b3f79bfd2cbe3c33603dd1d4,29.111016,2026-04-17T16:23:31.542964+00:00,2026-04-17T16:24:00.653980+00:00,/home/barry/projects/github/Mixture-of-Prefetchers/artifacts/athena_traces/ligra_BFS.com-lj.ungraph.gcc_6.3.0_O3.drop_500M.length_250M.champsimtrace.xz,/home/barry/projects/github/Mixture-of-Prefetchers/results/mop_lite_train_extra/runs/20260417T161120.468895Z-9051/logs/ligra_BFS.com-lj.ungraph.gcc_6.3.0_O3.drop_500M.length_250M__MLOP.out,/home/barry/projects/github/Mixture-of-Prefetchers/results/mop_lite_train_extra/runs/20260417T161120.468895Z-9051/logs/ligra_BFS.com-lj.ungraph.gcc_6.3.0_O3.drop_500M.length_250M__MLOP.err,/home/barry/projects/github/Mixture-of-Prefetchers/results/mop_lite_train_extra/runs/20260417T161120.468895Z-9051/metrics/ligra_BFS.com-lj.ungraph.gcc_6.3.0_O3.drop_500M.length_250M__MLOP.json,,"--warmup_instructions=5000000 --simulation_instructions=10000000 --llc_replacement_type=ship --config=/home/barry/projects/github/Mixture-of-Prefetchers/external/athena/config/nopref.ini --rob_partition_size=64,128,320 --rob_frontal_partition_ids=0 --rob_dorsal_partition_ids=2 --dram_io_freq=400 --l2c_prefetcher_types=mlop --config=/home/barry/projects/github/Mixture-of-Prefetchers/external/athena/config/mlop.ini --l2c_prefetcher_force_prefetch_at_llc=true",22766.0
20260417T161120.468895Z-9051,ligra_BFS.com-lj.ungraph.gcc_6.3.0_O3.drop_500M.length_250M,LIGRA,train,Baseline,baseline,,,,,,1.12566,1.0,0.9999911164017875,1.12566,1.12567,0.0,23127.0,2.3126995374600927,0.0,0.0,0.0,0.0,0.0,0.0,0.0,0.0,0.0,0.0,0.0,0.0,0.0,0.0,0.0,0.0,23127.0,0.0,23127.0,0.0,0.0,0.0,184.0,0.0,0.0,2.34,8883699.0,10000002.0,5000000,10000000,,,,,,,GS24473,be3f0ca215622397b3f79bfd2cbe3c33603dd1d4,31.265806,2026-04-17T16:23:30.172346+00:00,2026-04-17T16:24:01.438152+00:00,/home/barry/projects/github/Mixture-of-Prefetchers/artifacts/athena_traces/ligra_BFS.com-lj.ungraph.gcc_6.3.0_O3.drop_500M.length_250M.champsimtrace.xz,/home/barry/projects/github/Mixture-of-Prefetchers/results/mop_lite_train_extra/runs/20260417T161120.468895Z-9051/logs/ligra_BFS.com-lj.ungraph.gcc_6.3.0_O3.drop_500M.length_250M__Baseline.out,/home/barry/projects/github/Mixture-of-Prefetchers/results/mop_lite_train_extra/runs/20260417T161120.468895Z-9051/logs/ligra_BFS.com-lj.ungraph.gcc_6.3.0_O3.drop_500M.length_250M__Baseline.err,/home/barry/projects/github/Mixture-of-Prefetchers/results/mop_lite_train_extra/runs/20260417T161120.468895Z-9051/metrics/ligra_BFS.com-lj.ungraph.gcc_6.3.0_O3.drop_500M.length_250M__Baseline.json,,"--warmup_instructions=5000000 --simulation_instructions=10000000 --llc_replacement_type=ship --config=/home/barry/projects/github/Mixture-of-Prefetchers/external/athena/config/nopref.ini --rob_partition_size=64,128,320 --rob_frontal_partition_ids=0 --rob_dorsal_partition_ids=2 --dram_io_freq=400",0.0
20260417T161120.468895Z-9051,parsec_2.1.facesim.simlarge.prebuilt.drop_1500M.length_250M,PARSEC,train,MoPLite,router,MoPLite,,Pythia,SPP+PPF,1,0.57623,1.001094510076442,0.9446238586252684,0.5756,0.61001,1.0,11617.0,1.1616998838300117,0.0,1131.0,0.0,0.0,0.0,0.027409372236958444,551.0,580.0,305.0,405.0,0.0,2048.0,0.0,1.0,0.5535390199637024,0.6982758620689655,13915.0,31.0,14939.0,0.0,0.0,0.0,10446.0,660.0,0.0,24.26,17354184.0,10000001.0,5000000,10000000,500000,2048,30,50,"1.0,0.25,1.0",,GS24473,be3f0ca215622397b3f79bfd2cbe3c33603dd1d4,55.62668,2026-04-17T16:23:07.133864+00:00,2026-04-17T16:24:02.760544+00:00,/home/barry/projects/github/Mixture-of-Prefetchers/artifacts/athena_traces/parsec_2.1.facesim.simlarge.prebuilt.drop_1500M.length_250M.champsimtrace.xz,/home/barry/projects/github/Mixture-of-Prefetchers/results/mop_lite_train_extra/runs/20260417T161120.468895Z-9051/logs/parsec_2.1.facesim.simlarge.prebuilt.drop_1500M.length_250M__MoPLite.out,/home/barry/projects/github/Mixture-of-Prefetchers/results/mop_lite_train_extra/runs/20260417T161120.468895Z-9051/logs/parsec_2.1.facesim.simlarge.prebuilt.drop_1500M.length_250M__MoPLite.err,/home/barry/projects/github/Mixture-of-Prefetchers/results/mop_lite_train_extra/runs/20260417T161120.468895Z-9051/metrics/parsec_2.1.facesim.simlarge.prebuilt.drop_1500M.length_250M__MoPLite.json,,"--warmup_instructions=5000000 --simulation_instructions=10000000 --llc_replacement_type=ship --config=/home/barry/projects/github/Mixture-of-Prefetchers/external/athena/config/nopref.ini --rob_partition_size=64,128,320 --rob_frontal_partition_ids=0 --rob_dorsal_partition_ids=2 --dram_io_freq=400 --config=/home/barry/projects/github/Mixture-of-Prefetchers/external/athena/config/mop_lite.ini --mop_router_type=4 --mop_seed=1 --l2c_prefetcher_types=scooby --config=/home/barry/projects/github/Mixture-of-Prefetchers/external/athena/config/pythia.ini --l2c_prefetcher_types=spp_ppf_dev --config=/home/barry/projects/github/Mixture-of-Prefetchers/external/athena/config/spp_ppf_dev.ini --l2c_prefetcher_force_prefetch_at_llc=true",31.0
20260417T161120.468895Z-9051,parsec_2.1.facesim.simlarge.prebuilt.drop_1500M.length_250M,PARSEC,train,FixedSplit,router,FixedSplit,,Pythia,SPP+PPF,1,0.60978,1.0593815149409311,0.9996229570007048,0.5756,0.61001,1.0,11617.0,1.1616998838300117,27356.0,27356.0,0.0,0.0,0.0,0.23015060681386168,18297.0,9720.0,8313.0,5963.0,30720.0,30720.0,30.0,30.0,0.4543367765207411,0.613477366255144,13917.0,6296.0,14937.0,0.0,0.0,0.0,12808.0,5540.0,0.0,24.26,16399230.0,10000001.0,5000000,10000000,500000,2048,30,50,"1.0,0.25,1.0",,GS24473,be3f0ca215622397b3f79bfd2cbe3c33603dd1d4,55.506941,2026-04-17T16:23:07.849456+00:00,2026-04-17T16:24:03.356397+00:00,/home/barry/projects/github/Mixture-of-Prefetchers/artifacts/athena_traces/parsec_2.1.facesim.simlarge.prebuilt.drop_1500M.length_250M.champsimtrace.xz,/home/barry/projects/github/Mixture-of-Prefetchers/results/mop_lite_train_extra/runs/20260417T161120.468895Z-9051/logs/parsec_2.1.facesim.simlarge.prebuilt.drop_1500M.length_250M__FixedSplit.out,/home/barry/projects/github/Mixture-of-Prefetchers/results/mop_lite_train_extra/runs/20260417T161120.468895Z-9051/logs/parsec_2.1.facesim.simlarge.prebuilt.drop_1500M.length_250M__FixedSplit.err,/home/barry/projects/github/Mixture-of-Prefetchers/results/mop_lite_train_extra/runs/20260417T161120.468895Z-9051/metrics/parsec_2.1.facesim.simlarge.prebuilt.drop_1500M.length_250M__FixedSplit.json,,"--warmup_instructions=5000000 --simulation_instructions=10000000 --llc_replacement_type=ship --config=/home/barry/projects/github/Mixture-of-Prefetchers/external/athena/config/nopref.ini --rob_partition_size=64,128,320 --rob_frontal_partition_ids=0 --rob_dorsal_partition_ids=2 --dram_io_freq=400 --config=/home/barry/projects/github/Mixture-of-Prefetchers/external/athena/config/mop_lite.ini --mop_router_type=0 --mop_seed=1 --l2c_prefetcher_types=scooby --config=/home/barry/projects/github/Mixture-of-Prefetchers/external/athena/config/pythia.ini --l2c_prefetcher_types=spp_ppf_dev --config=/home/barry/projects/github/Mixture-of-Prefetchers/external/athena/config/spp_ppf_dev.ini --l2c_prefetcher_force_prefetch_at_llc=true",6296.0
20260417T161120.468895Z-9051,parsec_2.1.facesim.simlarge.prebuilt.drop_1500M.length_250M,PARSEC,train,WinnerTakeAll,router,WinnerTakeAll,,Pythia,SPP+PPF,1,0.60399,1.049322446143155,0.9901313093227979,0.5756,0.61001,1.0,11611.0,1.1610998838900115,15952.0,15952.0,0.0,0.0,0.0,0.3344408224674022,10823.0,5052.0,4852.0,3158.0,30720.0,30720.0,15.0,15.0,0.4483045366349441,0.6250989707046715,13915.0,5335.0,14933.0,0.0,0.0,0.0,12321.0,4110.0,0.0,24.26,16556541.0,10000001.0,5000000,10000000,500000,2048,30,50,"1.0,0.25,1.0",,GS24473,be3f0ca215622397b3f79bfd2cbe3c33603dd1d4,55.107266,2026-04-17T16:23:09.179380+00:00,2026-04-17T16:24:04.286646+00:00,/home/barry/projects/github/Mixture-of-Prefetchers/artifacts/athena_traces/parsec_2.1.facesim.simlarge.prebuilt.drop_1500M.length_250M.champsimtrace.xz,/home/barry/projects/github/Mixture-of-Prefetchers/results/mop_lite_train_extra/runs/20260417T161120.468895Z-9051/logs/parsec_2.1.facesim.simlarge.prebuilt.drop_1500M.length_250M__WinnerTakeAll.out,/home/barry/projects/github/Mixture-of-Prefetchers/results/mop_lite_train_extra/runs/20260417T161120.468895Z-9051/logs/parsec_2.1.facesim.simlarge.prebuilt.drop_1500M.length_250M__WinnerTakeAll.err,/home/barry/projects/github/Mixture-of-Prefetchers/results/mop_lite_train_extra/runs/20260417T161120.468895Z-9051/metrics/parsec_2.1.facesim.simlarge.prebuilt.drop_1500M.length_250M__WinnerTakeAll.json,,"--warmup_instructions=5000000 --simulation_instructions=10000000 --llc_replacement_type=ship --config=/home/barry/projects/github/Mixture-of-Prefetchers/external/athena/config/nopref.ini --rob_partition_size=64,128,320 --rob_frontal_partition_ids=0 --rob_dorsal_partition_ids=2 --dram_io_freq=400 --config=/home/barry/projects/github/Mixture-of-Prefetchers/external/athena/config/mop_lite.ini --mop_router_type=1 --mop_seed=1 --l2c_prefetcher_types=scooby --config=/home/barry/projects/github/Mixture-of-Prefetchers/external/athena/config/pythia.ini --l2c_prefetcher_types=spp_ppf_dev --config=/home/barry/projects/github/Mixture-of-Prefetchers/external/athena/config/spp_ppf_dev.ini --l2c_prefetcher_force_prefetch_at_llc=true",5335.0
20260417T161120.468895Z-9051,ligra_BFS.com-lj.ungraph.gcc_6.3.0_O3.drop_500M.length_250M,LIGRA,train,Pythia,single,,,,,,1.12567,1.0000088836771315,1.0,1.12566,1.12567,1.0,23127.0,2.31269907492037,79650.0,79650.0,0.0,0.0,0.0,0.28577526679221593,0.0,0.0,0.0,0.0,0.0,0.0,0.0,0.0,0.0,0.0,23127.0,22762.0,23127.0,0.0,0.0,0.0,200.0,1498.0,0.0,2.34,8883639.0,10000004.0,5000000,10000000,,,,,,,GS24473,be3f0ca215622397b3f79bfd2cbe3c33603dd1d4,32.241723,2026-04-17T16:23:34.582863+00:00,2026-04-17T16:24:06.824586+00:00,/home/barry/projects/github/Mixture-of-Prefetchers/artifacts/athena_traces/ligra_BFS.com-lj.ungraph.gcc_6.3.0_O3.drop_500M.length_250M.champsimtrace.xz,/home/barry/projects/github/Mixture-of-Prefetchers/results/mop_lite_train_extra/runs/20260417T161120.468895Z-9051/logs/ligra_BFS.com-lj.ungraph.gcc_6.3.0_O3.drop_500M.length_250M__Pythia.out,/home/barry/projects/github/Mixture-of-Prefetchers/results/mop_lite_train_extra/runs/20260417T161120.468895Z-9051/logs/ligra_BFS.com-lj.ungraph.gcc_6.3.0_O3.drop_500M.length_250M__Pythia.err,/home/barry/projects/github/Mixture-of-Prefetchers/results/mop_lite_train_extra/runs/20260417T161120.468895Z-9051/metrics/ligra_BFS.com-lj.ungraph.gcc_6.3.0_O3.drop_500M.length_250M__Pythia.json,,"--warmup_instructions=5000000 --simulation_instructions=10000000 --llc_replacement_type=ship --config=/home/barry/projects/github/Mixture-of-Prefetchers/external/athena/config/nopref.ini --rob_partition_size=64,128,320 --rob_frontal_partition_ids=0 --rob_dorsal_partition_ids=2 --dram_io_freq=400 --l2c_prefetcher_types=scooby --config=/home/barry/projects/github/Mixture-of-Prefetchers/external/athena/config/pythia.ini --l2c_prefetcher_force_prefetch_at_llc=true",22762.0
20260417T161120.468895Z-9051,parsec_2.1.facesim.simlarge.prebuilt.drop_1500M.length_250M,PARSEC,train,AthenaMAB,builtin,,AthenaMAB,Pythia,SPP+PPF,,0.58335,1.013464211257818,0.9562957984295339,0.5756,0.61001,1.0,11614.0,1.1613998838600117,4739.0,4739.0,0.0,0.0,0.0,0.3070267989027221,5391.0,1975.0,2381.0,1314.0,0.0,0.0,0.0,0.0,0.4416620293081061,0.6653164556962026,13915.0,1455.0,14936.0,0.0,0.0,0.0,10940.0,1657.0,0.0,24.26,17142298.0,10000001.0,5000000,10000000,500000,,,,,,GS24473,be3f0ca215622397b3f79bfd2cbe3c33603dd1d4,58.501124,2026-04-17T16:23:14.551361+00:00,2026-04-17T16:24:13.052485+00:00,/home/barry/projects/github/Mixture-of-Prefetchers/artifacts/athena_traces/parsec_2.1.facesim.simlarge.prebuilt.drop_1500M.length_250M.champsimtrace.xz,/home/barry/projects/github/Mixture-of-Prefetchers/results/mop_lite_train_extra/runs/20260417T161120.468895Z-9051/logs/parsec_2.1.facesim.simlarge.prebuilt.drop_1500M.length_250M__AthenaMAB.out,/home/barry/projects/github/Mixture-of-Prefetchers/results/mop_lite_train_extra/runs/20260417T161120.468895Z-9051/logs/parsec_2.1.facesim.simlarge.prebuilt.drop_1500M.length_250M__AthenaMAB.err,/home/barry/projects/github/Mixture-of-Prefetchers/results/mop_lite_train_extra/runs/20260417T161120.468895Z-9051/metrics/parsec_2.1.facesim.simlarge.prebuilt.drop_1500M.length_250M__AthenaMAB.json,,"--warmup_instructions=5000000 --simulation_instructions=10000000 --llc_replacement_type=ship --config=/home/barry/projects/github/Mixture-of-Prefetchers/external/athena/config/nopref.ini --rob_partition_size=64,128,320 --rob_frontal_partition_ids=0 --rob_dorsal_partition_ids=2 --dram_io_freq=400 --config=/home/barry/projects/github/Mixture-of-Prefetchers/external/athena/config/mop_lite_mab.ini --l2c_prefetcher_types=scooby --config=/home/barry/projects/github/Mixture-of-Prefetchers/external/athena/config/pythia.ini --l2c_prefetcher_types=spp_ppf_dev --config=/home/barry/projects/github/Mixture-of-Prefetchers/external/athena/config/spp_ppf_dev.ini --l2c_prefetcher_force_prefetch_at_llc=true",1455.0
20260417T161120.468895Z-9051,ligra_BFS.com-lj.ungraph.gcc_6.3.0_O3.drop_500M.length_250M,LIGRA,train,SMS,single,,,,,,1.12566,1.0,0.9999911164017875,1.12566,1.12567,1.0,23127.0,2.3126995374600927,5776.0,5776.0,0.0,0.0,0.0,1.0,0.0,0.0,0.0,0.0,0.0,0.0,0.0,0.0,0.0,0.0,23127.0,5776.0,23127.0,0.0,0.0,0.0,208.0,5776.0,0.0,2.34,8883699.0,10000002.0,5000000,10000000,,,,,,,GS24473,be3f0ca215622397b3f79bfd2cbe3c33603dd1d4,33.092579,2026-04-17T16:23:47.955843+00:00,2026-04-17T16:24:21.048422+00:00,/home/barry/projects/github/Mixture-of-Prefetchers/artifacts/athena_traces/ligra_BFS.com-lj.ungraph.gcc_6.3.0_O3.drop_500M.length_250M.champsimtrace.xz,/home/barry/projects/github/Mixture-of-Prefetchers/results/mop_lite_train_extra/runs/20260417T161120.468895Z-9051/logs/ligra_BFS.com-lj.ungraph.gcc_6.3.0_O3.drop_500M.length_250M__SMS.out,/home/barry/projects/github/Mixture-of-Prefetchers/results/mop_lite_train_extra/runs/20260417T161120.468895Z-9051/logs/ligra_BFS.com-lj.ungraph.gcc_6.3.0_O3.drop_500M.length_250M__SMS.err,/home/barry/projects/github/Mixture-of-Prefetchers/results/mop_lite_train_extra/runs/20260417T161120.468895Z-9051/metrics/ligra_BFS.com-lj.ungraph.gcc_6.3.0_O3.drop_500M.length_250M__SMS.json,,"--warmup_instructions=5000000 --simulation_instructions=10000000 --llc_replacement_type=ship --config=/home/barry/projects/github/Mixture-of-Prefetchers/external/athena/config/nopref.ini --rob_partition_size=64,128,320 --rob_frontal_partition_ids=0 --rob_dorsal_partition_ids=2 --dram_io_freq=400 --l2c_prefetcher_types=sms --config=/home/barry/projects/github/Mixture-of-Prefetchers/external/athena/config/sms.ini --l2c_prefetcher_force_prefetch_at_llc=true",5776.0
20260417T161120.468895Z-9051,649.fotonik3d_s-7084B,SPEC,train,WinnerTakeAll,router,WinnerTakeAll,,Pythia,SPP+PPF,1,0.55123,0.9173253898254313,1.0349793466015773,0.60091,0.5326,1.0,163694.0,16.369396726120655,40896.0,40896.0,0.0,0.0,0.0,0.3998435054773083,10173.0,27562.0,9595.0,26621.0,30720.0,30720.0,15.0,15.0,0.9431829352206822,0.9658587910891807,163694.0,16352.0,163694.0,0.0,0.0,0.0,85391.0,193536.0,0.0,0.06,18141329.0,10000002.0,5000000,10000000,500000,2048,30,50,"1.0,0.25,1.0",,GS24473,be3f0ca215622397b3f79bfd2cbe3c33603dd1d4,111.257216,2026-04-17T16:22:36.615022+00:00,2026-04-17T16:24:27.872238+00:00,/home/barry/projects/github/Mixture-of-Prefetchers/artifacts/athena_traces/649.fotonik3d_s-7084B.champsimtrace.xz,/home/barry/projects/github/Mixture-of-Prefetchers/results/mop_lite_train_extra/runs/20260417T161120.468895Z-9051/logs/649.fotonik3d_s-7084B__WinnerTakeAll.out,/home/barry/projects/github/Mixture-of-Prefetchers/results/mop_lite_train_extra/runs/20260417T161120.468895Z-9051/logs/649.fotonik3d_s-7084B__WinnerTakeAll.err,/home/barry/projects/github/Mixture-of-Prefetchers/results/mop_lite_train_extra/runs/20260417T161120.468895Z-9051/metrics/649.fotonik3d_s-7084B__WinnerTakeAll.json,,"--warmup_instructions=5000000 --simulation_instructions=10000000 --llc_replacement_type=ship --config=/home/barry/projects/github/Mixture-of-Prefetchers/external/athena/config/nopref.ini --rob_partition_size=64,128,320 --rob_frontal_partition_ids=0 --rob_dorsal_partition_ids=2 --dram_io_freq=400 --config=/home/barry/projects/github/Mixture-of-Prefetchers/external/athena/config/mop_lite.ini --mop_router_type=1 --mop_seed=1 --l2c_prefetcher_types=scooby --config=/home/barry/projects/github/Mixture-of-Prefetchers/external/athena/config/pythia.ini --l2c_prefetcher_types=spp_ppf_dev --config=/home/barry/projects/github/Mixture-of-Prefetchers/external/athena/config/spp_ppf_dev.ini --l2c_prefetcher_force_prefetch_at_llc=true",16352.0
20260417T161120.468895Z-9051,649.fotonik3d_s-7084B,SPEC,train,AthenaMAB,builtin,,AthenaMAB,Pythia,SPP+PPF,,0.58571,0.974705030703433,1.0997183627487797,0.60091,0.5326,1.0,163694.0,16.369396726120655,72147.0,72147.0,0.0,0.0,0.0,0.2573079961744771,51137.0,48268.0,48002.0,46542.0,0.0,0.0,0.0,0.0,0.9386940962512467,0.9642413193005718,163694.0,18564.0,163694.0,0.0,0.0,0.0,82041.0,181884.0,0.0,0.06,17073259.0,10000002.0,5000000,10000000,500000,,,,,,GS24473,be3f0ca215622397b3f79bfd2cbe3c33603dd1d4,110.36677,2026-04-17T16:22:38.367228+00:00,2026-04-17T16:24:28.733998+00:00,/home/barry/projects/github/Mixture-of-Prefetchers/artifacts/athena_traces/649.fotonik3d_s-7084B.champsimtrace.xz,/home/barry/projects/github/Mixture-of-Prefetchers/results/mop_lite_train_extra/runs/20260417T161120.468895Z-9051/logs/649.fotonik3d_s-7084B__AthenaMAB.out,/home/barry/projects/github/Mixture-of-Prefetchers/results/mop_lite_train_extra/runs/20260417T161120.468895Z-9051/logs/649.fotonik3d_s-7084B__AthenaMAB.err,/home/barry/projects/github/Mixture-of-Prefetchers/results/mop_lite_train_extra/runs/20260417T161120.468895Z-9051/metrics/649.fotonik3d_s-7084B__AthenaMAB.json,,"--warmup_instructions=5000000 --simulation_instructions=10000000 --llc_replacement_type=ship --config=/home/barry/projects/github/Mixture-of-Prefetchers/external/athena/config/nopref.ini --rob_partition_size=64,128,320 --rob_frontal_partition_ids=0 --rob_dorsal_partition_ids=2 --dram_io_freq=400 --config=/home/barry/projects/github/Mixture-of-Prefetchers/external/athena/config/mop_lite_mab.ini --l2c_prefetcher_types=scooby --config=/home/barry/projects/github/Mixture-of-Prefetchers/external/athena/config/pythia.ini --l2c_prefetcher_types=spp_ppf_dev --config=/home/barry/projects/github/Mixture-of-Prefetchers/external/athena/config/spp_ppf_dev.ini --l2c_prefetcher_force_prefetch_at_llc=true",18564.0
20260417T161120.468895Z-9051,649.fotonik3d_s-7084B,SPEC,train,FixedSplit,router,FixedSplit,,Pythia,SPP+PPF,1,0.5551,0.9237656221397547,1.0422455876830643,0.60091,0.5326,1.0,163694.0,16.369396726120655,40701.0,40701.0,0.0,0.0,0.0,0.3180020146925137,10201.0,28580.0,9602.0,27638.0,30720.0,30720.0,30.0,30.0,0.9412802666405254,0.96703988803359,163694.0,12943.0,163694.0,0.0,0.0,0.0,85846.0,191786.0,0.0,0.06,18014630.0,10000002.0,5000000,10000000,500000,2048,30,50,"1.0,0.25,1.0",,GS24473,be3f0ca215622397b3f79bfd2cbe3c33603dd1d4,112.270845,2026-04-17T16:22:36.475233+00:00,2026-04-17T16:24:28.746078+00:00,/home/barry/projects/github/Mixture-of-Prefetchers/artifacts/athena_traces/649.fotonik3d_s-7084B.champsimtrace.xz,/home/barry/projects/github/Mixture-of-Prefetchers/results/mop_lite_train_extra/runs/20260417T161120.468895Z-9051/logs/649.fotonik3d_s-7084B__FixedSplit.out,/home/barry/projects/github/Mixture-of-Prefetchers/results/mop_lite_train_extra/runs/20260417T161120.468895Z-9051/logs/649.fotonik3d_s-7084B__FixedSplit.err,/home/barry/projects/github/Mixture-of-Prefetchers/results/mop_lite_train_extra/runs/20260417T161120.468895Z-9051/metrics/649.fotonik3d_s-7084B__FixedSplit.json,,"--warmup_instructions=5000000 --simulation_instructions=10000000 --llc_replacement_type=ship --config=/home/barry/projects/github/Mixture-of-Prefetchers/external/athena/config/nopref.ini --rob_partition_size=64,128,320 --rob_frontal_partition_ids=0 --rob_dorsal_partition_ids=2 --dram_io_freq=400 --config=/home/barry/projects/github/Mixture-of-Prefetchers/external/athena/config/mop_lite.ini --mop_router_type=0 --mop_seed=1 --l2c_prefetcher_types=scooby --config=/home/barry/projects/github/Mixture-of-Prefetchers/external/athena/config/pythia.ini --l2c_prefetcher_types=spp_ppf_dev --config=/home/barry/projects/github/Mixture-of-Prefetchers/external/athena/config/spp_ppf_dev.ini --l2c_prefetcher_force_prefetch_at_llc=true",12943.0
20260417T161120.468895Z-9051,619.lbm_s-2676B,SPEC,train,FixedSplit,router,FixedSplit,,Pythia,SPP+PPF,1,0.1446,1.0082978871766264,0.987435127014477,0.14341,0.14644,1.0,113293.0,11.329297734140454,40960.0,40960.0,0.0,0.0,0.0,0.143798828125,13086.0,29283.0,13038.0,29282.0,30720.0,30720.0,30.0,30.0,0.9963319578175149,0.9999658504934603,113297.0,5890.0,453150.0,0.0,0.0,0.0,379756.0,750525.0,0.0,0.45,69158455.0,10000002.0,5000000,10000000,500000,2048,30,50,"1.0,0.25,1.0",,GS24473,be3f0ca215622397b3f79bfd2cbe3c33603dd1d4,186.968574,2026-04-17T16:21:22.265360+00:00,2026-04-17T16:24:29.233934+00:00,/home/barry/projects/github/Mixture-of-Prefetchers/artifacts/athena_traces/619.lbm_s-2676B.champsimtrace.xz,/home/barry/projects/github/Mixture-of-Prefetchers/results/mop_lite_train_extra/runs/20260417T161120.468895Z-9051/logs/619.lbm_s-2676B__FixedSplit.out,/home/barry/projects/github/Mixture-of-Prefetchers/results/mop_lite_train_extra/runs/20260417T161120.468895Z-9051/logs/619.lbm_s-2676B__FixedSplit.err,/home/barry/projects/github/Mixture-of-Prefetchers/results/mop_lite_train_extra/runs/20260417T161120.468895Z-9051/metrics/619.lbm_s-2676B__FixedSplit.json,,"--warmup_instructions=5000000 --simulation_instructions=10000000 --llc_replacement_type=ship --config=/home/barry/projects/github/Mixture-of-Prefetchers/external/athena/config/nopref.ini --rob_partition_size=64,128,320 --rob_frontal_partition_ids=0 --rob_dorsal_partition_ids=2 --dram_io_freq=400 --config=/home/barry/projects/github/Mixture-of-Prefetchers/external/athena/config/mop_lite.ini --mop_router_type=0 --mop_seed=1 --l2c_prefetcher_types=scooby --config=/home/barry/projects/github/Mixture-of-Prefetchers/external/athena/config/pythia.ini --l2c_prefetcher_types=spp_ppf_dev --config=/home/barry/projects/github/Mixture-of-Prefetchers/external/athena/config/spp_ppf_dev.ini --l2c_prefetcher_force_prefetch_at_llc=true",5890.0
20260417T161120.468895Z-9051,ligra_BFS.com-lj.ungraph.gcc_6.3.0_O3.drop_500M.length_250M,LIGRA,train,SPP+PPF,single,,,,,,1.12567,1.0000088836771315,1.0,1.12566,1.12567,1.0,23127.0,2.31269907492037,22663.0,22663.0,0.0,0.0,0.0,1.0,0.0,0.0,0.0,0.0,0.0,0.0,0.0,0.0,0.0,0.0,23127.0,22663.0,23127.0,0.0,0.0,0.0,256.0,463.0,0.0,2.34,8883639.0,10000004.0,5000000,10000000,,,,,,,GS24473,be3f0ca215622397b3f79bfd2cbe3c33603dd1d4,32.22233,2026-04-17T16:23:57.794411+00:00,2026-04-17T16:24:30.016741+00:00,/home/barry/projects/github/Mixture-of-Prefetchers/artifacts/athena_traces/ligra_BFS.com-lj.ungraph.gcc_6.3.0_O3.drop_500M.length_250M.champsimtrace.xz,/home/barry/projects/github/Mixture-of-Prefetchers/results/mop_lite_train_extra/runs/20260417T161120.468895Z-9051/logs/ligra_BFS.com-lj.ungraph.gcc_6.3.0_O3.drop_500M.length_250M__SPPplusPPF.out,/home/barry/projects/github/Mixture-of-Prefetchers/results/mop_lite_train_extra/runs/20260417T161120.468895Z-9051/logs/ligra_BFS.com-lj.ungraph.gcc_6.3.0_O3.drop_500M.length_250M__SPPplusPPF.err,/home/barry/projects/github/Mixture-of-Prefetchers/results/mop_lite_train_extra/runs/20260417T161120.468895Z-9051/metrics/ligra_BFS.com-lj.ungraph.gcc_6.3.0_O3.drop_500M.length_250M__SPPplusPPF.json,,"--warmup_instructions=5000000 --simulation_instructions=10000000 --llc_replacement_type=ship --config=/home/barry/projects/github/Mixture-of-Prefetchers/external/athena/config/nopref.ini --rob_partition_size=64,128,320 --rob_frontal_partition_ids=0 --rob_dorsal_partition_ids=2 --dram_io_freq=400 --l2c_prefetcher_types=spp_ppf_dev --config=/home/barry/projects/github/Mixture-of-Prefetchers/external/athena/config/spp_ppf_dev.ini --l2c_prefetcher_force_prefetch_at_llc=true",22663.0
20260417T161120.468895Z-9051,619.lbm_s-2676B,SPEC,train,AthenaMAB,builtin,,AthenaMAB,Pythia,SPP+PPF,,0.14702,1.025172582107245,1.0039606664845673,0.14341,0.14644,1.0,113291.0,11.329098867090114,38342.0,38342.0,0.0,0.0,0.0,0.16347608366804026,32547.0,33160.0,32488.0,33153.0,0.0,0.0,0.0,0.0,0.9981872369189173,0.999788902291918,113296.0,6268.0,453150.0,0.0,0.0,0.0,376971.0,739686.0,0.0,0.45,68016533.0,10000001.0,5000000,10000000,500000,,,,,,GS24473,be3f0ca215622397b3f79bfd2cbe3c33603dd1d4,184.737998,2026-04-17T16:21:26.754392+00:00,2026-04-17T16:24:31.492390+00:00,/home/barry/projects/github/Mixture-of-Prefetchers/artifacts/athena_traces/619.lbm_s-2676B.champsimtrace.xz,/home/barry/projects/github/Mixture-of-Prefetchers/results/mop_lite_train_extra/runs/20260417T161120.468895Z-9051/logs/619.lbm_s-2676B__AthenaMAB.out,/home/barry/projects/github/Mixture-of-Prefetchers/results/mop_lite_train_extra/runs/20260417T161120.468895Z-9051/logs/619.lbm_s-2676B__AthenaMAB.err,/home/barry/projects/github/Mixture-of-Prefetchers/results/mop_lite_train_extra/runs/20260417T161120.468895Z-9051/metrics/619.lbm_s-2676B__AthenaMAB.json,,"--warmup_instructions=5000000 --simulation_instructions=10000000 --llc_replacement_type=ship --config=/home/barry/projects/github/Mixture-of-Prefetchers/external/athena/config/nopref.ini --rob_partition_size=64,128,320 --rob_frontal_partition_ids=0 --rob_dorsal_partition_ids=2 --dram_io_freq=400 --config=/home/barry/projects/github/Mixture-of-Prefetchers/external/athena/config/mop_lite_mab.ini --l2c_prefetcher_types=scooby --config=/home/barry/projects/github/Mixture-of-Prefetchers/external/athena/config/pythia.ini --l2c_prefetcher_types=spp_ppf_dev --config=/home/barry/projects/github/Mixture-of-Prefetchers/external/athena/config/spp_ppf_dev.ini --l2c_prefetcher_force_prefetch_at_llc=true",6268.0
20260417T161120.468895Z-9051,619.lbm_s-2676B,SPEC,train,WinnerTakeAll,router,WinnerTakeAll,,Pythia,SPP+PPF,1,0.1446,1.0082978871766264,0.987435127014477,0.14341,0.14644,1.0,113292.0,11.329198867080112,40960.0,40960.0,0.0,0.0,0.0,0.1058349609375,8197.0,40075.0,8166.0,40073.0,18432.0,43008.0,9.0,21.0,0.9962181285836281,0.9999500935745477,113298.0,4335.0,453151.0,0.0,0.0,0.0,380362.0,750445.0,0.0,0.45,69158347.0,10000001.0,5000000,10000000,500000,2048,30,50,"1.0,0.25,1.0",,GS24473,be3f0ca215622397b3f79bfd2cbe3c33603dd1d4,188.065293,2026-04-17T16:21:23.747455+00:00,2026-04-17T16:24:31.812748+00:00,/home/barry/projects/github/Mixture-of-Prefetchers/artifacts/athena_traces/619.lbm_s-2676B.champsimtrace.xz,/home/barry/projects/github/Mixture-of-Prefetchers/results/mop_lite_train_extra/runs/20260417T161120.468895Z-9051/logs/619.lbm_s-2676B__WinnerTakeAll.out,/home/barry/projects/github/Mixture-of-Prefetchers/results/mop_lite_train_extra/runs/20260417T161120.468895Z-9051/logs/619.lbm_s-2676B__WinnerTakeAll.err,/home/barry/projects/github/Mixture-of-Prefetchers/results/mop_lite_train_extra/runs/20260417T161120.468895Z-9051/metrics/619.lbm_s-2676B__WinnerTakeAll.json,,"--warmup_instructions=5000000 --simulation_instructions=10000000 --llc_replacement_type=ship --config=/home/barry/projects/github/Mixture-of-Prefetchers/external/athena/config/nopref.ini --rob_partition_size=64,128,320 --rob_frontal_partition_ids=0 --rob_dorsal_partition_ids=2 --dram_io_freq=400 --config=/home/barry/projects/github/Mixture-of-Prefetchers/external/athena/config/mop_lite.ini --mop_router_type=1 --mop_seed=1 --l2c_prefetcher_types=scooby --config=/home/barry/projects/github/Mixture-of-Prefetchers/external/athena/config/pythia.ini --l2c_prefetcher_types=spp_ppf_dev --config=/home/barry/projects/github/Mixture-of-Prefetchers/external/athena/config/spp_ppf_dev.ini --l2c_prefetcher_force_prefetch_at_llc=true",4335.0
20260417T161120.468895Z-9051,ligra_BFS.com-lj.ungraph.gcc_6.3.0_O3.drop_500M.length_250M,LIGRA,train,MoPLite,router,MoPLite,,Pythia,SPP+PPF,1,1.12566,1.0,0.9999911164017875,1.12566,1.12567,1.0,23127.0,2.3126995374600927,40960.0,40960.0,0.0,0.0,0.0,0.3603515625,11328.0,22123.0,11327.0,22123.0,39367.0,22073.0,30.0,30.0,0.9999117231638418,1.0,23127.0,14760.0,23127.0,0.0,0.0,0.0,192.0,725.0,0.0,2.34,8883699.0,10000002.0,5000000,10000000,500000,2048,30,50,"1.0,0.25,1.0",,GS24473,be3f0ca215622397b3f79bfd2cbe3c33603dd1d4,34.50565,2026-04-17T16:24:00.654098+00:00,2026-04-17T16:24:35.159748+00:00,/home/barry/projects/github/Mixture-of-Prefetchers/artifacts/athena_traces/ligra_BFS.com-lj.ungraph.gcc_6.3.0_O3.drop_500M.length_250M.champsimtrace.xz,/home/barry/projects/github/Mixture-of-Prefetchers/results/mop_lite_train_extra/runs/20260417T161120.468895Z-9051/logs/ligra_BFS.com-lj.ungraph.gcc_6.3.0_O3.drop_500M.length_250M__MoPLite.out,/home/barry/projects/github/Mixture-of-Prefetchers/results/mop_lite_train_extra/runs/20260417T161120.468895Z-9051/logs/ligra_BFS.com-lj.ungraph.gcc_6.3.0_O3.drop_500M.length_250M__MoPLite.err,/home/barry/projects/github/Mixture-of-Prefetchers/results/mop_lite_train_extra/runs/20260417T161120.468895Z-9051/metrics/ligra_BFS.com-lj.ungraph.gcc_6.3.0_O3.drop_500M.length_250M__MoPLite.json,,"--warmup_instructions=5000000 --simulation_instructions=10000000 --llc_replacement_type=ship --config=/home/barry/projects/github/Mixture-of-Prefetchers/external/athena/config/nopref.ini --rob_partition_size=64,128,320 --rob_frontal_partition_ids=0 --rob_dorsal_partition_ids=2 --dram_io_freq=400 --config=/home/barry/projects/github/Mixture-of-Prefetchers/external/athena/config/mop_lite.ini --mop_router_type=4 --mop_seed=1 --l2c_prefetcher_types=scooby --config=/home/barry/projects/github/Mixture-of-Prefetchers/external/athena/config/pythia.ini --l2c_prefetcher_types=spp_ppf_dev --config=/home/barry/projects/github/Mixture-of-Prefetchers/external/athena/config/spp_ppf_dev.ini --l2c_prefetcher_force_prefetch_at_llc=true",14760.0
20260417T161120.468895Z-9051,ligra_BFS.com-lj.ungraph.gcc_6.3.0_O3.drop_500M.length_250M,LIGRA,train,FixedSplit,router,FixedSplit,,Pythia,SPP+PPF,1,1.12566,1.0,0.9999911164017875,1.12566,1.12567,1.0,23127.0,2.3126995374600927,40960.0,40960.0,0.0,0.0,0.0,0.5006103515625,8872.0,30720.0,8871.0,30720.0,30720.0,30720.0,30.0,30.0,0.9998872858431019,1.0,23127.0,20505.0,23127.0,0.0,0.0,0.0,264.0,778.0,0.0,2.34,8883699.0,10000002.0,5000000,10000000,500000,2048,30,50,"1.0,0.25,1.0",,GS24473,be3f0ca215622397b3f79bfd2cbe3c33603dd1d4,35.32856,2026-04-17T16:24:01.438214+00:00,2026-04-17T16:24:36.766774+00:00,/home/barry/projects/github/Mixture-of-Prefetchers/artifacts/athena_traces/ligra_BFS.com-lj.ungraph.gcc_6.3.0_O3.drop_500M.length_250M.champsimtrace.xz,/home/barry/projects/github/Mixture-of-Prefetchers/results/mop_lite_train_extra/runs/20260417T161120.468895Z-9051/logs/ligra_BFS.com-lj.ungraph.gcc_6.3.0_O3.drop_500M.length_250M__FixedSplit.out,/home/barry/projects/github/Mixture-of-Prefetchers/results/mop_lite_train_extra/runs/20260417T161120.468895Z-9051/logs/ligra_BFS.com-lj.ungraph.gcc_6.3.0_O3.drop_500M.length_250M__FixedSplit.err,/home/barry/projects/github/Mixture-of-Prefetchers/results/mop_lite_train_extra/runs/20260417T161120.468895Z-9051/metrics/ligra_BFS.com-lj.ungraph.gcc_6.3.0_O3.drop_500M.length_250M__FixedSplit.json,,"--warmup_instructions=5000000 --simulation_instructions=10000000 --llc_replacement_type=ship --config=/home/barry/projects/github/Mixture-of-Prefetchers/external/athena/config/nopref.ini --rob_partition_size=64,128,320 --rob_frontal_partition_ids=0 --rob_dorsal_partition_ids=2 --dram_io_freq=400 --config=/home/barry/projects/github/Mixture-of-Prefetchers/external/athena/config/mop_lite.ini --mop_router_type=0 --mop_seed=1 --l2c_prefetcher_types=scooby --config=/home/barry/projects/github/Mixture-of-Prefetchers/external/athena/config/pythia.ini --l2c_prefetcher_types=spp_ppf_dev --config=/home/barry/projects/github/Mixture-of-Prefetchers/external/athena/config/spp_ppf_dev.ini --l2c_prefetcher_force_prefetch_at_llc=true",20505.0
20260417T161120.468895Z-9051,ligra_BFS.com-lj.ungraph.gcc_6.3.0_O3.drop_500M.length_250M,LIGRA,train,WinnerTakeAll,router,WinnerTakeAll,,Pythia,SPP+PPF,1,1.12566,1.0,0.9999911164017875,1.12566,1.12567,1.0,23127.0,2.3126995374600927,40960.0,40960.0,0.0,0.0,0.0,0.2867919921875,17364.0,1024.0,17363.0,1024.0,61440.0,0.0,30.0,0.0,0.9999424095830454,1.0,23127.0,11747.0,23127.0,0.0,0.0,0.0,240.0,857.0,0.0,2.34,8883699.0,10000002.0,5000000,10000000,500000,2048,30,50,"1.0,0.25,1.0",,GS24473,be3f0ca215622397b3f79bfd2cbe3c33603dd1d4,35.883851,2026-04-17T16:24:02.760625+00:00,2026-04-17T16:24:38.644476+00:00,/home/barry/projects/github/Mixture-of-Prefetchers/artifacts/athena_traces/ligra_BFS.com-lj.ungraph.gcc_6.3.0_O3.drop_500M.length_250M.champsimtrace.xz,/home/barry/projects/github/Mixture-of-Prefetchers/results/mop_lite_train_extra/runs/20260417T161120.468895Z-9051/logs/ligra_BFS.com-lj.ungraph.gcc_6.3.0_O3.drop_500M.length_250M__WinnerTakeAll.out,/home/barry/projects/github/Mixture-of-Prefetchers/results/mop_lite_train_extra/runs/20260417T161120.468895Z-9051/logs/ligra_BFS.com-lj.ungraph.gcc_6.3.0_O3.drop_500M.length_250M__WinnerTakeAll.err,/home/barry/projects/github/Mixture-of-Prefetchers/results/mop_lite_train_extra/runs/20260417T161120.468895Z-9051/metrics/ligra_BFS.com-lj.ungraph.gcc_6.3.0_O3.drop_500M.length_250M__WinnerTakeAll.json,,"--warmup_instructions=5000000 --simulation_instructions=10000000 --llc_replacement_type=ship --config=/home/barry/projects/github/Mixture-of-Prefetchers/external/athena/config/nopref.ini --rob_partition_size=64,128,320 --rob_frontal_partition_ids=0 --rob_dorsal_partition_ids=2 --dram_io_freq=400 --config=/home/barry/projects/github/Mixture-of-Prefetchers/external/athena/config/mop_lite.ini --mop_router_type=1 --mop_seed=1 --l2c_prefetcher_types=scooby --config=/home/barry/projects/github/Mixture-of-Prefetchers/external/athena/config/pythia.ini --l2c_prefetcher_types=spp_ppf_dev --config=/home/barry/projects/github/Mixture-of-Prefetchers/external/athena/config/spp_ppf_dev.ini --l2c_prefetcher_force_prefetch_at_llc=true",11747.0
20260417T161120.468895Z-9051,ligra_BFS.com-lj.ungraph.gcc_6.3.0_O3.drop_500M.length_250M,LIGRA,train,AthenaMAB,builtin,,AthenaMAB,Pythia,SPP+PPF,,1.12567,1.0000088836771315,1.0,1.12566,1.12567,1.0,23127.0,2.31269907492037,20475.0,20475.0,0.0,0.0,0.0,0.27824175824175823,9131.0,9084.0,9101.0,9076.0,0.0,0.0,0.0,0.0,0.9967144891030555,0.9991193306913254,23127.0,5697.0,23127.0,0.0,0.0,0.0,208.0,335.0,0.0,2.34,8883639.0,10000004.0,5000000,10000000,500000,,,,,,GS24473,be3f0ca215622397b3f79bfd2cbe3c33603dd1d4,36.834127,2026-04-17T16:24:03.356491+00:00,2026-04-17T16:24:40.190618+00:00,/home/barry/projects/github/Mixture-of-Prefetchers/artifacts/athena_traces/ligra_BFS.com-lj.ungraph.gcc_6.3.0_O3.drop_500M.length_250M.champsimtrace.xz,/home/barry/projects/github/Mixture-of-Prefetchers/results/mop_lite_train_extra/runs/20260417T161120.468895Z-9051/logs/ligra_BFS.com-lj.ungraph.gcc_6.3.0_O3.drop_500M.length_250M__AthenaMAB.out,/home/barry/projects/github/Mixture-of-Prefetchers/results/mop_lite_train_extra/runs/20260417T161120.468895Z-9051/logs/ligra_BFS.com-lj.ungraph.gcc_6.3.0_O3.drop_500M.length_250M__AthenaMAB.err,/home/barry/projects/github/Mixture-of-Prefetchers/results/mop_lite_train_extra/runs/20260417T161120.468895Z-9051/metrics/ligra_BFS.com-lj.ungraph.gcc_6.3.0_O3.drop_500M.length_250M__AthenaMAB.json,,"--warmup_instructions=5000000 --simulation_instructions=10000000 --llc_replacement_type=ship --config=/home/barry/projects/github/Mixture-of-Prefetchers/external/athena/config/nopref.ini --rob_partition_size=64,128,320 --rob_frontal_partition_ids=0 --rob_dorsal_partition_ids=2 --dram_io_freq=400 --config=/home/barry/projects/github/Mixture-of-Prefetchers/external/athena/config/mop_lite_mab.ini --l2c_prefetcher_types=scooby --config=/home/barry/projects/github/Mixture-of-Prefetchers/external/athena/config/pythia.ini --l2c_prefetcher_types=spp_ppf_dev --config=/home/barry/projects/github/Mixture-of-Prefetchers/external/athena/config/spp_ppf_dev.ini --l2c_prefetcher_force_prefetch_at_llc=true",5697.0
20260417T161120.468895Z-9051,ligra_Triangle.com-lj.ungraph.gcc_6.3.0_O3.drop_750M.length_250M,LIGRA,train,Baseline,baseline,,,,,,1.12583,1.0,1.0,1.12583,1.12583,0.0,23374.0,2.3373992987802104,0.0,0.0,0.0,0.0,0.0,0.0,0.0,0.0,0.0,0.0,0.0,0.0,0.0,0.0,0.0,0.0,23374.0,0.0,23374.0,0.0,0.0,0.0,192.0,0.0,0.0,2.33,8882337.0,10000003.0,5000000,10000000,,,,,,,GS24473,be3f0ca215622397b3f79bfd2cbe3c33603dd1d4,36.615588,2026-04-17T16:24:04.286723+00:00,2026-04-17T16:24:40.902311+00:00,/home/barry/projects/github/Mixture-of-Prefetchers/artifacts/athena_traces/ligra_Triangle.com-lj.ungraph.gcc_6.3.0_O3.drop_750M.length_250M.champsimtrace.xz,/home/barry/projects/github/Mixture-of-Prefetchers/results/mop_lite_train_extra/runs/20260417T161120.468895Z-9051/logs/ligra_Triangle.com-lj.ungraph.gcc_6.3.0_O3.drop_750M.length_250M__Baseline.out,/home/barry/projects/github/Mixture-of-Prefetchers/results/mop_lite_train_extra/runs/20260417T161120.468895Z-9051/logs/ligra_Triangle.com-lj.ungraph.gcc_6.3.0_O3.drop_750M.length_250M__Baseline.err,/home/barry/projects/github/Mixture-of-Prefetchers/results/mop_lite_train_extra/runs/20260417T161120.468895Z-9051/metrics/ligra_Triangle.com-lj.ungraph.gcc_6.3.0_O3.drop_750M.length_250M__Baseline.json,,"--warmup_instructions=5000000 --simulation_instructions=10000000 --llc_replacement_type=ship --config=/home/barry/projects/github/Mixture-of-Prefetchers/external/athena/config/nopref.ini --rob_partition_size=64,128,320 --rob_frontal_partition_ids=0 --rob_dorsal_partition_ids=2 --dram_io_freq=400",0.0
20260417T161120.468895Z-9051,ligra_Triangle.com-lj.ungraph.gcc_6.3.0_O3.drop_750M.length_250M,LIGRA,train,MLOP,single,,,,,,1.12583,1.0,1.0,1.12583,1.12583,1.0,23374.0,2.3373992987802104,22997.0,22997.0,0.0,0.0,0.0,1.0004783232595555,0.0,0.0,0.0,0.0,0.0,0.0,0.0,0.0,0.0,0.0,23374.0,23008.0,23374.0,0.0,0.0,0.0,200.0,7258.0,0.0,2.33,8882337.0,10000003.0,5000000,10000000,,,,,,,GS24473,be3f0ca215622397b3f79bfd2cbe3c33603dd1d4,34.873023,2026-04-17T16:24:06.824666+00:00,2026-04-17T16:24:41.697689+00:00,/home/barry/projects/github/Mixture-of-Prefetchers/artifacts/athena_traces/ligra_Triangle.com-lj.ungraph.gcc_6.3.0_O3.drop_750M.length_250M.champsimtrace.xz,/home/barry/projects/github/Mixture-of-Prefetchers/results/mop_lite_train_extra/runs/20260417T161120.468895Z-9051/logs/ligra_Triangle.com-lj.ungraph.gcc_6.3.0_O3.drop_750M.length_250M__MLOP.out,/home/barry/projects/github/Mixture-of-Prefetchers/results/mop_lite_train_extra/runs/20260417T161120.468895Z-9051/logs/ligra_Triangle.com-lj.ungraph.gcc_6.3.0_O3.drop_750M.length_250M__MLOP.err,/home/barry/projects/github/Mixture-of-Prefetchers/results/mop_lite_train_extra/runs/20260417T161120.468895Z-9051/metrics/ligra_Triangle.com-lj.ungraph.gcc_6.3.0_O3.drop_750M.length_250M__MLOP.json,,"--warmup_instructions=5000000 --simulation_instructions=10000000 --llc_replacement_type=ship --config=/home/barry/projects/github/Mixture-of-Prefetchers/external/athena/config/nopref.ini --rob_partition_size=64,128,320 --rob_frontal_partition_ids=0 --rob_dorsal_partition_ids=2 --dram_io_freq=400 --l2c_prefetcher_types=mlop --config=/home/barry/projects/github/Mixture-of-Prefetchers/external/athena/config/mlop.ini --l2c_prefetcher_force_prefetch_at_llc=true",23008.0
20260417T161120.468895Z-9051,ligra_Triangle.com-lj.ungraph.gcc_6.3.0_O3.drop_750M.length_250M,LIGRA,train,Pythia,single,,,,,,1.12583,1.0,1.0,1.12583,1.12583,1.0,23374.0,2.3373992987802104,80523.0,80523.0,0.0,0.0,0.0,0.2857071892502763,0.0,0.0,0.0,0.0,0.0,0.0,0.0,0.0,0.0,0.0,23374.0,23006.0,23374.0,0.0,0.0,0.0,192.0,1505.0,0.0,2.33,8882337.0,10000003.0,5000000,10000000,,,,,,,GS24473,be3f0ca215622397b3f79bfd2cbe3c33603dd1d4,35.358271,2026-04-17T16:24:13.052576+00:00,2026-04-17T16:24:48.410847+00:00,/home/barry/projects/github/Mixture-of-Prefetchers/artifacts/athena_traces/ligra_Triangle.com-lj.ungraph.gcc_6.3.0_O3.drop_750M.length_250M.champsimtrace.xz,/home/barry/projects/github/Mixture-of-Prefetchers/results/mop_lite_train_extra/runs/20260417T161120.468895Z-9051/logs/ligra_Triangle.com-lj.ungraph.gcc_6.3.0_O3.drop_750M.length_250M__Pythia.out,/home/barry/projects/github/Mixture-of-Prefetchers/results/mop_lite_train_extra/runs/20260417T161120.468895Z-9051/logs/ligra_Triangle.com-lj.ungraph.gcc_6.3.0_O3.drop_750M.length_250M__Pythia.err,/home/barry/projects/github/Mixture-of-Prefetchers/results/mop_lite_train_extra/runs/20260417T161120.468895Z-9051/metrics/ligra_Triangle.com-lj.ungraph.gcc_6.3.0_O3.drop_750M.length_250M__Pythia.json,,"--warmup_instructions=5000000 --simulation_instructions=10000000 --llc_replacement_type=ship --config=/home/barry/projects/github/Mixture-of-Prefetchers/external/athena/config/nopref.ini --rob_partition_size=64,128,320 --rob_frontal_partition_ids=0 --rob_dorsal_partition_ids=2 --dram_io_freq=400 --l2c_prefetcher_types=scooby --config=/home/barry/projects/github/Mixture-of-Prefetchers/external/athena/config/pythia.ini --l2c_prefetcher_force_prefetch_at_llc=true",23006.0
20260417T161120.468895Z-9051,ligra_Triangle.com-lj.ungraph.gcc_6.3.0_O3.drop_750M.length_250M,LIGRA,train,SMS,single,,,,,,1.12583,1.0,1.0,1.12583,1.12583,1.0,23374.0,2.3373992987802104,5840.0,5840.0,0.0,0.0,0.0,1.0,0.0,0.0,0.0,0.0,0.0,0.0,0.0,0.0,0.0,0.0,23374.0,5840.0,23374.0,0.0,0.0,0.0,192.0,5840.0,0.0,2.33,8882337.0,10000003.0,5000000,10000000,,,,,,,GS24473,be3f0ca215622397b3f79bfd2cbe3c33603dd1d4,35.025024,2026-04-17T16:24:21.048487+00:00,2026-04-17T16:24:56.073511+00:00,/home/barry/projects/github/Mixture-of-Prefetchers/artifacts/athena_traces/ligra_Triangle.com-lj.ungraph.gcc_6.3.0_O3.drop_750M.length_250M.champsimtrace.xz,/home/barry/projects/github/Mixture-of-Prefetchers/results/mop_lite_train_extra/runs/20260417T161120.468895Z-9051/logs/ligra_Triangle.com-lj.ungraph.gcc_6.3.0_O3.drop_750M.length_250M__SMS.out,/home/barry/projects/github/Mixture-of-Prefetchers/results/mop_lite_train_extra/runs/20260417T161120.468895Z-9051/logs/ligra_Triangle.com-lj.ungraph.gcc_6.3.0_O3.drop_750M.length_250M__SMS.err,/home/barry/projects/github/Mixture-of-Prefetchers/results/mop_lite_train_extra/runs/20260417T161120.468895Z-9051/metrics/ligra_Triangle.com-lj.ungraph.gcc_6.3.0_O3.drop_750M.length_250M__SMS.json,,"--warmup_instructions=5000000 --simulation_instructions=10000000 --llc_replacement_type=ship --config=/home/barry/projects/github/Mixture-of-Prefetchers/external/athena/config/nopref.ini --rob_partition_size=64,128,320 --rob_frontal_partition_ids=0 --rob_dorsal_partition_ids=2 --dram_io_freq=400 --l2c_prefetcher_types=sms --config=/home/barry/projects/github/Mixture-of-Prefetchers/external/athena/config/sms.ini --l2c_prefetcher_force_prefetch_at_llc=true",5840.0
20260417T161120.468895Z-9051,ligra_Triangle.com-lj.ungraph.gcc_6.3.0_O3.drop_750M.length_250M,LIGRA,train,SPP+PPF,single,,,,,,1.12583,1.0,1.0,1.12583,1.12583,1.0,23374.0,2.3373992987802104,22913.0,22913.0,0.0,0.0,0.0,1.0,0.0,0.0,0.0,0.0,0.0,0.0,0.0,0.0,0.0,0.0,23374.0,22913.0,23374.0,0.0,0.0,0.0,240.0,457.0,0.0,2.33,8882337.0,10000003.0,5000000,10000000,,,,,,,GS24473,be3f0ca215622397b3f79bfd2cbe3c33603dd1d4,33.415142,2026-04-17T16:24:27.872326+00:00,2026-04-17T16:25:01.287468+00:00,/home/barry/projects/github/Mixture-of-Prefetchers/artifacts/athena_traces/ligra_Triangle.com-lj.ungraph.gcc_6.3.0_O3.drop_750M.length_250M.champsimtrace.xz,/home/barry/projects/github/Mixture-of-Prefetchers/results/mop_lite_train_extra/runs/20260417T161120.468895Z-9051/logs/ligra_Triangle.com-lj.ungraph.gcc_6.3.0_O3.drop_750M.length_250M__SPPplusPPF.out,/home/barry/projects/github/Mixture-of-Prefetchers/results/mop_lite_train_extra/runs/20260417T161120.468895Z-9051/logs/ligra_Triangle.com-lj.ungraph.gcc_6.3.0_O3.drop_750M.length_250M__SPPplusPPF.err,/home/barry/projects/github/Mixture-of-Prefetchers/results/mop_lite_train_extra/runs/20260417T161120.468895Z-9051/metrics/ligra_Triangle.com-lj.ungraph.gcc_6.3.0_O3.drop_750M.length_250M__SPPplusPPF.json,,"--warmup_instructions=5000000 --simulation_instructions=10000000 --llc_replacement_type=ship --config=/home/barry/projects/github/Mixture-of-Prefetchers/external/athena/config/nopref.ini --rob_partition_size=64,128,320 --rob_frontal_partition_ids=0 --rob_dorsal_partition_ids=2 --dram_io_freq=400 --l2c_prefetcher_types=spp_ppf_dev --config=/home/barry/projects/github/Mixture-of-Prefetchers/external/athena/config/spp_ppf_dev.ini --l2c_prefetcher_force_prefetch_at_llc=true",22913.0
20260417T161120.468895Z-9051,ligra_Triangle.com-lj.ungraph.gcc_6.3.0_O3.drop_750M.length_250M,LIGRA,train,MoPLite,router,MoPLite,,Pythia,SPP+PPF,1,1.12583,1.0,1.0,1.12583,1.12583,1.0,23374.0,2.3373992987802104,40960.0,40960.0,0.0,0.0,0.0,0.3623291015625,11290.0,22213.0,11289.0,22213.0,39241.0,22199.0,30.0,30.0,0.999911426040744,1.0,23374.0,14841.0,23374.0,0.0,0.0,0.0,208.0,733.0,0.0,2.33,8882337.0,10000003.0,5000000,10000000,500000,2048,30,50,"1.0,0.25,1.0",,GS24473,be3f0ca215622397b3f79bfd2cbe3c33603dd1d4,33.534379,2026-04-17T16:24:28.734074+00:00,2026-04-17T16:25:02.268453+00:00,/home/barry/projects/github/Mixture-of-Prefetchers/artifacts/athena_traces/ligra_Triangle.com-lj.ungraph.gcc_6.3.0_O3.drop_750M.length_250M.champsimtrace.xz,/home/barry/projects/github/Mixture-of-Prefetchers/results/mop_lite_train_extra/runs/20260417T161120.468895Z-9051/logs/ligra_Triangle.com-lj.ungraph.gcc_6.3.0_O3.drop_750M.length_250M__MoPLite.out,/home/barry/projects/github/Mixture-of-Prefetchers/results/mop_lite_train_extra/runs/20260417T161120.468895Z-9051/logs/ligra_Triangle.com-lj.ungraph.gcc_6.3.0_O3.drop_750M.length_250M__MoPLite.err,/home/barry/projects/github/Mixture-of-Prefetchers/results/mop_lite_train_extra/runs/20260417T161120.468895Z-9051/metrics/ligra_Triangle.com-lj.ungraph.gcc_6.3.0_O3.drop_750M.length_250M__MoPLite.json,,"--warmup_instructions=5000000 --simulation_instructions=10000000 --llc_replacement_type=ship --config=/home/barry/projects/github/Mixture-of-Prefetchers/external/athena/config/nopref.ini --rob_partition_size=64,128,320 --rob_frontal_partition_ids=0 --rob_dorsal_partition_ids=2 --dram_io_freq=400 --config=/home/barry/projects/github/Mixture-of-Prefetchers/external/athena/config/mop_lite.ini --mop_router_type=4 --mop_seed=1 --l2c_prefetcher_types=scooby --config=/home/barry/projects/github/Mixture-of-Prefetchers/external/athena/config/pythia.ini --l2c_prefetcher_types=spp_ppf_dev --config=/home/barry/projects/github/Mixture-of-Prefetchers/external/athena/config/spp_ppf_dev.ini --l2c_prefetcher_force_prefetch_at_llc=true",14841.0
20260417T161120.468895Z-9051,ligra_Triangle.com-lj.ungraph.gcc_6.3.0_O3.drop_750M.length_250M,LIGRA,train,FixedSplit,router,FixedSplit,,Pythia,SPP+PPF,1,1.12583,1.0,1.0,1.12583,1.12583,1.0,23374.0,2.3373992987802104,40960.0,40960.0,0.0,0.0,0.0,0.5005126953125,8855.0,30720.0,8854.0,30720.0,30720.0,30720.0,30.0,30.0,0.9998870694522869,1.0,23374.0,20501.0,23374.0,0.0,0.0,0.0,208.0,769.0,0.0,2.33,8882337.0,10000003.0,5000000,10000000,500000,2048,30,50,"1.0,0.25,1.0",,GS24473,be3f0ca215622397b3f79bfd2cbe3c33603dd1d4,33.937458,2026-04-17T16:24:28.746142+00:00,2026-04-17T16:25:02.683600+00:00,/home/barry/projects/github/Mixture-of-Prefetchers/artifacts/athena_traces/ligra_Triangle.com-lj.ungraph.gcc_6.3.0_O3.drop_750M.length_250M.champsimtrace.xz,/home/barry/projects/github/Mixture-of-Prefetchers/results/mop_lite_train_extra/runs/20260417T161120.468895Z-9051/logs/ligra_Triangle.com-lj.ungraph.gcc_6.3.0_O3.drop_750M.length_250M__FixedSplit.out,/home/barry/projects/github/Mixture-of-Prefetchers/results/mop_lite_train_extra/runs/20260417T161120.468895Z-9051/logs/ligra_Triangle.com-lj.ungraph.gcc_6.3.0_O3.drop_750M.length_250M__FixedSplit.err,/home/barry/projects/github/Mixture-of-Prefetchers/results/mop_lite_train_extra/runs/20260417T161120.468895Z-9051/metrics/ligra_Triangle.com-lj.ungraph.gcc_6.3.0_O3.drop_750M.length_250M__FixedSplit.json,,"--warmup_instructions=5000000 --simulation_instructions=10000000 --llc_replacement_type=ship --config=/home/barry/projects/github/Mixture-of-Prefetchers/external/athena/config/nopref.ini --rob_partition_size=64,128,320 --rob_frontal_partition_ids=0 --rob_dorsal_partition_ids=2 --dram_io_freq=400 --config=/home/barry/projects/github/Mixture-of-Prefetchers/external/athena/config/mop_lite.ini --mop_router_type=0 --mop_seed=1 --l2c_prefetcher_types=scooby --config=/home/barry/projects/github/Mixture-of-Prefetchers/external/athena/config/pythia.ini --l2c_prefetcher_types=spp_ppf_dev --config=/home/barry/projects/github/Mixture-of-Prefetchers/external/athena/config/spp_ppf_dev.ini --l2c_prefetcher_force_prefetch_at_llc=true",20501.0
20260417T161120.468895Z-9051,ligra_Triangle.com-lj.ungraph.gcc_6.3.0_O3.drop_750M.length_250M,LIGRA,train,AthenaMAB,builtin,,AthenaMAB,Pythia,SPP+PPF,,1.12583,1.0,1.0,1.12583,1.12583,1.0,23374.0,2.3373992987802104,46546.0,46546.0,0.0,0.0,0.0,0.24732522665750012,14981.0,14904.0,14934.0,14891.0,0.0,0.0,0.0,0.0,0.9968626927441426,0.9991277509393451,23374.0,11512.0,23374.0,0.0,0.0,0.0,240.0,726.0,0.0,2.33,8882337.0,10000003.0,5000000,10000000,500000,,,,,,GS24473,be3f0ca215622397b3f79bfd2cbe3c33603dd1d4,33.028279,2026-04-17T16:24:30.016824+00:00,2026-04-17T16:25:03.045103+00:00,/home/barry/projects/github/Mixture-of-Prefetchers/artifacts/athena_traces/ligra_Triangle.com-lj.ungraph.gcc_6.3.0_O3.drop_750M.length_250M.champsimtrace.xz,/home/barry/projects/github/Mixture-of-Prefetchers/results/mop_lite_train_extra/runs/20260417T161120.468895Z-9051/logs/ligra_Triangle.com-lj.ungraph.gcc_6.3.0_O3.drop_750M.length_250M__AthenaMAB.out,/home/barry/projects/github/Mixture-of-Prefetchers/results/mop_lite_train_extra/runs/20260417T161120.468895Z-9051/logs/ligra_Triangle.com-lj.ungraph.gcc_6.3.0_O3.drop_750M.length_250M__AthenaMAB.err,/home/barry/projects/github/Mixture-of-Prefetchers/results/mop_lite_train_extra/runs/20260417T161120.468895Z-9051/metrics/ligra_Triangle.com-lj.ungraph.gcc_6.3.0_O3.drop_750M.length_250M__AthenaMAB.json,,"--warmup_instructions=5000000 --simulation_instructions=10000000 --llc_replacement_type=ship --config=/home/barry/projects/github/Mixture-of-Prefetchers/external/athena/config/nopref.ini --rob_partition_size=64,128,320 --rob_frontal_partition_ids=0 --rob_dorsal_partition_ids=2 --dram_io_freq=400 --config=/home/barry/projects/github/Mixture-of-Prefetchers/external/athena/config/mop_lite_mab.ini --l2c_prefetcher_types=scooby --config=/home/barry/projects/github/Mixture-of-Prefetchers/external/athena/config/pythia.ini --l2c_prefetcher_types=spp_ppf_dev --config=/home/barry/projects/github/Mixture-of-Prefetchers/external/athena/config/spp_ppf_dev.ini --l2c_prefetcher_force_prefetch_at_llc=true",11512.0
20260417T161120.468895Z-9051,ligra_Triangle.com-lj.ungraph.gcc_6.3.0_O3.drop_750M.length_250M,LIGRA,train,WinnerTakeAll,router,WinnerTakeAll,,Pythia,SPP+PPF,1,1.12583,1.0,1.0,1.12583,1.12583,1.0,23374.0,2.3373992987802104,40960.0,40960.0,0.0,0.0,0.0,0.287060546875,17338.0,1024.0,17337.0,1024.0,61440.0,0.0,30.0,0.0,0.9999423232206713,1.0,23374.0,11758.0,23374.0,0.0,0.0,0.0,216.0,864.0,0.0,2.33,8882337.0,10000003.0,5000000,10000000,500000,2048,30,50,"1.0,0.25,1.0",,GS24473,be3f0ca215622397b3f79bfd2cbe3c33603dd1d4,34.445349,2026-04-17T16:24:29.234041+00:00,2026-04-17T16:25:03.679390+00:00,/home/barry/projects/github/Mixture-of-Prefetchers/artifacts/athena_traces/ligra_Triangle.com-lj.ungraph.gcc_6.3.0_O3.drop_750M.length_250M.champsimtrace.xz,/home/barry/projects/github/Mixture-of-Prefetchers/results/mop_lite_train_extra/runs/20260417T161120.468895Z-9051/logs/ligra_Triangle.com-lj.ungraph.gcc_6.3.0_O3.drop_750M.length_250M__WinnerTakeAll.out,/home/barry/projects/github/Mixture-of-Prefetchers/results/mop_lite_train_extra/runs/20260417T161120.468895Z-9051/logs/ligra_Triangle.com-lj.ungraph.gcc_6.3.0_O3.drop_750M.length_250M__WinnerTakeAll.err,/home/barry/projects/github/Mixture-of-Prefetchers/results/mop_lite_train_extra/runs/20260417T161120.468895Z-9051/metrics/ligra_Triangle.com-lj.ungraph.gcc_6.3.0_O3.drop_750M.length_250M__WinnerTakeAll.json,,"--warmup_instructions=5000000 --simulation_instructions=10000000 --llc_replacement_type=ship --config=/home/barry/projects/github/Mixture-of-Prefetchers/external/athena/config/nopref.ini --rob_partition_size=64,128,320 --rob_frontal_partition_ids=0 --rob_dorsal_partition_ids=2 --dram_io_freq=400 --config=/home/barry/projects/github/Mixture-of-Prefetchers/external/athena/config/mop_lite.ini --mop_router_type=1 --mop_seed=1 --l2c_prefetcher_types=scooby --config=/home/barry/projects/github/Mixture-of-Prefetchers/external/athena/config/pythia.ini --l2c_prefetcher_types=spp_ppf_dev --config=/home/barry/projects/github/Mixture-of-Prefetchers/external/athena/config/spp_ppf_dev.ini --l2c_prefetcher_force_prefetch_at_llc=true",11758.0
20260417T161120.468895Z-9051,secret_compute_int_243,CVP,train,MLOP,single,,,,,,0.26075,1.7648054145516074,0.9969413114127317,0.14775,0.26155,1.0,339725.0,33.9725,344551.0,344551.0,0.0,0.0,0.0,0.955161935388375,0.0,0.0,0.0,0.0,0.0,0.0,0.0,0.0,0.0,0.0,338476.0,329102.0,343039.0,0.0,0.0,0.0,17501.0,350031.0,0.0,1.77,38351225.0,10000000.0,5000000,10000000,,,,,,,GS24473,be3f0ca215622397b3f79bfd2cbe3c33603dd1d4,92.098105,2026-04-17T16:24:31.813459+00:00,2026-04-17T16:26:03.911564+00:00,/home/barry/projects/github/Mixture-of-Prefetchers/artifacts/athena_traces/compute_int_243.champsim.gz,/home/barry/projects/github/Mixture-of-Prefetchers/results/mop_lite_train_extra/runs/20260417T161120.468895Z-9051/logs/secret_compute_int_243__MLOP.out,/home/barry/projects/github/Mixture-of-Prefetchers/results/mop_lite_train_extra/runs/20260417T161120.468895Z-9051/logs/secret_compute_int_243__MLOP.err,/home/barry/projects/github/Mixture-of-Prefetchers/results/mop_lite_train_extra/runs/20260417T161120.468895Z-9051/metrics/secret_compute_int_243__MLOP.json,,"--warmup_instructions=5000000 --simulation_instructions=10000000 --llc_replacement_type=ship --config=/home/barry/projects/github/Mixture-of-Prefetchers/external/athena/config/nopref.ini --rob_partition_size=64,128,320 --rob_frontal_partition_ids=0 --rob_dorsal_partition_ids=2 --dram_io_freq=400 --l2c_prefetcher_types=mlop --config=/home/barry/projects/github/Mixture-of-Prefetchers/external/athena/config/mlop.ini --l2c_prefetcher_force_prefetch_at_llc=true",329102.0
20260417T161120.468895Z-9051,secret_compute_int_243,CVP,train,Pythia,single,,,,,,0.26155,1.7702199661590525,1.0,0.14775,0.26155,1.0,339723.0,33.9723,1170066.0,1170066.0,0.0,0.0,0.0,0.27673481666846145,0.0,0.0,0.0,0.0,0.0,0.0,0.0,0.0,0.0,0.0,338472.0,323798.0,343039.0,0.0,0.0,0.0,32641.0,103460.0,0.0,1.77,38233896.0,10000000.0,5000000,10000000,,,,,,,GS24473,be3f0ca215622397b3f79bfd2cbe3c33603dd1d4,90.677588,2026-04-17T16:24:35.160333+00:00,2026-04-17T16:26:05.837921+00:00,/home/barry/projects/github/Mixture-of-Prefetchers/artifacts/athena_traces/compute_int_243.champsim.gz,/home/barry/projects/github/Mixture-of-Prefetchers/results/mop_lite_train_extra/runs/20260417T161120.468895Z-9051/logs/secret_compute_int_243__Pythia.out,/home/barry/projects/github/Mixture-of-Prefetchers/results/mop_lite_train_extra/runs/20260417T161120.468895Z-9051/logs/secret_compute_int_243__Pythia.err,/home/barry/projects/github/Mixture-of-Prefetchers/results/mop_lite_train_extra/runs/20260417T161120.468895Z-9051/metrics/secret_compute_int_243__Pythia.json,,"--warmup_instructions=5000000 --simulation_instructions=10000000 --llc_replacement_type=ship --config=/home/barry/projects/github/Mixture-of-Prefetchers/external/athena/config/nopref.ini --rob_partition_size=64,128,320 --rob_frontal_partition_ids=0 --rob_dorsal_partition_ids=2 --dram_io_freq=400 --l2c_prefetcher_types=scooby --config=/home/barry/projects/github/Mixture-of-Prefetchers/external/athena/config/pythia.ini --l2c_prefetcher_force_prefetch_at_llc=true",323798.0
20260417T161120.468895Z-9051,secret_compute_int_243,CVP,train,SPP+PPF,single,,,,,,0.24277,1.643113367174281,0.9281972854138788,0.14775,0.26155,1.0,339717.0,33.9717,333197.0,333197.0,0.0,0.0,0.0,0.8729490361557877,0.0,0.0,0.0,0.0,0.0,0.0,0.0,0.0,0.0,0.0,338463.0,290864.0,343039.0,0.0,0.0,0.0,63342.0,36088.0,0.0,1.77,41191670.0,10000000.0,5000000,10000000,,,,,,,GS24473,be3f0ca215622397b3f79bfd2cbe3c33603dd1d4,88.406687,2026-04-17T16:24:38.644539+00:00,2026-04-17T16:26:07.051226+00:00,/home/barry/projects/github/Mixture-of-Prefetchers/artifacts/athena_traces/compute_int_243.champsim.gz,/home/barry/projects/github/Mixture-of-Prefetchers/results/mop_lite_train_extra/runs/20260417T161120.468895Z-9051/logs/secret_compute_int_243__SPPplusPPF.out,/home/barry/projects/github/Mixture-of-Prefetchers/results/mop_lite_train_extra/runs/20260417T161120.468895Z-9051/logs/secret_compute_int_243__SPPplusPPF.err,/home/barry/projects/github/Mixture-of-Prefetchers/results/mop_lite_train_extra/runs/20260417T161120.468895Z-9051/metrics/secret_compute_int_243__SPPplusPPF.json,,"--warmup_instructions=5000000 --simulation_instructions=10000000 --llc_replacement_type=ship --config=/home/barry/projects/github/Mixture-of-Prefetchers/external/athena/config/nopref.ini --rob_partition_size=64,128,320 --rob_frontal_partition_ids=0 --rob_dorsal_partition_ids=2 --dram_io_freq=400 --l2c_prefetcher_types=spp_ppf_dev --config=/home/barry/projects/github/Mixture-of-Prefetchers/external/athena/config/spp_ppf_dev.ini --l2c_prefetcher_force_prefetch_at_llc=true",290864.0
20260417T161120.468895Z-9051,secret_compute_int_243,CVP,train,Baseline,baseline,,,,,,0.14775,1.0,0.5649015484610973,0.14775,0.26155,0.0,339717.0,33.9717,0.0,0.0,0.0,0.0,0.0,0.0,0.0,0.0,0.0,0.0,0.0,0.0,0.0,0.0,0.0,0.0,338462.0,0.0,343039.0,0.0,0.0,0.0,9388.0,7840.0,0.0,1.77,67682987.0,10000000.0,5000000,10000000,,,,,,,GS24473,be3f0ca215622397b3f79bfd2cbe3c33603dd1d4,100.277208,2026-04-17T16:24:31.492472+00:00,2026-04-17T16:26:11.769680+00:00,/home/barry/projects/github/Mixture-of-Prefetchers/artifacts/athena_traces/compute_int_243.champsim.gz,/home/barry/projects/github/Mixture-of-Prefetchers/results/mop_lite_train_extra/runs/20260417T161120.468895Z-9051/logs/secret_compute_int_243__Baseline.out,/home/barry/projects/github/Mixture-of-Prefetchers/results/mop_lite_train_extra/runs/20260417T161120.468895Z-9051/logs/secret_compute_int_243__Baseline.err,/home/barry/projects/github/Mixture-of-Prefetchers/results/mop_lite_train_extra/runs/20260417T161120.468895Z-9051/metrics/secret_compute_int_243__Baseline.json,,"--warmup_instructions=5000000 --simulation_instructions=10000000 --llc_replacement_type=ship --config=/home/barry/projects/github/Mixture-of-Prefetchers/external/athena/config/nopref.ini --rob_partition_size=64,128,320 --rob_frontal_partition_ids=0 --rob_dorsal_partition_ids=2 --dram_io_freq=400",0.0
20260417T161120.468895Z-9051,secret_compute_int_243,CVP,train,SMS,single,,,,,,0.16607,1.1239932318104908,0.6349455171095393,0.14775,0.26155,1.0,339718.0,33.9718,85890.0,85890.0,0.0,0.0,0.0,0.9603446268482944,0.0,0.0,0.0,0.0,0.0,0.0,0.0,0.0,0.0,0.0,338462.0,82484.0,343040.0,0.0,0.0,0.0,12039.0,94400.0,0.0,1.77,60215306.0,10000000.0,5000000,10000000,,,,,,,GS24473,be3f0ca215622397b3f79bfd2cbe3c33603dd1d4,95.04565,2026-04-17T16:24:36.766885+00:00,2026-04-17T16:26:11.812535+00:00,/home/barry/projects/github/Mixture-of-Prefetchers/artifacts/athena_traces/compute_int_243.champsim.gz,/home/barry/projects/github/Mixture-of-Prefetchers/results/mop_lite_train_extra/runs/20260417T161120.468895Z-9051/logs/secret_compute_int_243__SMS.out,/home/barry/projects/github/Mixture-of-Prefetchers/results/mop_lite_train_extra/runs/20260417T161120.468895Z-9051/logs/secret_compute_int_243__SMS.err,/home/barry/projects/github/Mixture-of-Prefetchers/results/mop_lite_train_extra/runs/20260417T161120.468895Z-9051/metrics/secret_compute_int_243__SMS.json,,"--warmup_instructions=5000000 --simulation_instructions=10000000 --llc_replacement_type=ship --config=/home/barry/projects/github/Mixture-of-Prefetchers/external/athena/config/nopref.ini --rob_partition_size=64,128,320 --rob_frontal_partition_ids=0 --rob_dorsal_partition_ids=2 --dram_io_freq=400 --l2c_prefetcher_types=sms --config=/home/barry/projects/github/Mixture-of-Prefetchers/external/athena/config/sms.ini --l2c_prefetcher_force_prefetch_at_llc=true",82484.0
20260417T161120.468895Z-9051,secret_compute_int_243,CVP,train,MoPLite,router,MoPLite,,Pythia,SPP+PPF,1,0.15071,1.0200338409475467,0.5762186962339897,0.14775,0.26155,1.0,339715.0,33.9715,40960.0,40960.0,0.0,0.0,0.0,0.3634765625,11526.0,22283.0,11789.0,22536.0,38907.0,22533.0,30.0,30.0,1.0228179767482215,1.0113539469550779,338460.0,14888.0,343039.0,0.0,0.0,0.0,9856.0,10308.0,0.0,1.77,66351790.0,10000000.0,5000000,10000000,500000,2048,30,50,"1.0,0.25,1.0",,GS24473,be3f0ca215622397b3f79bfd2cbe3c33603dd1d4,97.994608,2026-04-17T16:24:40.190729+00:00,2026-04-17T16:26:18.185337+00:00,/home/barry/projects/github/Mixture-of-Prefetchers/artifacts/athena_traces/compute_int_243.champsim.gz,/home/barry/projects/github/Mixture-of-Prefetchers/results/mop_lite_train_extra/runs/20260417T161120.468895Z-9051/logs/secret_compute_int_243__MoPLite.out,/home/barry/projects/github/Mixture-of-Prefetchers/results/mop_lite_train_extra/runs/20260417T161120.468895Z-9051/logs/secret_compute_int_243__MoPLite.err,/home/barry/projects/github/Mixture-of-Prefetchers/results/mop_lite_train_extra/runs/20260417T161120.468895Z-9051/metrics/secret_compute_int_243__MoPLite.json,,"--warmup_instructions=5000000 --simulation_instructions=10000000 --llc_replacement_type=ship --config=/home/barry/projects/github/Mixture-of-Prefetchers/external/athena/config/nopref.ini --rob_partition_size=64,128,320 --rob_frontal_partition_ids=0 --rob_dorsal_partition_ids=2 --dram_io_freq=400 --config=/home/barry/projects/github/Mixture-of-Prefetchers/external/athena/config/mop_lite.ini --mop_router_type=4 --mop_seed=1 --l2c_prefetcher_types=scooby --config=/home/barry/projects/github/Mixture-of-Prefetchers/external/athena/config/pythia.ini --l2c_prefetcher_types=spp_ppf_dev --config=/home/barry/projects/github/Mixture-of-Prefetchers/external/athena/config/spp_ppf_dev.ini --l2c_prefetcher_force_prefetch_at_llc=true",14888.0
20260417T161120.468895Z-9051,secret_compute_int_243,CVP,train,WinnerTakeAll,router,WinnerTakeAll,,Pythia,SPP+PPF,1,0.15001,1.0152961082910323,0.57354234372013,0.14775,0.26155,1.0,339717.0,33.9717,40960.0,40960.0,0.0,0.0,0.0,0.273193359375,17741.0,1024.0,17925.0,1024.0,61440.0,0.0,30.0,0.0,1.0103714559494956,1.0,338463.0,11190.0,343039.0,0.0,0.0,0.0,9550.0,10613.0,0.0,1.77,66662950.0,10000000.0,5000000,10000000,500000,2048,30,50,"1.0,0.25,1.0",,GS24473,be3f0ca215622397b3f79bfd2cbe3c33603dd1d4,96.70622,2026-04-17T16:24:41.697826+00:00,2026-04-17T16:26:18.404046+00:00,/home/barry/projects/github/Mixture-of-Prefetchers/artifacts/athena_traces/compute_int_243.champsim.gz,/home/barry/projects/github/Mixture-of-Prefetchers/results/mop_lite_train_extra/runs/20260417T161120.468895Z-9051/logs/secret_compute_int_243__WinnerTakeAll.out,/home/barry/projects/github/Mixture-of-Prefetchers/results/mop_lite_train_extra/runs/20260417T161120.468895Z-9051/logs/secret_compute_int_243__WinnerTakeAll.err,/home/barry/projects/github/Mixture-of-Prefetchers/results/mop_lite_train_extra/runs/20260417T161120.468895Z-9051/metrics/secret_compute_int_243__WinnerTakeAll.json,,"--warmup_instructions=5000000 --simulation_instructions=10000000 --llc_replacement_type=ship --config=/home/barry/projects/github/Mixture-of-Prefetchers/external/athena/config/nopref.ini --rob_partition_size=64,128,320 --rob_frontal_partition_ids=0 --rob_dorsal_partition_ids=2 --dram_io_freq=400 --config=/home/barry/projects/github/Mixture-of-Prefetchers/external/athena/config/mop_lite.ini --mop_router_type=1 --mop_seed=1 --l2c_prefetcher_types=scooby --config=/home/barry/projects/github/Mixture-of-Prefetchers/external/athena/config/pythia.ini --l2c_prefetcher_types=spp_ppf_dev --config=/home/barry/projects/github/Mixture-of-Prefetchers/external/athena/config/spp_ppf_dev.ini --l2c_prefetcher_force_prefetch_at_llc=true",11190.0
20260417T161120.468895Z-9051,secret_compute_int_243,CVP,train,FixedSplit,router,FixedSplit,,Pythia,SPP+PPF,1,0.15152,1.0255160744500846,0.5793156184285987,0.14775,0.26155,1.0,339715.0,33.9715,40960.0,40960.0,0.0,0.0,0.0,0.4700439453125,8998.0,30485.0,9182.0,30721.0,30720.0,30720.0,30.0,30.0,1.0204489886641477,1.0077415122191242,338460.0,19253.0,343039.0,0.0,0.0,0.0,10920.0,11133.0,0.0,1.77,65999620.0,10000000.0,5000000,10000000,500000,2048,30,50,"1.0,0.25,1.0",,GS24473,be3f0ca215622397b3f79bfd2cbe3c33603dd1d4,97.683852,2026-04-17T16:24:40.902395+00:00,2026-04-17T16:26:18.586247+00:00,/home/barry/projects/github/Mixture-of-Prefetchers/artifacts/athena_traces/compute_int_243.champsim.gz,/home/barry/projects/github/Mixture-of-Prefetchers/results/mop_lite_train_extra/runs/20260417T161120.468895Z-9051/logs/secret_compute_int_243__FixedSplit.out,/home/barry/projects/github/Mixture-of-Prefetchers/results/mop_lite_train_extra/runs/20260417T161120.468895Z-9051/logs/secret_compute_int_243__FixedSplit.err,/home/barry/projects/github/Mixture-of-Prefetchers/results/mop_lite_train_extra/runs/20260417T161120.468895Z-9051/metrics/secret_compute_int_243__FixedSplit.json,,"--warmup_instructions=5000000 --simulation_instructions=10000000 --llc_replacement_type=ship --config=/home/barry/projects/github/Mixture-of-Prefetchers/external/athena/config/nopref.ini --rob_partition_size=64,128,320 --rob_frontal_partition_ids=0 --rob_dorsal_partition_ids=2 --dram_io_freq=400 --config=/home/barry/projects/github/Mixture-of-Prefetchers/external/athena/config/mop_lite.ini --mop_router_type=0 --mop_seed=1 --l2c_prefetcher_types=scooby --config=/home/barry/projects/github/Mixture-of-Prefetchers/external/athena/config/pythia.ini --l2c_prefetcher_types=spp_ppf_dev --config=/home/barry/projects/github/Mixture-of-Prefetchers/external/athena/config/spp_ppf_dev.ini --l2c_prefetcher_force_prefetch_at_llc=true",19253.0
20260417T161120.468895Z-9051,secret_compute_int_243,CVP,train,AthenaMAB,builtin,,AthenaMAB,Pythia,SPP+PPF,,0.17126,1.15912013536379,0.6547887593194418,0.14775,0.26155,1.0,339715.0,33.9715,393967.0,393967.0,0.0,0.0,0.0,0.2621107859287707,158678.0,156081.0,158283.0,156073.0,0.0,0.0,0.0,0.0,0.9975106820101085,0.9999487445621184,338460.0,103263.0,343039.0,0.0,0.0,0.0,23362.0,40086.0,0.0,1.77,58389262.0,10000000.0,5000000,10000000,500000,,,,,,GS24473,be3f0ca215622397b3f79bfd2cbe3c33603dd1d4,91.338311,2026-04-17T16:24:48.410973+00:00,2026-04-17T16:26:19.749284+00:00,/home/barry/projects/github/Mixture-of-Prefetchers/artifacts/athena_traces/compute_int_243.champsim.gz,/home/barry/projects/github/Mixture-of-Prefetchers/results/mop_lite_train_extra/runs/20260417T161120.468895Z-9051/logs/secret_compute_int_243__AthenaMAB.out,/home/barry/projects/github/Mixture-of-Prefetchers/results/mop_lite_train_extra/runs/20260417T161120.468895Z-9051/logs/secret_compute_int_243__AthenaMAB.err,/home/barry/projects/github/Mixture-of-Prefetchers/results/mop_lite_train_extra/runs/20260417T161120.468895Z-9051/metrics/secret_compute_int_243__AthenaMAB.json,,"--warmup_instructions=5000000 --simulation_instructions=10000000 --llc_replacement_type=ship --config=/home/barry/projects/github/Mixture-of-Prefetchers/external/athena/config/nopref.ini --rob_partition_size=64,128,320 --rob_frontal_partition_ids=0 --rob_dorsal_partition_ids=2 --dram_io_freq=400 --config=/home/barry/projects/github/Mixture-of-Prefetchers/external/athena/config/mop_lite_mab.ini --l2c_prefetcher_types=scooby --config=/home/barry/projects/github/Mixture-of-Prefetchers/external/athena/config/pythia.ini --l2c_prefetcher_types=spp_ppf_dev --config=/home/barry/projects/github/Mixture-of-Prefetchers/external/athena/config/spp_ppf_dev.ini --l2c_prefetcher_force_prefetch_at_llc=true",103263.0
20260417T151729.578876Z-1964,437.leslie3d-134B,SPEC,heldout,Pythia,single,,,,,,1.69905,1.1429253723311223,1.0,1.48658,1.69905,1.0,177721.0,3.55442,1300326.0,1300326.0,0.0,0.0,0.0,0.09587749533578503,0.0,0.0,0.0,0.0,0.0,0.0,0.0,0.0,0.0,0.0,457179.0,124672.0,177721.0,0.0,0.0,0.0,92283.0,171060.0,0.0,0.24,29428176.0,50000000.0,20000000,50000000,,,,,,,GS24473,26a4a00e6667949c1081dbcc263f408cf9f23c3b,334.258822,2026-04-17T15:17:29.585818+00:00,2026-04-17T15:23:03.844640+00:00,/home/barry/projects/github/Mixture-of-Prefetchers/artifacts/athena_traces/437.leslie3d-134B.champsimtrace.xz,/home/barry/projects/github/Mixture-of-Prefetchers/results/mop_lite_final/runs/20260417T151729.578876Z-1964/logs/437.leslie3d-134B__Pythia.out,/home/barry/projects/github/Mixture-of-Prefetchers/results/mop_lite_final/runs/20260417T151729.578876Z-1964/logs/437.leslie3d-134B__Pythia.err,/home/barry/projects/github/Mixture-of-Prefetchers/results/mop_lite_final/runs/20260417T151729.578876Z-1964/metrics/437.leslie3d-134B__Pythia.json,,"--warmup_instructions=20000000 --simulation_instructions=50000000 --llc_replacement_type=ship --config=/home/barry/projects/github/Mixture-of-Prefetchers/external/athena/config/nopref.ini --rob_partition_size=64,128,320 --rob_frontal_partition_ids=0 --rob_dorsal_partition_ids=2 --dram_io_freq=400 --l2c_prefetcher_types=scooby --config=/home/barry/projects/github/Mixture-of-Prefetchers/external/athena/config/pythia.ini --l2c_prefetcher_force_prefetch_at_llc=true",124672.0
20260417T151729.578876Z-1964,437.leslie3d-134B,SPEC,heldout,MLOP,single,,,,,,1.50151,1.0100431863740935,0.8837350283982225,1.48658,1.69905,1.0,177722.0,3.554439715644823,175642.0,175642.0,0.0,0.0,0.0,0.8636829459924164,0.0,0.0,0.0,0.0,0.0,0.0,0.0,0.0,0.0,0.0,457154.0,151699.0,177723.0,0.0,0.0,0.0,56963.0,211329.0,0.0,0.24,33299880.0,50000004.0,20000000,50000000,,,,,,,GS24473,26a4a00e6667949c1081dbcc263f408cf9f23c3b,335.77172,2026-04-17T15:17:29.585502+00:00,2026-04-17T15:23:05.357222+00:00,/home/barry/projects/github/Mixture-of-Prefetchers/artifacts/athena_traces/437.leslie3d-134B.champsimtrace.xz,/home/barry/projects/github/Mixture-of-Prefetchers/results/mop_lite_final/runs/20260417T151729.578876Z-1964/logs/437.leslie3d-134B__MLOP.out,/home/barry/projects/github/Mixture-of-Prefetchers/results/mop_lite_final/runs/20260417T151729.578876Z-1964/logs/437.leslie3d-134B__MLOP.err,/home/barry/projects/github/Mixture-of-Prefetchers/results/mop_lite_final/runs/20260417T151729.578876Z-1964/metrics/437.leslie3d-134B__MLOP.json,,"--warmup_instructions=20000000 --simulation_instructions=50000000 --llc_replacement_type=ship --config=/home/barry/projects/github/Mixture-of-Prefetchers/external/athena/config/nopref.ini --rob_partition_size=64,128,320 --rob_frontal_partition_ids=0 --rob_dorsal_partition_ids=2 --dram_io_freq=400 --l2c_prefetcher_types=mlop --config=/home/barry/projects/github/Mixture-of-Prefetchers/external/athena/config/mlop.ini --l2c_prefetcher_force_prefetch_at_llc=true",151699.0
20260417T151729.578876Z-1964,437.leslie3d-134B,SPEC,heldout,SPP+PPF,single,,,,,,1.67704,1.1281195764775525,0.9870457020099468,1.48658,1.69905,1.0,177721.0,3.55442,490517.0,490517.0,0.0,0.0,0.0,0.12379387462615975,0.0,0.0,0.0,0.0,0.0,0.0,0.0,0.0,0.0,0.0,457160.0,60723.0,177721.0,0.0,0.0,0.0,100482.0,160968.0,0.0,0.24,29814417.0,50000000.0,20000000,50000000,,,,,,,GS24473,26a4a00e6667949c1081dbcc263f408cf9f23c3b,337.982663,2026-04-17T15:17:29.586744+00:00,2026-04-17T15:23:07.569407+00:00,/home/barry/projects/github/Mixture-of-Prefetchers/artifacts/athena_traces/437.leslie3d-134B.champsimtrace.xz,/home/barry/projects/github/Mixture-of-Prefetchers/results/mop_lite_final/runs/20260417T151729.578876Z-1964/logs/437.leslie3d-134B__SPPplusPPF.out,/home/barry/projects/github/Mixture-of-Prefetchers/results/mop_lite_final/runs/20260417T151729.578876Z-1964/logs/437.leslie3d-134B__SPPplusPPF.err,/home/barry/projects/github/Mixture-of-Prefetchers/results/mop_lite_final/runs/20260417T151729.578876Z-1964/metrics/437.leslie3d-134B__SPPplusPPF.json,,"--warmup_instructions=20000000 --simulation_instructions=50000000 --llc_replacement_type=ship --config=/home/barry/projects/github/Mixture-of-Prefetchers/external/athena/config/nopref.ini --rob_partition_size=64,128,320 --rob_frontal_partition_ids=0 --rob_dorsal_partition_ids=2 --dram_io_freq=400 --l2c_prefetcher_types=spp_ppf_dev --config=/home/barry/projects/github/Mixture-of-Prefetchers/external/athena/config/spp_ppf_dev.ini --l2c_prefetcher_force_prefetch_at_llc=true",60723.0
20260417T151729.578876Z-1964,437.leslie3d-134B,SPEC,heldout,AthenaMAB,builtin,,AthenaMAB,Pythia,SPP+PPF,,1.68406,1.1328418248597452,0.9911774226773785,1.48658,1.69905,1.0,177721.0,3.55442,1384360.0,1384360.0,0.0,0.0,0.0,0.08553988846831749,490858.0,139895.0,534366.0,161896.0,0.0,0.0,0.0,0.0,1.088636632182831,1.1572679509632224,457190.0,118418.0,177721.0,0.0,0.0,0.0,92294.0,169465.0,0.0,0.24,29690239.0,50000000.0,20000000,50000000,500000,,,,,,GS24473,26a4a00e6667949c1081dbcc263f408cf9f23c3b,341.437816,2026-04-17T15:17:29.594506+00:00,2026-04-17T15:23:11.032322+00:00,/home/barry/projects/github/Mixture-of-Prefetchers/artifacts/athena_traces/437.leslie3d-134B.champsimtrace.xz,/home/barry/projects/github/Mixture-of-Prefetchers/results/mop_lite_final/runs/20260417T151729.578876Z-1964/logs/437.leslie3d-134B__AthenaMAB.out,/home/barry/projects/github/Mixture-of-Prefetchers/results/mop_lite_final/runs/20260417T151729.578876Z-1964/logs/437.leslie3d-134B__AthenaMAB.err,/home/barry/projects/github/Mixture-of-Prefetchers/results/mop_lite_final/runs/20260417T151729.578876Z-1964/metrics/437.leslie3d-134B__AthenaMAB.json,,"--warmup_instructions=20000000 --simulation_instructions=50000000 --llc_replacement_type=ship --config=/home/barry/projects/github/Mixture-of-Prefetchers/external/athena/config/nopref.ini --rob_partition_size=64,128,320 --rob_frontal_partition_ids=0 --rob_dorsal_partition_ids=2 --dram_io_freq=400 --config=/home/barry/projects/github/Mixture-of-Prefetchers/external/athena/config/mop_lite_mab.ini --l2c_prefetcher_types=scooby --config=/home/barry/projects/github/Mixture-of-Prefetchers/external/athena/config/pythia.ini --l2c_prefetcher_types=spp_ppf_dev --config=/home/barry/projects/github/Mixture-of-Prefetchers/external/athena/config/spp_ppf_dev.ini --l2c_prefetcher_force_prefetch_at_llc=true",118418.0
20260417T151729.578876Z-1964,437.leslie3d-134B,SPEC,heldout,SMS,single,,,,,,1.47429,0.9917327019063892,0.8677143109384657,1.48658,1.69905,1.0,177719.0,3.55438,225034.0,225034.0,0.0,0.0,0.0,0.34961383613142905,0.0,0.0,0.0,0.0,0.0,0.0,0.0,0.0,0.0,0.0,457195.0,78675.0,177719.0,0.0,0.0,0.0,70229.0,185521.0,0.0,0.24,33914738.0,50000000.0,20000000,50000000,,,,,,,GS24473,26a4a00e6667949c1081dbcc263f408cf9f23c3b,341.807724,2026-04-17T15:17:29.586165+00:00,2026-04-17T15:23:11.393889+00:00,/home/barry/projects/github/Mixture-of-Prefetchers/artifacts/athena_traces/437.leslie3d-134B.champsimtrace.xz,/home/barry/projects/github/Mixture-of-Prefetchers/results/mop_lite_final/runs/20260417T151729.578876Z-1964/logs/437.leslie3d-134B__SMS.out,/home/barry/projects/github/Mixture-of-Prefetchers/results/mop_lite_final/runs/20260417T151729.578876Z-1964/logs/437.leslie3d-134B__SMS.err,/home/barry/projects/github/Mixture-of-Prefetchers/results/mop_lite_final/runs/20260417T151729.578876Z-1964/metrics/437.leslie3d-134B__SMS.json,,"--warmup_instructions=20000000 --simulation_instructions=50000000 --llc_replacement_type=ship --config=/home/barry/projects/github/Mixture-of-Prefetchers/external/athena/config/nopref.ini --rob_partition_size=64,128,320 --rob_frontal_partition_ids=0 --rob_dorsal_partition_ids=2 --dram_io_freq=400 --l2c_prefetcher_types=sms --config=/home/barry/projects/github/Mixture-of-Prefetchers/external/athena/config/sms.ini --l2c_prefetcher_force_prefetch_at_llc=true",78675.0
20260417T151729.578876Z-1964,437.leslie3d-134B,SPEC,heldout,Baseline,baseline,,,,,,1.48658,1.0,0.8749477649274595,1.48658,1.69905,0.0,177720.0,3.5544,0.0,0.0,0.0,0.0,0.0,0.0,0.0,0.0,0.0,0.0,0.0,0.0,0.0,0.0,0.0,0.0,457286.0,0.0,177721.0,0.0,0.0,0.0,86350.0,94848.0,0.0,0.24,33634331.0,50000000.0,20000000,50000000,,,,,,,GS24473,26a4a00e6667949c1081dbcc263f408cf9f23c3b,354.765696,2026-04-17T15:17:29.585278+00:00,2026-04-17T15:23:24.350974+00:00,/home/barry/projects/github/Mixture-of-Prefetchers/artifacts/athena_traces/437.leslie3d-134B.champsimtrace.xz,/home/barry/projects/github/Mixture-of-Prefetchers/results/mop_lite_final/runs/20260417T151729.578876Z-1964/logs/437.leslie3d-134B__Baseline.out,/home/barry/projects/github/Mixture-of-Prefetchers/results/mop_lite_final/runs/20260417T151729.578876Z-1964/logs/437.leslie3d-134B__Baseline.err,/home/barry/projects/github/Mixture-of-Prefetchers/results/mop_lite_final/runs/20260417T151729.578876Z-1964/metrics/437.leslie3d-134B__Baseline.json,,"--warmup_instructions=20000000 --simulation_instructions=50000000 --llc_replacement_type=ship --config=/home/barry/projects/github/Mixture-of-Prefetchers/external/athena/config/nopref.ini --rob_partition_size=64,128,320 --rob_frontal_partition_ids=0 --rob_dorsal_partition_ids=2 --dram_io_freq=400",0.0
20260417T151729.578876Z-1964,437.leslie3d-134B,SPEC,heldout,OneShotFit,router,OneShotFit,,Pythia,SPP+PPF,1,1.54759,1.0410405090879737,0.9108560666254673,1.48658,1.69905,1.0,177720.0,3.5543997156480227,204800.0,204800.0,0.0,0.0,0.0,0.124990234375,541.0,218627.0,561.0,277689.0,0.0,286720.0,0.0,140.0,1.0369685767097967,1.2701496155552607,457288.0,25598.0,177720.0,0.0,0.0,0.0,101977.0,133145.0,0.0,0.24,32308265.0,50000004.0,20000000,50000000,500000,2048,30,50,"1.0,0.25,1.0",,GS24473,26a4a00e6667949c1081dbcc263f408cf9f23c3b,359.645006,2026-04-17T15:17:29.591456+00:00,2026-04-17T15:23:29.236462+00:00,/home/barry/projects/github/Mixture-of-Prefetchers/artifacts/athena_traces/437.leslie3d-134B.champsimtrace.xz,/home/barry/projects/github/Mixture-of-Prefetchers/results/mop_lite_final/runs/20260417T151729.578876Z-1964/logs/437.leslie3d-134B__OneShotFit.out,/home/barry/projects/github/Mixture-of-Prefetchers/results/mop_lite_final/runs/20260417T151729.578876Z-1964/logs/437.leslie3d-134B__OneShotFit.err,/home/barry/projects/github/Mixture-of-Prefetchers/results/mop_lite_final/runs/20260417T151729.578876Z-1964/metrics/437.leslie3d-134B__OneShotFit.json,,"--warmup_instructions=20000000 --simulation_instructions=50000000 --llc_replacement_type=ship --config=/home/barry/projects/github/Mixture-of-Prefetchers/external/athena/config/nopref.ini --rob_partition_size=64,128,320 --rob_frontal_partition_ids=0 --rob_dorsal_partition_ids=2 --dram_io_freq=400 --config=/home/barry/projects/github/Mixture-of-Prefetchers/external/athena/config/mop_lite.ini --mop_router_type=3 --mop_seed=1 --l2c_prefetcher_types=scooby --config=/home/barry/projects/github/Mixture-of-Prefetchers/external/athena/config/pythia.ini --l2c_prefetcher_types=spp_ppf_dev --config=/home/barry/projects/github/Mixture-of-Prefetchers/external/athena/config/spp_ppf_dev.ini --l2c_prefetcher_force_prefetch_at_llc=true",25598.0
20260417T151729.578876Z-1964,437.leslie3d-134B,SPEC,heldout,RandomRouter,router,RandomRouter,,Pythia,SPP+PPF,1,1.52571,1.0263221622785184,0.8979782819811071,1.48658,1.69905,1.0,177720.0,3.5543997156480227,204746.0,204746.0,0.0,0.0,0.0,0.1163490373438309,47878.0,123342.0,60212.0,156762.0,126976.0,159744.0,62.0,78.0,1.2576130999624044,1.2709539329668726,457294.0,23822.0,177720.0,0.0,0.0,0.0,102622.0,132214.0,0.0,0.24,32771731.0,50000004.0,20000000,50000000,500000,2048,30,50,"1.0,0.25,1.0",,GS24473,26a4a00e6667949c1081dbcc263f408cf9f23c3b,362.684184,2026-04-17T15:17:29.589272+00:00,2026-04-17T15:23:32.273456+00:00,/home/barry/projects/github/Mixture-of-Prefetchers/artifacts/athena_traces/437.leslie3d-134B.champsimtrace.xz,/home/barry/projects/github/Mixture-of-Prefetchers/results/mop_lite_final/runs/20260417T151729.578876Z-1964/logs/437.leslie3d-134B__RandomRouter.out,/home/barry/projects/github/Mixture-of-Prefetchers/results/mop_lite_final/runs/20260417T151729.578876Z-1964/logs/437.leslie3d-134B__RandomRouter.err,/home/barry/projects/github/Mixture-of-Prefetchers/results/mop_lite_final/runs/20260417T151729.578876Z-1964/metrics/437.leslie3d-134B__RandomRouter.json,,"--warmup_instructions=20000000 --simulation_instructions=50000000 --llc_replacement_type=ship --config=/home/barry/projects/github/Mixture-of-Prefetchers/external/athena/config/nopref.ini --rob_partition_size=64,128,320 --rob_frontal_partition_ids=0 --rob_dorsal_partition_ids=2 --dram_io_freq=400 --config=/home/barry/projects/github/Mixture-of-Prefetchers/external/athena/config/mop_lite.ini --mop_router_type=2 --mop_seed=1 --l2c_prefetcher_types=scooby --config=/home/barry/projects/github/Mixture-of-Prefetchers/external/athena/config/pythia.ini --l2c_prefetcher_types=spp_ppf_dev --config=/home/barry/projects/github/Mixture-of-Prefetchers/external/athena/config/spp_ppf_dev.ini --l2c_prefetcher_force_prefetch_at_llc=true",23822.0
20260417T151729.578876Z-1964,437.leslie3d-134B,SPEC,heldout,WinnerTakeAll,router,WinnerTakeAll,,Pythia,SPP+PPF,1,1.53399,1.0318919937036688,0.9028515935375652,1.48658,1.69905,1.0,177719.0,3.55438,204764.0,204764.0,0.0,0.0,0.0,0.12248246762126155,26325.0,166803.0,33116.0,212146.0,67584.0,219136.0,33.0,107.0,1.2579677113010446,1.2718356384477498,457290.0,25080.0,177720.0,0.0,0.0,0.0,102530.0,131385.0,0.0,0.24,32594807.0,50000000.0,20000000,50000000,500000,2048,30,50,"1.0,0.25,1.0",,GS24473,26a4a00e6667949c1081dbcc263f408cf9f23c3b,362.96836,2026-04-17T15:17:29.588082+00:00,2026-04-17T15:23:32.556442+00:00,/home/barry/projects/github/Mixture-of-Prefetchers/artifacts/athena_traces/437.leslie3d-134B.champsimtrace.xz,/home/barry/projects/github/Mixture-of-Prefetchers/results/mop_lite_final/runs/20260417T151729.578876Z-1964/logs/437.leslie3d-134B__WinnerTakeAll.out,/home/barry/projects/github/Mixture-of-Prefetchers/results/mop_lite_final/runs/20260417T151729.578876Z-1964/logs/437.leslie3d-134B__WinnerTakeAll.err,/home/barry/projects/github/Mixture-of-Prefetchers/results/mop_lite_final/runs/20260417T151729.578876Z-1964/metrics/437.leslie3d-134B__WinnerTakeAll.json,,"--warmup_instructions=20000000 --simulation_instructions=50000000 --llc_replacement_type=ship --config=/home/barry/projects/github/Mixture-of-Prefetchers/external/athena/config/nopref.ini --rob_partition_size=64,128,320 --rob_frontal_partition_ids=0 --rob_dorsal_partition_ids=2 --dram_io_freq=400 --config=/home/barry/projects/github/Mixture-of-Prefetchers/external/athena/config/mop_lite.ini --mop_router_type=1 --mop_seed=1 --l2c_prefetcher_types=scooby --config=/home/barry/projects/github/Mixture-of-Prefetchers/external/athena/config/pythia.ini --l2c_prefetcher_types=spp_ppf_dev --config=/home/barry/projects/github/Mixture-of-Prefetchers/external/athena/config/spp_ppf_dev.ini --l2c_prefetcher_force_prefetch_at_llc=true",25080.0
20260417T151729.578876Z-1964,437.leslie3d-134B,SPEC,heldout,MoPLite,router,MoPLite,,Pythia,SPP+PPF,1,1.50203,1.0103929825505522,0.8840410817809953,1.48658,1.69905,1.0,177721.0,3.554419715646423,204360.0,204360.0,0.0,0.0,0.0,0.08715502055196711,62285.0,110655.0,76366.0,146048.0,159877.0,126843.0,140.0,140.0,1.2260736935056595,1.3198499841850797,457308.0,17811.0,177722.0,0.0,0.0,0.0,100818.0,125371.0,0.0,0.24,33288229.0,50000004.0,20000000,50000000,500000,2048,30,50,"1.0,0.25,1.0",,GS24473,26a4a00e6667949c1081dbcc263f408cf9f23c3b,364.175938,2026-04-17T15:17:29.593485+00:00,2026-04-17T15:23:33.769423+00:00,/home/barry/projects/github/Mixture-of-Prefetchers/artifacts/athena_traces/437.leslie3d-134B.champsimtrace.xz,/home/barry/projects/github/Mixture-of-Prefetchers/results/mop_lite_final/runs/20260417T151729.578876Z-1964/logs/437.leslie3d-134B__MoPLite.out,/home/barry/projects/github/Mixture-of-Prefetchers/results/mop_lite_final/runs/20260417T151729.578876Z-1964/logs/437.leslie3d-134B__MoPLite.err,/home/barry/projects/github/Mixture-of-Prefetchers/results/mop_lite_final/runs/20260417T151729.578876Z-1964/metrics/437.leslie3d-134B__MoPLite.json,,"--warmup_instructions=20000000 --simulation_instructions=50000000 --llc_replacement_type=ship --config=/home/barry/projects/github/Mixture-of-Prefetchers/external/athena/config/nopref.ini --rob_partition_size=64,128,320 --rob_frontal_partition_ids=0 --rob_dorsal_partition_ids=2 --dram_io_freq=400 --config=/home/barry/projects/github/Mixture-of-Prefetchers/external/athena/config/mop_lite.ini --mop_router_type=4 --mop_seed=1 --l2c_prefetcher_types=scooby --config=/home/barry/projects/github/Mixture-of-Prefetchers/external/athena/config/pythia.ini --l2c_prefetcher_types=spp_ppf_dev --config=/home/barry/projects/github/Mixture-of-Prefetchers/external/athena/config/spp_ppf_dev.ini --l2c_prefetcher_force_prefetch_at_llc=true",17811.0
20260417T151729.578876Z-1964,437.leslie3d-134B,SPEC,heldout,FixedSplit,router,FixedSplit,,Pythia,SPP+PPF,1,1.50589,1.0129895464758034,0.8863129395838851,1.48658,1.69905,1.0,177721.0,3.55442,204414.0,204414.0,0.0,0.0,0.0,0.09130490083849442,56411.0,122360.0,66158.0,160132.0,143360.0,143360.0,140.0,140.0,1.1727854496463457,1.308695652173913,457307.0,18664.0,177722.0,0.0,0.0,0.0,101375.0,125572.0,0.0,0.24,33202901.0,50000000.0,20000000,50000000,500000,2048,30,50,"1.0,0.25,1.0",,GS24473,26a4a00e6667949c1081dbcc263f408cf9f23c3b,364.447329,2026-04-17T15:17:29.587697+00:00,2026-04-17T15:23:34.035026+00:00,/home/barry/projects/github/Mixture-of-Prefetchers/artifacts/athena_traces/437.leslie3d-134B.champsimtrace.xz,/home/barry/projects/github/Mixture-of-Prefetchers/results/mop_lite_final/runs/20260417T151729.578876Z-1964/logs/437.leslie3d-134B__FixedSplit.out,/home/barry/projects/github/Mixture-of-Prefetchers/results/mop_lite_final/runs/20260417T151729.578876Z-1964/logs/437.leslie3d-134B__FixedSplit.err,/home/barry/projects/github/Mixture-of-Prefetchers/results/mop_lite_final/runs/20260417T151729.578876Z-1964/metrics/437.leslie3d-134B__FixedSplit.json,,"--warmup_instructions=20000000 --simulation_instructions=50000000 --llc_replacement_type=ship --config=/home/barry/projects/github/Mixture-of-Prefetchers/external/athena/config/nopref.ini --rob_partition_size=64,128,320 --rob_frontal_partition_ids=0 --rob_dorsal_partition_ids=2 --dram_io_freq=400 --config=/home/barry/projects/github/Mixture-of-Prefetchers/external/athena/config/mop_lite.ini --mop_router_type=0 --mop_seed=1 --l2c_prefetcher_types=scooby --config=/home/barry/projects/github/Mixture-of-Prefetchers/external/athena/config/pythia.ini --l2c_prefetcher_types=spp_ppf_dev --config=/home/barry/projects/github/Mixture-of-Prefetchers/external/athena/config/spp_ppf_dev.ini --l2c_prefetcher_force_prefetch_at_llc=true",18664.0
20260417T151729.578876Z-1964,459.GemsFDTD-1169B,SPEC,heldout,Baseline,baseline,,,,,,1.12603,1.0,1.044322228817332,1.12603,1.07824,0.0,339551.0,6.791019864179603,0.0,0.0,0.0,0.0,0.0,0.0,0.0,0.0,0.0,0.0,0.0,0.0,0.0,0.0,0.0,0.0,1989987.0,0.0,339554.0,0.0,0.0,0.0,216952.0,251033.0,0.0,0.01,44403741.0,50000001.0,20000000,50000000,,,,,,,GS24473,26a4a00e6667949c1081dbcc263f408cf9f23c3b,478.647215,2026-04-17T15:17:29.595385+00:00,2026-04-17T15:25:28.242600+00:00,/home/barry/projects/github/Mixture-of-Prefetchers/artifacts/athena_traces/459.GemsFDTD-1169B.champsimtrace.xz,/home/barry/projects/github/Mixture-of-Prefetchers/results/mop_lite_final/runs/20260417T151729.578876Z-1964/logs/459.GemsFDTD-1169B__Baseline.out,/home/barry/projects/github/Mixture-of-Prefetchers/results/mop_lite_final/runs/20260417T151729.578876Z-1964/logs/459.GemsFDTD-1169B__Baseline.err,/home/barry/projects/github/Mixture-of-Prefetchers/results/mop_lite_final/runs/20260417T151729.578876Z-1964/metrics/459.GemsFDTD-1169B__Baseline.json,,"--warmup_instructions=20000000 --simulation_instructions=50000000 --llc_replacement_type=ship --config=/home/barry/projects/github/Mixture-of-Prefetchers/external/athena/config/nopref.ini --rob_partition_size=64,128,320 --rob_frontal_partition_ids=0 --rob_dorsal_partition_ids=2 --dram_io_freq=400",0.0
20260417T151729.578876Z-1964,459.GemsFDTD-1169B,SPEC,heldout,SMS,single,,,,,,1.1015,0.9782155004751204,1.0215721917198395,1.12603,1.07824,1.0,339550.0,6.791,972135.0,972135.0,0.0,0.0,0.0,0.07468510032042874,0.0,0.0,0.0,0.0,0.0,0.0,0.0,0.0,0.0,0.0,1989985.0,72604.0,339553.0,0.0,0.0,0.0,244841.0,321658.0,0.0,0.01,45392825.0,50000000.0,20000000,50000000,,,,,,,GS24473,26a4a00e6667949c1081dbcc263f408cf9f23c3b,494.480178,2026-04-17T15:17:29.598305+00:00,2026-04-17T15:25:44.078483+00:00,/home/barry/projects/github/Mixture-of-Prefetchers/artifacts/athena_traces/459.GemsFDTD-1169B.champsimtrace.xz,/home/barry/projects/github/Mixture-of-Prefetchers/results/mop_lite_final/runs/20260417T151729.578876Z-1964/logs/459.GemsFDTD-1169B__SMS.out,/home/barry/projects/github/Mixture-of-Prefetchers/results/mop_lite_final/runs/20260417T151729.578876Z-1964/logs/459.GemsFDTD-1169B__SMS.err,/home/barry/projects/github/Mixture-of-Prefetchers/results/mop_lite_final/runs/20260417T151729.578876Z-1964/metrics/459.GemsFDTD-1169B__SMS.json,,"--warmup_instructions=20000000 --simulation_instructions=50000000 --llc_replacement_type=ship --config=/home/barry/projects/github/Mixture-of-Prefetchers/external/athena/config/nopref.ini --rob_partition_size=64,128,320 --rob_frontal_partition_ids=0 --rob_dorsal_partition_ids=2 --dram_io_freq=400 --l2c_prefetcher_types=sms --config=/home/barry/projects/github/Mixture-of-Prefetchers/external/athena/config/sms.ini --l2c_prefetcher_force_prefetch_at_llc=true",72604.0
20260417T151729.578876Z-1964,459.GemsFDTD-1169B,SPEC,heldout,MLOP,single,,,,,,1.00325,0.8909620525208031,0.9304514764801899,1.12603,1.07824,1.0,339554.0,6.7910798641784025,284498.0,284498.0,0.0,0.0,0.0,0.5755014095002425,0.0,0.0,0.0,0.0,0.0,0.0,0.0,0.0,0.0,0.0,1989991.0,163729.0,339557.0,0.0,0.0,0.0,259000.0,410339.0,0.0,0.01,49837808.0,50000001.0,20000000,50000000,,,,,,,GS24473,26a4a00e6667949c1081dbcc263f408cf9f23c3b,510.01367,2026-04-17T15:17:29.596307+00:00,2026-04-17T15:25:59.609977+00:00,/home/barry/projects/github/Mixture-of-Prefetchers/artifacts/athena_traces/459.GemsFDTD-1169B.champsimtrace.xz,/home/barry/projects/github/Mixture-of-Prefetchers/results/mop_lite_final/runs/20260417T151729.578876Z-1964/logs/459.GemsFDTD-1169B__MLOP.out,/home/barry/projects/github/Mixture-of-Prefetchers/results/mop_lite_final/runs/20260417T151729.578876Z-1964/logs/459.GemsFDTD-1169B__MLOP.err,/home/barry/projects/github/Mixture-of-Prefetchers/results/mop_lite_final/runs/20260417T151729.578876Z-1964/metrics/459.GemsFDTD-1169B__MLOP.json,,"--warmup_instructions=20000000 --simulation_instructions=50000000 --llc_replacement_type=ship --config=/home/barry/projects/github/Mixture-of-Prefetchers/external/athena/config/nopref.ini --rob_partition_size=64,128,320 --rob_frontal_partition_ids=0 --rob_dorsal_partition_ids=2 --dram_io_freq=400 --l2c_prefetcher_types=mlop --config=/home/barry/projects/github/Mixture-of-Prefetchers/external/athena/config/mlop.ini --l2c_prefetcher_force_prefetch_at_llc=true",163729.0
20260417T151729.578876Z-1964,459.GemsFDTD-1169B,SPEC,heldout,Pythia,single,,,,,,1.07824,0.9575588572240527,1.0,1.12603,1.07824,1.0,339547.0,6.790939864181203,2205946.0,2205946.0,0.0,0.0,0.0,0.04324765882755063,0.0,0.0,0.0,0.0,0.0,0.0,0.0,0.0,0.0,0.0,1989982.0,95402.0,339550.0,0.0,0.0,0.0,266664.0,354953.0,0.0,0.01,46371911.0,50000001.0,20000000,50000000,,,,,,,GS24473,26a4a00e6667949c1081dbcc263f408cf9f23c3b,535.153643,2026-04-17T15:17:29.597635+00:00,2026-04-17T15:26:24.751278+00:00,/home/barry/projects/github/Mixture-of-Prefetchers/artifacts/athena_traces/459.GemsFDTD-1169B.champsimtrace.xz,/home/barry/projects/github/Mixture-of-Prefetchers/results/mop_lite_final/runs/20260417T151729.578876Z-1964/logs/459.GemsFDTD-1169B__Pythia.out,/home/barry/projects/github/Mixture-of-Prefetchers/results/mop_lite_final/runs/20260417T151729.578876Z-1964/logs/459.GemsFDTD-1169B__Pythia.err,/home/barry/projects/github/Mixture-of-Prefetchers/results/mop_lite_final/runs/20260417T151729.578876Z-1964/metrics/459.GemsFDTD-1169B__Pythia.json,,"--warmup_instructions=20000000 --simulation_instructions=50000000 --llc_replacement_type=ship --config=/home/barry/projects/github/Mixture-of-Prefetchers/external/athena/config/nopref.ini --rob_partition_size=64,128,320 --rob_frontal_partition_ids=0 --rob_dorsal_partition_ids=2 --dram_io_freq=400 --l2c_prefetcher_types=scooby --config=/home/barry/projects/github/Mixture-of-Prefetchers/external/athena/config/pythia.ini --l2c_prefetcher_force_prefetch_at_llc=true",95402.0
20260417T151729.578876Z-1964,471.omnetpp-188B,SPEC,heldout,Baseline,baseline,,,,,,0.30655,1.0,0.9587477325326828,0.30655,0.31974,0.0,773125.0,15.462498453750154,0.0,0.0,0.0,0.0,0.0,0.0,0.0,0.0,0.0,0.0,0.0,0.0,0.0,0.0,0.0,0.0,1000814.0,0.0,908198.0,0.0,0.0,0.0,641493.0,606893.0,0.0,5.17,163105159.0,50000005.0,20000000,50000000,,,,,,,GS24473,26a4a00e6667949c1081dbcc263f408cf9f23c3b,413.129384,2026-04-17T15:23:32.273512+00:00,2026-04-17T15:30:25.402896+00:00,/home/barry/projects/github/Mixture-of-Prefetchers/artifacts/athena_traces/471.omnetpp-188B.champsimtrace.xz,/home/barry/projects/github/Mixture-of-Prefetchers/results/mop_lite_final/runs/20260417T151729.578876Z-1964/logs/471.omnetpp-188B__Baseline.out,/home/barry/projects/github/Mixture-of-Prefetchers/results/mop_lite_final/runs/20260417T151729.578876Z-1964/logs/471.omnetpp-188B__Baseline.err,/home/barry/projects/github/Mixture-of-Prefetchers/results/mop_lite_final/runs/20260417T151729.578876Z-1964/metrics/471.omnetpp-188B__Baseline.json,,"--warmup_instructions=20000000 --simulation_instructions=50000000 --llc_replacement_type=ship --config=/home/barry/projects/github/Mixture-of-Prefetchers/external/athena/config/nopref.ini --rob_partition_size=64,128,320 --rob_frontal_partition_ids=0 --rob_dorsal_partition_ids=2 --dram_io_freq=400",0.0
20260417T151729.578876Z-1964,471.omnetpp-188B,SPEC,heldout,SMS,single,,,,,,0.32445,1.0583917794813245,1.014730718708951,0.30655,0.31974,1.0,773349.0,15.466978453302154,759026.0,759026.0,0.0,0.0,0.0,0.28992550979808335,0.0,0.0,0.0,0.0,0.0,0.0,0.0,0.0,0.0,0.0,1000895.0,220061.0,908171.0,0.0,0.0,0.0,792816.0,1057961.0,0.0,5.17,154106659.0,50000005.0,20000000,50000000,,,,,,,GS24473,26a4a00e6667949c1081dbcc263f408cf9f23c3b,424.336559,2026-04-17T15:23:34.035146+00:00,2026-04-17T15:30:38.371705+00:00,/home/barry/projects/github/Mixture-of-Prefetchers/artifacts/athena_traces/471.omnetpp-188B.champsimtrace.xz,/home/barry/projects/github/Mixture-of-Prefetchers/results/mop_lite_final/runs/20260417T151729.578876Z-1964/logs/471.omnetpp-188B__SMS.out,/home/barry/projects/github/Mixture-of-Prefetchers/results/mop_lite_final/runs/20260417T151729.578876Z-1964/logs/471.omnetpp-188B__SMS.err,/home/barry/projects/github/Mixture-of-Prefetchers/results/mop_lite_final/runs/20260417T151729.578876Z-1964/metrics/471.omnetpp-188B__SMS.json,,"--warmup_instructions=20000000 --simulation_instructions=50000000 --llc_replacement_type=ship --config=/home/barry/projects/github/Mixture-of-Prefetchers/external/athena/config/nopref.ini --rob_partition_size=64,128,320 --rob_frontal_partition_ids=0 --rob_dorsal_partition_ids=2 --dram_io_freq=400 --l2c_prefetcher_types=sms --config=/home/barry/projects/github/Mixture-of-Prefetchers/external/athena/config/sms.ini --l2c_prefetcher_force_prefetch_at_llc=true",220061.0
20260417T151729.578876Z-1964,471.omnetpp-188B,SPEC,heldout,MLOP,single,,,,,,0.29175,0.9517207633338771,0.9124601238506286,0.30655,0.31974,1.0,774127.0,15.482538451746155,718742.0,718742.0,0.0,0.0,0.0,0.182126548886805,0.0,0.0,0.0,0.0,0.0,0.0,0.0,0.0,0.0,0.0,1000973.0,130902.0,909070.0,0.0,0.0,0.0,1016396.0,1217063.0,0.0,5.17,171379156.0,50000005.0,20000000,50000000,,,,,,,GS24473,26a4a00e6667949c1081dbcc263f408cf9f23c3b,441.71626,2026-04-17T15:23:32.556492+00:00,2026-04-17T15:30:54.272752+00:00,/home/barry/projects/github/Mixture-of-Prefetchers/artifacts/athena_traces/471.omnetpp-188B.champsimtrace.xz,/home/barry/projects/github/Mixture-of-Prefetchers/results/mop_lite_final/runs/20260417T151729.578876Z-1964/logs/471.omnetpp-188B__MLOP.out,/home/barry/projects/github/Mixture-of-Prefetchers/results/mop_lite_final/runs/20260417T151729.578876Z-1964/logs/471.omnetpp-188B__MLOP.err,/home/barry/projects/github/Mixture-of-Prefetchers/results/mop_lite_final/runs/20260417T151729.578876Z-1964/metrics/471.omnetpp-188B__MLOP.json,,"--warmup_instructions=20000000 --simulation_instructions=50000000 --llc_replacement_type=ship --config=/home/barry/projects/github/Mixture-of-Prefetchers/external/athena/config/nopref.ini --rob_partition_size=64,128,320 --rob_frontal_partition_ids=0 --rob_dorsal_partition_ids=2 --dram_io_freq=400 --l2c_prefetcher_types=mlop --config=/home/barry/projects/github/Mixture-of-Prefetchers/external/athena/config/mlop.ini --l2c_prefetcher_force_prefetch_at_llc=true",130902.0
20260417T151729.578876Z-1964,471.omnetpp-188B,SPEC,heldout,Pythia,single,,,,,,0.31974,1.0430272386233894,1.0,0.30655,0.31974,1.0,774463.0,15.489258451074155,768250.0,768250.0,0.0,0.0,0.0,0.19190758216726325,0.0,0.0,0.0,0.0,0.0,0.0,0.0,0.0,0.0,0.0,1000728.0,147433.0,909613.0,0.0,0.0,0.0,886156.0,1006978.0,0.0,5.17,156377394.0,50000005.0,20000000,50000000,,,,,,,GS24473,26a4a00e6667949c1081dbcc263f408cf9f23c3b,440.918629,2026-04-17T15:23:33.769483+00:00,2026-04-17T15:30:54.688112+00:00,/home/barry/projects/github/Mixture-of-Prefetchers/artifacts/athena_traces/471.omnetpp-188B.champsimtrace.xz,/home/barry/projects/github/Mixture-of-Prefetchers/results/mop_lite_final/runs/20260417T151729.578876Z-1964/logs/471.omnetpp-188B__Pythia.out,/home/barry/projects/github/Mixture-of-Prefetchers/results/mop_lite_final/runs/20260417T151729.578876Z-1964/logs/471.omnetpp-188B__Pythia.err,/home/barry/projects/github/Mixture-of-Prefetchers/results/mop_lite_final/runs/20260417T151729.578876Z-1964/metrics/471.omnetpp-188B__Pythia.json,,"--warmup_instructions=20000000 --simulation_instructions=50000000 --llc_replacement_type=ship --config=/home/barry/projects/github/Mixture-of-Prefetchers/external/athena/config/nopref.ini --rob_partition_size=64,128,320 --rob_frontal_partition_ids=0 --rob_dorsal_partition_ids=2 --dram_io_freq=400 --l2c_prefetcher_types=scooby --config=/home/barry/projects/github/Mixture-of-Prefetchers/external/athena/config/pythia.ini --l2c_prefetcher_force_prefetch_at_llc=true",147433.0
20260417T151729.578876Z-1964,459.GemsFDTD-1169B,SPEC,heldout,SPP+PPF,single,,,,,,0.95046,0.8440805307141017,0.8814920611366671,1.12603,1.07824,1.0,339527.0,6.790539864189203,1841303.0,1841303.0,0.0,0.0,0.0,0.04264805955347925,0.0,0.0,0.0,0.0,0.0,0.0,0.0,0.0,0.0,0.0,1989987.0,78528.0,339530.0,0.0,0.0,0.0,313721.0,457197.0,0.0,0.01,52606192.0,50000001.0,20000000,50000000,,,,,,,GS24473,26a4a00e6667949c1081dbcc263f408cf9f23c3b,505.08749,2026-04-17T15:23:03.844745+00:00,2026-04-17T15:31:28.932235+00:00,/home/barry/projects/github/Mixture-of-Prefetchers/artifacts/athena_traces/459.GemsFDTD-1169B.champsimtrace.xz,/home/barry/projects/github/Mixture-of-Prefetchers/results/mop_lite_final/runs/20260417T151729.578876Z-1964/logs/459.GemsFDTD-1169B__SPPplusPPF.out,/home/barry/projects/github/Mixture-of-Prefetchers/results/mop_lite_final/runs/20260417T151729.578876Z-1964/logs/459.GemsFDTD-1169B__SPPplusPPF.err,/home/barry/projects/github/Mixture-of-Prefetchers/results/mop_lite_final/runs/20260417T151729.578876Z-1964/metrics/459.GemsFDTD-1169B__SPPplusPPF.json,,"--warmup_instructions=20000000 --simulation_instructions=50000000 --llc_replacement_type=ship --config=/home/barry/projects/github/Mixture-of-Prefetchers/external/athena/config/nopref.ini --rob_partition_size=64,128,320 --rob_frontal_partition_ids=0 --rob_dorsal_partition_ids=2 --dram_io_freq=400 --l2c_prefetcher_types=spp_ppf_dev --config=/home/barry/projects/github/Mixture-of-Prefetchers/external/athena/config/spp_ppf_dev.ini --l2c_prefetcher_force_prefetch_at_llc=true",78528.0
20260417T151729.578876Z-1964,459.GemsFDTD-1169B,SPEC,heldout,FixedSplit,router,FixedSplit,,Pythia,SPP+PPF,1,1.10084,0.977629370443061,1.0209600830983825,1.12603,1.07824,1.0,339545.0,6.790899864182003,204393.0,204393.0,0.0,0.0,0.0,0.08662723283086994,83890.0,127728.0,368733.0,525874.0,143360.0,143360.0,140.0,140.0,4.395434497556324,4.11713954653639,1989985.0,17706.0,339548.0,0.0,0.0,0.0,235351.0,281558.0,0.0,0.01,45419674.0,50000001.0,20000000,50000000,500000,2048,30,50,"1.0,0.25,1.0",,GS24473,26a4a00e6667949c1081dbcc263f408cf9f23c3b,513.938207,2026-04-17T15:23:05.357293+00:00,2026-04-17T15:31:39.295500+00:00,/home/barry/projects/github/Mixture-of-Prefetchers/artifacts/athena_traces/459.GemsFDTD-1169B.champsimtrace.xz,/home/barry/projects/github/Mixture-of-Prefetchers/results/mop_lite_final/runs/20260417T151729.578876Z-1964/logs/459.GemsFDTD-1169B__FixedSplit.out,/home/barry/projects/github/Mixture-of-Prefetchers/results/mop_lite_final/runs/20260417T151729.578876Z-1964/logs/459.GemsFDTD-1169B__FixedSplit.err,/home/barry/projects/github/Mixture-of-Prefetchers/results/mop_lite_final/runs/20260417T151729.578876Z-1964/metrics/459.GemsFDTD-1169B__FixedSplit.json,,"--warmup_instructions=20000000 --simulation_instructions=50000000 --llc_replacement_type=ship --config=/home/barry/projects/github/Mixture-of-Prefetchers/external/athena/config/nopref.ini --rob_partition_size=64,128,320 --rob_frontal_partition_ids=0 --rob_dorsal_partition_ids=2 --dram_io_freq=400 --config=/home/barry/projects/github/Mixture-of-Prefetchers/external/athena/config/mop_lite.ini --mop_router_type=0 --mop_seed=1 --l2c_prefetcher_types=scooby --config=/home/barry/projects/github/Mixture-of-Prefetchers/external/athena/config/pythia.ini --l2c_prefetcher_types=spp_ppf_dev --config=/home/barry/projects/github/Mixture-of-Prefetchers/external/athena/config/spp_ppf_dev.ini --l2c_prefetcher_force_prefetch_at_llc=true",17706.0
20260417T151729.578876Z-1964,459.GemsFDTD-1169B,SPEC,heldout,WinnerTakeAll,router,WinnerTakeAll,,Pythia,SPP+PPF,1,1.10388,0.9803291208937593,1.0237794925063064,1.12603,1.07824,1.0,339544.0,6.79088,204800.0,204800.0,0.0,0.0,0.0,0.0863818359375,4245.0,235988.0,4078.0,994181.0,14336.0,272384.0,7.0,133.0,0.9606595995288575,4.212845568418733,1989984.0,17691.0,339547.0,0.0,0.0,0.0,239802.0,289468.0,0.0,0.01,45294844.0,50000000.0,20000000,50000000,500000,2048,30,50,"1.0,0.25,1.0",,GS24473,26a4a00e6667949c1081dbcc263f408cf9f23c3b,514.474291,2026-04-17T15:23:07.569527+00:00,2026-04-17T15:31:42.043818+00:00,/home/barry/projects/github/Mixture-of-Prefetchers/artifacts/athena_traces/459.GemsFDTD-1169B.champsimtrace.xz,/home/barry/projects/github/Mixture-of-Prefetchers/results/mop_lite_final/runs/20260417T151729.578876Z-1964/logs/459.GemsFDTD-1169B__WinnerTakeAll.out,/home/barry/projects/github/Mixture-of-Prefetchers/results/mop_lite_final/runs/20260417T151729.578876Z-1964/logs/459.GemsFDTD-1169B__WinnerTakeAll.err,/home/barry/projects/github/Mixture-of-Prefetchers/results/mop_lite_final/runs/20260417T151729.578876Z-1964/metrics/459.GemsFDTD-1169B__WinnerTakeAll.json,,"--warmup_instructions=20000000 --simulation_instructions=50000000 --llc_replacement_type=ship --config=/home/barry/projects/github/Mixture-of-Prefetchers/external/athena/config/nopref.ini --rob_partition_size=64,128,320 --rob_frontal_partition_ids=0 --rob_dorsal_partition_ids=2 --dram_io_freq=400 --config=/home/barry/projects/github/Mixture-of-Prefetchers/external/athena/config/mop_lite.ini --mop_router_type=1 --mop_seed=1 --l2c_prefetcher_types=scooby --config=/home/barry/projects/github/Mixture-of-Prefetchers/external/athena/config/pythia.ini --l2c_prefetcher_types=spp_ppf_dev --config=/home/barry/projects/github/Mixture-of-Prefetchers/external/athena/config/spp_ppf_dev.ini --l2c_prefetcher_force_prefetch_at_llc=true",17691.0
20260417T151729.578876Z-1964,459.GemsFDTD-1169B,SPEC,heldout,RandomRouter,router,RandomRouter,,Pythia,SPP+PPF,1,1.10296,0.9795120911521006,1.0229262501854872,1.12603,1.07824,1.0,339549.0,6.790979864180403,204729.0,204729.0,0.0,0.0,0.0,0.100401017931021,66839.0,142014.0,280738.0,573789.0,126976.0,159744.0,62.0,78.0,4.200212450814644,4.040369259368795,1989987.0,20555.0,339552.0,0.0,0.0,0.0,239756.0,286728.0,0.0,0.01,45332748.0,50000001.0,20000000,50000000,500000,2048,30,50,"1.0,0.25,1.0",,GS24473,26a4a00e6667949c1081dbcc263f408cf9f23c3b,519.849778,2026-04-17T15:23:11.032389+00:00,2026-04-17T15:31:50.882167+00:00,/home/barry/projects/github/Mixture-of-Prefetchers/artifacts/athena_traces/459.GemsFDTD-1169B.champsimtrace.xz,/home/barry/projects/github/Mixture-of-Prefetchers/results/mop_lite_final/runs/20260417T151729.578876Z-1964/logs/459.GemsFDTD-1169B__RandomRouter.out,/home/barry/projects/github/Mixture-of-Prefetchers/results/mop_lite_final/runs/20260417T151729.578876Z-1964/logs/459.GemsFDTD-1169B__RandomRouter.err,/home/barry/projects/github/Mixture-of-Prefetchers/results/mop_lite_final/runs/20260417T151729.578876Z-1964/metrics/459.GemsFDTD-1169B__RandomRouter.json,,"--warmup_instructions=20000000 --simulation_instructions=50000000 --llc_replacement_type=ship --config=/home/barry/projects/github/Mixture-of-Prefetchers/external/athena/config/nopref.ini --rob_partition_size=64,128,320 --rob_frontal_partition_ids=0 --rob_dorsal_partition_ids=2 --dram_io_freq=400 --config=/home/barry/projects/github/Mixture-of-Prefetchers/external/athena/config/mop_lite.ini --mop_router_type=2 --mop_seed=1 --l2c_prefetcher_types=scooby --config=/home/barry/projects/github/Mixture-of-Prefetchers/external/athena/config/pythia.ini --l2c_prefetcher_types=spp_ppf_dev --config=/home/barry/projects/github/Mixture-of-Prefetchers/external/athena/config/spp_ppf_dev.ini --l2c_prefetcher_force_prefetch_at_llc=true",20555.0
20260417T151729.578876Z-1964,459.GemsFDTD-1169B,SPEC,heldout,OneShotFit,router,OneShotFit,,Pythia,SPP+PPF,1,1.12212,0.9965276235979502,1.0406959489538505,1.12603,1.07824,1.0,339548.0,6.790959864180802,204622.0,204622.0,0.0,0.0,0.0,0.11796874236396869,155657.0,2687.0,694679.0,2644.0,284672.0,2048.0,139.0,1.0,4.462883134070424,0.983997022701898,1989987.0,24139.0,339551.0,0.0,0.0,0.0,229478.0,272633.0,0.0,0.01,44558705.0,50000001.0,20000000,50000000,500000,2048,30,50,"1.0,0.25,1.0",,GS24473,26a4a00e6667949c1081dbcc263f408cf9f23c3b,523.365023,2026-04-17T15:23:11.393950+00:00,2026-04-17T15:31:54.758973+00:00,/home/barry/projects/github/Mixture-of-Prefetchers/artifacts/athena_traces/459.GemsFDTD-1169B.champsimtrace.xz,/home/barry/projects/github/Mixture-of-Prefetchers/results/mop_lite_final/runs/20260417T151729.578876Z-1964/logs/459.GemsFDTD-1169B__OneShotFit.out,/home/barry/projects/github/Mixture-of-Prefetchers/results/mop_lite_final/runs/20260417T151729.578876Z-1964/logs/459.GemsFDTD-1169B__OneShotFit.err,/home/barry/projects/github/Mixture-of-Prefetchers/results/mop_lite_final/runs/20260417T151729.578876Z-1964/metrics/459.GemsFDTD-1169B__OneShotFit.json,,"--warmup_instructions=20000000 --simulation_instructions=50000000 --llc_replacement_type=ship --config=/home/barry/projects/github/Mixture-of-Prefetchers/external/athena/config/nopref.ini --rob_partition_size=64,128,320 --rob_frontal_partition_ids=0 --rob_dorsal_partition_ids=2 --dram_io_freq=400 --config=/home/barry/projects/github/Mixture-of-Prefetchers/external/athena/config/mop_lite.ini --mop_router_type=3 --mop_seed=1 --l2c_prefetcher_types=scooby --config=/home/barry/projects/github/Mixture-of-Prefetchers/external/athena/config/pythia.ini --l2c_prefetcher_types=spp_ppf_dev --config=/home/barry/projects/github/Mixture-of-Prefetchers/external/athena/config/spp_ppf_dev.ini --l2c_prefetcher_force_prefetch_at_llc=true",24139.0
20260417T151729.578876Z-1964,459.GemsFDTD-1169B,SPEC,heldout,MoPLite,router,MoPLite,,Pythia,SPP+PPF,1,1.10357,0.9800538173938526,1.0234919869416825,1.12603,1.07824,1.0,339547.0,6.790939864181203,204315.0,204315.0,0.0,0.0,0.0,0.08956268506962288,90122.0,119458.0,404855.0,492566.0,155785.0,130935.0,140.0,140.0,4.492299327578172,4.12334042090107,1989987.0,18299.0,339550.0,0.0,0.0,0.0,233996.0,278872.0,0.0,0.01,45307408.0,50000001.0,20000000,50000000,500000,2048,30,50,"1.0,0.25,1.0",,GS24473,26a4a00e6667949c1081dbcc263f408cf9f23c3b,515.493898,2026-04-17T15:23:24.351629+00:00,2026-04-17T15:31:59.845527+00:00,/home/barry/projects/github/Mixture-of-Prefetchers/artifacts/athena_traces/459.GemsFDTD-1169B.champsimtrace.xz,/home/barry/projects/github/Mixture-of-Prefetchers/results/mop_lite_final/runs/20260417T151729.578876Z-1964/logs/459.GemsFDTD-1169B__MoPLite.out,/home/barry/projects/github/Mixture-of-Prefetchers/results/mop_lite_final/runs/20260417T151729.578876Z-1964/logs/459.GemsFDTD-1169B__MoPLite.err,/home/barry/projects/github/Mixture-of-Prefetchers/results/mop_lite_final/runs/20260417T151729.578876Z-1964/metrics/459.GemsFDTD-1169B__MoPLite.json,,"--warmup_instructions=20000000 --simulation_instructions=50000000 --llc_replacement_type=ship --config=/home/barry/projects/github/Mixture-of-Prefetchers/external/athena/config/nopref.ini --rob_partition_size=64,128,320 --rob_frontal_partition_ids=0 --rob_dorsal_partition_ids=2 --dram_io_freq=400 --config=/home/barry/projects/github/Mixture-of-Prefetchers/external/athena/config/mop_lite.ini --mop_router_type=4 --mop_seed=1 --l2c_prefetcher_types=scooby --config=/home/barry/projects/github/Mixture-of-Prefetchers/external/athena/config/pythia.ini --l2c_prefetcher_types=spp_ppf_dev --config=/home/barry/projects/github/Mixture-of-Prefetchers/external/athena/config/spp_ppf_dev.ini --l2c_prefetcher_force_prefetch_at_llc=true",18299.0
20260417T151729.578876Z-1964,459.GemsFDTD-1169B,SPEC,heldout,AthenaMAB,builtin,,AthenaMAB,Pythia,SPP+PPF,,0.94878,0.8425885633597683,0.8799339664638669,1.12603,1.07824,1.0,339539.0,6.790779864184403,2657298.0,2657298.0,0.0,0.0,0.0,0.026898752040606662,496968.0,548276.0,891341.0,960762.0,0.0,0.0,0.0,0.0,1.7935581365399784,1.7523327667087378,1989990.0,71478.0,339541.0,0.0,0.0,0.0,303639.0,429576.0,0.0,0.01,52699163.0,50000001.0,20000000,50000000,500000,,,,,,GS24473,26a4a00e6667949c1081dbcc263f408cf9f23c3b,537.210488,2026-04-17T15:23:29.236513+00:00,2026-04-17T15:32:26.447001+00:00,/home/barry/projects/github/Mixture-of-Prefetchers/artifacts/athena_traces/459.GemsFDTD-1169B.champsimtrace.xz,/home/barry/projects/github/Mixture-of-Prefetchers/results/mop_lite_final/runs/20260417T151729.578876Z-1964/logs/459.GemsFDTD-1169B__AthenaMAB.out,/home/barry/projects/github/Mixture-of-Prefetchers/results/mop_lite_final/runs/20260417T151729.578876Z-1964/logs/459.GemsFDTD-1169B__AthenaMAB.err,/home/barry/projects/github/Mixture-of-Prefetchers/results/mop_lite_final/runs/20260417T151729.578876Z-1964/metrics/459.GemsFDTD-1169B__AthenaMAB.json,,"--warmup_instructions=20000000 --simulation_instructions=50000000 --llc_replacement_type=ship --config=/home/barry/projects/github/Mixture-of-Prefetchers/external/athena/config/nopref.ini --rob_partition_size=64,128,320 --rob_frontal_partition_ids=0 --rob_dorsal_partition_ids=2 --dram_io_freq=400 --config=/home/barry/projects/github/Mixture-of-Prefetchers/external/athena/config/mop_lite_mab.ini --l2c_prefetcher_types=scooby --config=/home/barry/projects/github/Mixture-of-Prefetchers/external/athena/config/pythia.ini --l2c_prefetcher_types=spp_ppf_dev --config=/home/barry/projects/github/Mixture-of-Prefetchers/external/athena/config/spp_ppf_dev.ini --l2c_prefetcher_force_prefetch_at_llc=true",71478.0
20260417T151729.578876Z-1964,471.omnetpp-188B,SPEC,heldout,SPP+PPF,single,,,,,,0.29012,0.9464035230794324,0.9073622318133483,0.30655,0.31974,1.0,774942.0,15.498838450116155,1860375.0,1860375.0,0.0,0.0,0.0,0.10381186588725391,0.0,0.0,0.0,0.0,0.0,0.0,0.0,0.0,0.0,0.0,1001110.0,193129.0,909721.0,0.0,0.0,0.0,1149486.0,1543043.0,0.0,5.17,172344333.0,50000005.0,20000000,50000000,,,,,,,GS24473,26a4a00e6667949c1081dbcc263f408cf9f23c3b,457.726733,2026-04-17T15:25:28.242635+00:00,2026-04-17T15:33:05.969368+00:00,/home/barry/projects/github/Mixture-of-Prefetchers/artifacts/athena_traces/471.omnetpp-188B.champsimtrace.xz,/home/barry/projects/github/Mixture-of-Prefetchers/results/mop_lite_final/runs/20260417T151729.578876Z-1964/logs/471.omnetpp-188B__SPPplusPPF.out,/home/barry/projects/github/Mixture-of-Prefetchers/results/mop_lite_final/runs/20260417T151729.578876Z-1964/logs/471.omnetpp-188B__SPPplusPPF.err,/home/barry/projects/github/Mixture-of-Prefetchers/results/mop_lite_final/runs/20260417T151729.578876Z-1964/metrics/471.omnetpp-188B__SPPplusPPF.json,,"--warmup_instructions=20000000 --simulation_instructions=50000000 --llc_replacement_type=ship --config=/home/barry/projects/github/Mixture-of-Prefetchers/external/athena/config/nopref.ini --rob_partition_size=64,128,320 --rob_frontal_partition_ids=0 --rob_dorsal_partition_ids=2 --dram_io_freq=400 --l2c_prefetcher_types=spp_ppf_dev --config=/home/barry/projects/github/Mixture-of-Prefetchers/external/athena/config/spp_ppf_dev.ini --l2c_prefetcher_force_prefetch_at_llc=true",193129.0
20260417T151729.578876Z-1964,471.omnetpp-188B,SPEC,heldout,FixedSplit,router,FixedSplit,,Pythia,SPP+PPF,1,0.30454,0.9934431577230468,0.9524613748670794,0.30655,0.31974,1.0,773596.0,15.471918452808154,204592.0,204592.0,0.0,0.0,0.0,0.13457515445374207,138668.0,121449.0,75502.0,52087.0,143360.0,143360.0,140.0,140.0,0.5444803415351775,0.4288796120182134,1000830.0,27533.0,908535.0,0.0,0.0,0.0,708310.0,711633.0,0.0,5.17,164183815.0,50000005.0,20000000,50000000,500000,2048,30,50,"1.0,0.25,1.0",,GS24473,26a4a00e6667949c1081dbcc263f408cf9f23c3b,442.853025,2026-04-17T15:25:44.078546+00:00,2026-04-17T15:33:06.931571+00:00,/home/barry/projects/github/Mixture-of-Prefetchers/artifacts/athena_traces/471.omnetpp-188B.champsimtrace.xz,/home/barry/projects/github/Mixture-of-Prefetchers/results/mop_lite_final/runs/20260417T151729.578876Z-1964/logs/471.omnetpp-188B__FixedSplit.out,/home/barry/projects/github/Mixture-of-Prefetchers/results/mop_lite_final/runs/20260417T151729.578876Z-1964/logs/471.omnetpp-188B__FixedSplit.err,/home/barry/projects/github/Mixture-of-Prefetchers/results/mop_lite_final/runs/20260417T151729.578876Z-1964/metrics/471.omnetpp-188B__FixedSplit.json,,"--warmup_instructions=20000000 --simulation_instructions=50000000 --llc_replacement_type=ship --config=/home/barry/projects/github/Mixture-of-Prefetchers/external/athena/config/nopref.ini --rob_partition_size=64,128,320 --rob_frontal_partition_ids=0 --rob_dorsal_partition_ids=2 --dram_io_freq=400 --config=/home/barry/projects/github/Mixture-of-Prefetchers/external/athena/config/mop_lite.ini --mop_router_type=0 --mop_seed=1 --l2c_prefetcher_types=scooby --config=/home/barry/projects/github/Mixture-of-Prefetchers/external/athena/config/pythia.ini --l2c_prefetcher_types=spp_ppf_dev --config=/home/barry/projects/github/Mixture-of-Prefetchers/external/athena/config/spp_ppf_dev.ini --l2c_prefetcher_force_prefetch_at_llc=true",27533.0
20260417T151729.578876Z-1964,471.omnetpp-188B,SPEC,heldout,WinnerTakeAll,router,WinnerTakeAll,,Pythia,SPP+PPF,1,0.30684,1.0009460120698093,0.9596547194595608,0.30655,0.31974,1.0,773535.0,15.470698452930154,204800.0,204800.0,0.0,0.0,0.0,0.15537109375,138017.0,117977.0,72869.0,52310.0,143360.0,143360.0,70.0,70.0,0.5279711919546143,0.4433915085143714,1000807.0,31820.0,908566.0,0.0,0.0,0.0,715456.0,723442.0,0.0,5.17,162950061.0,50000005.0,20000000,50000000,500000,2048,30,50,"1.0,0.25,1.0",,GS24473,26a4a00e6667949c1081dbcc263f408cf9f23c3b,445.112494,2026-04-17T15:25:59.610027+00:00,2026-04-17T15:33:24.722521+00:00,/home/barry/projects/github/Mixture-of-Prefetchers/artifacts/athena_traces/471.omnetpp-188B.champsimtrace.xz,/home/barry/projects/github/Mixture-of-Prefetchers/results/mop_lite_final/runs/20260417T151729.578876Z-1964/logs/471.omnetpp-188B__WinnerTakeAll.out,/home/barry/projects/github/Mixture-of-Prefetchers/results/mop_lite_final/runs/20260417T151729.578876Z-1964/logs/471.omnetpp-188B__WinnerTakeAll.err,/home/barry/projects/github/Mixture-of-Prefetchers/results/mop_lite_final/runs/20260417T151729.578876Z-1964/metrics/471.omnetpp-188B__WinnerTakeAll.json,,"--warmup_instructions=20000000 --simulation_instructions=50000000 --llc_replacement_type=ship --config=/home/barry/projects/github/Mixture-of-Prefetchers/external/athena/config/nopref.ini --rob_partition_size=64,128,320 --rob_frontal_partition_ids=0 --rob_dorsal_partition_ids=2 --dram_io_freq=400 --config=/home/barry/projects/github/Mixture-of-Prefetchers/external/athena/config/mop_lite.ini --mop_router_type=1 --mop_seed=1 --l2c_prefetcher_types=scooby --config=/home/barry/projects/github/Mixture-of-Prefetchers/external/athena/config/pythia.ini --l2c_prefetcher_types=spp_ppf_dev --config=/home/barry/projects/github/Mixture-of-Prefetchers/external/athena/config/spp_ppf_dev.ini --l2c_prefetcher_force_prefetch_at_llc=true",31820.0
20260417T151729.578876Z-1964,471.omnetpp-188B,SPEC,heldout,RandomRouter,router,RandomRouter,,Pythia,SPP+PPF,1,0.30609,0.9984994291306475,0.9573090636141863,0.30655,0.31974,1.0,773899.0,15.477978452202155,204797.0,204797.0,0.0,0.0,0.0,0.14665253885554963,120222.0,133645.0,63856.0,57614.0,126976.0,159744.0,62.0,78.0,0.5311507045299529,0.4310973100377867,1000843.0,30034.0,908909.0,0.0,0.0,0.0,711243.0,718274.0,0.0,5.17,163352684.0,50000005.0,20000000,50000000,500000,2048,30,50,"1.0,0.25,1.0",,GS24473,26a4a00e6667949c1081dbcc263f408cf9f23c3b,445.856043,2026-04-17T15:26:24.751363+00:00,2026-04-17T15:33:50.607406+00:00,/home/barry/projects/github/Mixture-of-Prefetchers/artifacts/athena_traces/471.omnetpp-188B.champsimtrace.xz,/home/barry/projects/github/Mixture-of-Prefetchers/results/mop_lite_final/runs/20260417T151729.578876Z-1964/logs/471.omnetpp-188B__RandomRouter.out,/home/barry/projects/github/Mixture-of-Prefetchers/results/mop_lite_final/runs/20260417T151729.578876Z-1964/logs/471.omnetpp-188B__RandomRouter.err,/home/barry/projects/github/Mixture-of-Prefetchers/results/mop_lite_final/runs/20260417T151729.578876Z-1964/metrics/471.omnetpp-188B__RandomRouter.json,,"--warmup_instructions=20000000 --simulation_instructions=50000000 --llc_replacement_type=ship --config=/home/barry/projects/github/Mixture-of-Prefetchers/external/athena/config/nopref.ini --rob_partition_size=64,128,320 --rob_frontal_partition_ids=0 --rob_dorsal_partition_ids=2 --dram_io_freq=400 --config=/home/barry/projects/github/Mixture-of-Prefetchers/external/athena/config/mop_lite.ini --mop_router_type=2 --mop_seed=1 --l2c_prefetcher_types=scooby --config=/home/barry/projects/github/Mixture-of-Prefetchers/external/athena/config/pythia.ini --l2c_prefetcher_types=spp_ppf_dev --config=/home/barry/projects/github/Mixture-of-Prefetchers/external/athena/config/spp_ppf_dev.ini --l2c_prefetcher_force_prefetch_at_llc=true",30034.0
20260417T151729.578876Z-1964,471.omnetpp-188B,SPEC,heldout,OneShotFit,router,OneShotFit,,Pythia,SPP+PPF,1,0.3101,1.0115804925786984,0.9698505035341214,0.30655,0.31974,1.0,773801.0,15.476018452398154,204800.0,204800.0,0.0,0.0,0.0,0.2012109375,268963.0,4448.0,144687.0,2356.0,282624.0,4096.0,138.0,2.0,0.5379438807568327,0.5296762589928058,1000806.0,41208.0,908907.0,0.0,0.0,0.0,717617.0,722850.0,0.0,5.17,161238782.0,50000005.0,20000000,50000000,500000,2048,30,50,"1.0,0.25,1.0",,GS24473,26a4a00e6667949c1081dbcc263f408cf9f23c3b,442.547909,2026-04-17T15:30:25.402939+00:00,2026-04-17T15:37:47.950848+00:00,/home/barry/projects/github/Mixture-of-Prefetchers/artifacts/athena_traces/471.omnetpp-188B.champsimtrace.xz,/home/barry/projects/github/Mixture-of-Prefetchers/results/mop_lite_final/runs/20260417T151729.578876Z-1964/logs/471.omnetpp-188B__OneShotFit.out,/home/barry/projects/github/Mixture-of-Prefetchers/results/mop_lite_final/runs/20260417T151729.578876Z-1964/logs/471.omnetpp-188B__OneShotFit.err,/home/barry/projects/github/Mixture-of-Prefetchers/results/mop_lite_final/runs/20260417T151729.578876Z-1964/metrics/471.omnetpp-188B__OneShotFit.json,,"--warmup_instructions=20000000 --simulation_instructions=50000000 --llc_replacement_type=ship --config=/home/barry/projects/github/Mixture-of-Prefetchers/external/athena/config/nopref.ini --rob_partition_size=64,128,320 --rob_frontal_partition_ids=0 --rob_dorsal_partition_ids=2 --dram_io_freq=400 --config=/home/barry/projects/github/Mixture-of-Prefetchers/external/athena/config/mop_lite.ini --mop_router_type=3 --mop_seed=1 --l2c_prefetcher_types=scooby --config=/home/barry/projects/github/Mixture-of-Prefetchers/external/athena/config/pythia.ini --l2c_prefetcher_types=spp_ppf_dev --config=/home/barry/projects/github/Mixture-of-Prefetchers/external/athena/config/spp_ppf_dev.ini --l2c_prefetcher_force_prefetch_at_llc=true",41208.0
20260417T151729.578876Z-1964,parsec_2.1.canneal.simlarge.prebuilt.drop_4750M.length_250M,PARSEC,heldout,Baseline,baseline,,,,,,0.21753,1.0,0.9546651452646362,0.21753,0.22786,0.0,996216.0,19.9243180075682,0.0,0.0,0.0,0.0,0.0,0.0,0.0,0.0,0.0,0.0,0.0,0.0,0.0,0.0,0.0,0.0,1171182.0,0.0,996216.0,0.0,0.0,0.0,859866.0,576448.0,0.0,3.62,229858502.0,50000005.0,20000000,50000000,,,,,,,GS24473,26a4a00e6667949c1081dbcc263f408cf9f23c3b,415.366937,2026-04-17T15:30:54.688163+00:00,2026-04-17T15:37:50.055100+00:00,/home/barry/projects/github/Mixture-of-Prefetchers/artifacts/athena_traces/parsec_2.1.canneal.simlarge.prebuilt.drop_4750M.length_250M.champsimtrace.xz,/home/barry/projects/github/Mixture-of-Prefetchers/results/mop_lite_final/runs/20260417T151729.578876Z-1964/logs/parsec_2.1.canneal.simlarge.prebuilt.drop_4750M.length_250M__Baseline.out,/home/barry/projects/github/Mixture-of-Prefetchers/results/mop_lite_final/runs/20260417T151729.578876Z-1964/logs/parsec_2.1.canneal.simlarge.prebuilt.drop_4750M.length_250M__Baseline.err,/home/barry/projects/github/Mixture-of-Prefetchers/results/mop_lite_final/runs/20260417T151729.578876Z-1964/metrics/parsec_2.1.canneal.simlarge.prebuilt.drop_4750M.length_250M__Baseline.json,,"--warmup_instructions=20000000 --simulation_instructions=50000000 --llc_replacement_type=ship --config=/home/barry/projects/github/Mixture-of-Prefetchers/external/athena/config/nopref.ini --rob_partition_size=64,128,320 --rob_frontal_partition_ids=0 --rob_dorsal_partition_ids=2 --dram_io_freq=400",0.0
20260417T151729.578876Z-1964,471.omnetpp-188B,SPEC,heldout,MoPLite,router,MoPLite,,Pythia,SPP+PPF,1,0.30701,1.0015005708693525,0.9601864014511791,0.30655,0.31974,1.0,773441.0,15.468818453118155,0.0,1899.0,0.0,0.0,0.0,0.0,978.0,921.0,307.0,420.0,0.0,0.0,0.0,0.0,0.31390593047034765,0.4560260586319218,1000835.0,0.0,908540.0,0.0,0.0,0.0,638704.0,603150.0,0.0,5.17,162862776.0,50000005.0,20000000,50000000,500000,2048,30,50,"1.0,0.25,1.0",,GS24473,26a4a00e6667949c1081dbcc263f408cf9f23c3b,436.141678,2026-04-17T15:30:38.371763+00:00,2026-04-17T15:37:54.513441+00:00,/home/barry/projects/github/Mixture-of-Prefetchers/artifacts/athena_traces/471.omnetpp-188B.champsimtrace.xz,/home/barry/projects/github/Mixture-of-Prefetchers/results/mop_lite_final/runs/20260417T151729.578876Z-1964/logs/471.omnetpp-188B__MoPLite.out,/home/barry/projects/github/Mixture-of-Prefetchers/results/mop_lite_final/runs/20260417T151729.578876Z-1964/logs/471.omnetpp-188B__MoPLite.err,/home/barry/projects/github/Mixture-of-Prefetchers/results/mop_lite_final/runs/20260417T151729.578876Z-1964/metrics/471.omnetpp-188B__MoPLite.json,,"--warmup_instructions=20000000 --simulation_instructions=50000000 --llc_replacement_type=ship --config=/home/barry/projects/github/Mixture-of-Prefetchers/external/athena/config/nopref.ini --rob_partition_size=64,128,320 --rob_frontal_partition_ids=0 --rob_dorsal_partition_ids=2 --dram_io_freq=400 --config=/home/barry/projects/github/Mixture-of-Prefetchers/external/athena/config/mop_lite.ini --mop_router_type=4 --mop_seed=1 --l2c_prefetcher_types=scooby --config=/home/barry/projects/github/Mixture-of-Prefetchers/external/athena/config/pythia.ini --l2c_prefetcher_types=spp_ppf_dev --config=/home/barry/projects/github/Mixture-of-Prefetchers/external/athena/config/spp_ppf_dev.ini --l2c_prefetcher_force_prefetch_at_llc=true",0.0
20260417T151729.578876Z-1964,parsec_2.1.canneal.simlarge.prebuilt.drop_4750M.length_250M,PARSEC,heldout,MLOP,single,,,,,,0.2176,1.0003217946949845,0.9549723514438689,0.21753,0.22786,1.0,996144.0,19.9228780077122,561.0,561.0,0.0,0.0,0.0,0.12477718360071301,0.0,0.0,0.0,0.0,0.0,0.0,0.0,0.0,0.0,0.0,1171181.0,70.0,996144.0,0.0,0.0,0.0,865933.0,583477.0,0.0,3.62,229779134.0,50000005.0,20000000,50000000,,,,,,,GS24473,26a4a00e6667949c1081dbcc263f408cf9f23c3b,425.188391,2026-04-17T15:31:28.932302+00:00,2026-04-17T15:38:34.120693+00:00,/home/barry/projects/github/Mixture-of-Prefetchers/artifacts/athena_traces/parsec_2.1.canneal.simlarge.prebuilt.drop_4750M.length_250M.champsimtrace.xz,/home/barry/projects/github/Mixture-of-Prefetchers/results/mop_lite_final/runs/20260417T151729.578876Z-1964/logs/parsec_2.1.canneal.simlarge.prebuilt.drop_4750M.length_250M__MLOP.out,/home/barry/projects/github/Mixture-of-Prefetchers/results/mop_lite_final/runs/20260417T151729.578876Z-1964/logs/parsec_2.1.canneal.simlarge.prebuilt.drop_4750M.length_250M__MLOP.err,/home/barry/projects/github/Mixture-of-Prefetchers/results/mop_lite_final/runs/20260417T151729.578876Z-1964/metrics/parsec_2.1.canneal.simlarge.prebuilt.drop_4750M.length_250M__MLOP.json,,"--warmup_instructions=20000000 --simulation_instructions=50000000 --llc_replacement_type=ship --config=/home/barry/projects/github/Mixture-of-Prefetchers/external/athena/config/nopref.ini --rob_partition_size=64,128,320 --rob_frontal_partition_ids=0 --rob_dorsal_partition_ids=2 --dram_io_freq=400 --l2c_prefetcher_types=mlop --config=/home/barry/projects/github/Mixture-of-Prefetchers/external/athena/config/mlop.ini --l2c_prefetcher_force_prefetch_at_llc=true",70.0
20260417T151729.578876Z-1964,471.omnetpp-188B,SPEC,heldout,AthenaMAB,builtin,,AthenaMAB,Pythia,SPP+PPF,,0.27964,0.9122166041428805,0.8745856008006505,0.30655,0.31974,1.0,774489.0,15.489778451022154,1906746.0,1906746.0,0.0,0.0,0.0,0.10116344809429258,757770.0,1454063.0,378376.0,530647.0,0.0,0.0,0.0,0.0,0.49932829222587327,0.3649408588211102,1001370.0,192893.0,909123.0,0.0,0.0,0.0,1113087.0,1463838.0,0.0,5.17,178798996.0,50000005.0,20000000,50000000,500000,,,,,,GS24473,26a4a00e6667949c1081dbcc263f408cf9f23c3b,480.478083,2026-04-17T15:30:54.272824+00:00,2026-04-17T15:38:54.750907+00:00,/home/barry/projects/github/Mixture-of-Prefetchers/artifacts/athena_traces/471.omnetpp-188B.champsimtrace.xz,/home/barry/projects/github/Mixture-of-Prefetchers/results/mop_lite_final/runs/20260417T151729.578876Z-1964/logs/471.omnetpp-188B__AthenaMAB.out,/home/barry/projects/github/Mixture-of-Prefetchers/results/mop_lite_final/runs/20260417T151729.578876Z-1964/logs/471.omnetpp-188B__AthenaMAB.err,/home/barry/projects/github/Mixture-of-Prefetchers/results/mop_lite_final/runs/20260417T151729.578876Z-1964/metrics/471.omnetpp-188B__AthenaMAB.json,,"--warmup_instructions=20000000 --simulation_instructions=50000000 --llc_replacement_type=ship --config=/home/barry/projects/github/Mixture-of-Prefetchers/external/athena/config/nopref.ini --rob_partition_size=64,128,320 --rob_frontal_partition_ids=0 --rob_dorsal_partition_ids=2 --dram_io_freq=400 --config=/home/barry/projects/github/Mixture-of-Prefetchers/external/athena/config/mop_lite_mab.ini --l2c_prefetcher_types=scooby --config=/home/barry/projects/github/Mixture-of-Prefetchers/external/athena/config/pythia.ini --l2c_prefetcher_types=spp_ppf_dev --config=/home/barry/projects/github/Mixture-of-Prefetchers/external/athena/config/spp_ppf_dev.ini --l2c_prefetcher_force_prefetch_at_llc=true",192893.0
20260417T151729.578876Z-1964,parsec_2.1.canneal.simlarge.prebuilt.drop_4750M.length_250M,PARSEC,heldout,Pythia,single,,,,,,0.22786,1.0474877028455845,1.0,0.21753,0.22786,1.0,995900.0,19.917998406560127,388390.0,388390.0,0.0,0.0,0.0,0.16858569994078118,0.0,0.0,0.0,0.0,0.0,0.0,0.0,0.0,0.0,0.0,1171184.0,65477.0,995900.0,0.0,0.0,0.0,1049270.0,917070.0,0.0,3.62,219430277.0,50000004.0,20000000,50000000,,,,,,,GS24473,26a4a00e6667949c1081dbcc263f408cf9f23c3b,442.034311,2026-04-17T15:31:39.295576+00:00,2026-04-17T15:39:01.329887+00:00,/home/barry/projects/github/Mixture-of-Prefetchers/artifacts/athena_traces/parsec_2.1.canneal.simlarge.prebuilt.drop_4750M.length_250M.champsimtrace.xz,/home/barry/projects/github/Mixture-of-Prefetchers/results/mop_lite_final/runs/20260417T151729.578876Z-1964/logs/parsec_2.1.canneal.simlarge.prebuilt.drop_4750M.length_250M__Pythia.out,/home/barry/projects/github/Mixture-of-Prefetchers/results/mop_lite_final/runs/20260417T151729.578876Z-1964/logs/parsec_2.1.canneal.simlarge.prebuilt.drop_4750M.length_250M__Pythia.err,/home/barry/projects/github/Mixture-of-Prefetchers/results/mop_lite_final/runs/20260417T151729.578876Z-1964/metrics/parsec_2.1.canneal.simlarge.prebuilt.drop_4750M.length_250M__Pythia.json,,"--warmup_instructions=20000000 --simulation_instructions=50000000 --llc_replacement_type=ship --config=/home/barry/projects/github/Mixture-of-Prefetchers/external/athena/config/nopref.ini --rob_partition_size=64,128,320 --rob_frontal_partition_ids=0 --rob_dorsal_partition_ids=2 --dram_io_freq=400 --l2c_prefetcher_types=scooby --config=/home/barry/projects/github/Mixture-of-Prefetchers/external/athena/config/pythia.ini --l2c_prefetcher_force_prefetch_at_llc=true",65477.0
20260417T151729.578876Z-1964,parsec_2.1.canneal.simlarge.prebuilt.drop_4750M.length_250M,PARSEC,heldout,SMS,single,,,,,,0.22014,1.0119983450558543,0.9661195470903186,0.21753,0.22786,1.0,993702.0,19.874038410076928,1175559.0,1175559.0,0.0,0.0,0.0,0.08443302292781561,0.0,0.0,0.0,0.0,0.0,0.0,0.0,0.0,0.0,0.0,1171184.0,99256.0,993702.0,0.0,0.0,0.0,1579659.0,1735704.0,0.0,3.62,227130512.0,50000004.0,20000000,50000000,,,,,,,GS24473,26a4a00e6667949c1081dbcc263f408cf9f23c3b,447.437512,2026-04-17T15:31:42.043863+00:00,2026-04-17T15:39:09.481375+00:00,/home/barry/projects/github/Mixture-of-Prefetchers/artifacts/athena_traces/parsec_2.1.canneal.simlarge.prebuilt.drop_4750M.length_250M.champsimtrace.xz,/home/barry/projects/github/Mixture-of-Prefetchers/results/mop_lite_final/runs/20260417T151729.578876Z-1964/logs/parsec_2.1.canneal.simlarge.prebuilt.drop_4750M.length_250M__SMS.out,/home/barry/projects/github/Mixture-of-Prefetchers/results/mop_lite_final/runs/20260417T151729.578876Z-1964/logs/parsec_2.1.canneal.simlarge.prebuilt.drop_4750M.length_250M__SMS.err,/home/barry/projects/github/Mixture-of-Prefetchers/results/mop_lite_final/runs/20260417T151729.578876Z-1964/metrics/parsec_2.1.canneal.simlarge.prebuilt.drop_4750M.length_250M__SMS.json,,"--warmup_instructions=20000000 --simulation_instructions=50000000 --llc_replacement_type=ship --config=/home/barry/projects/github/Mixture-of-Prefetchers/external/athena/config/nopref.ini --rob_partition_size=64,128,320 --rob_frontal_partition_ids=0 --rob_dorsal_partition_ids=2 --dram_io_freq=400 --l2c_prefetcher_types=sms --config=/home/barry/projects/github/Mixture-of-Prefetchers/external/athena/config/sms.ini --l2c_prefetcher_force_prefetch_at_llc=true",99256.0
20260417T151729.578876Z-1964,parsec_2.1.canneal.simlarge.prebuilt.drop_4750M.length_250M,PARSEC,heldout,SPP+PPF,single,,,,,,0.21833,1.003677653656967,0.9581760730272975,0.21753,0.22786,1.0,995622.0,19.912438008756197,471063.0,471063.0,0.0,0.0,0.0,0.06607608748723631,0.0,0.0,0.0,0.0,0.0,0.0,0.0,0.0,0.0,0.0,1171183.0,31126.0,995622.0,0.0,0.0,0.0,1172468.0,1015666.0,0.0,3.62,229013640.0,50000005.0,20000000,50000000,,,,,,,GS24473,26a4a00e6667949c1081dbcc263f408cf9f23c3b,442.840234,2026-04-17T15:31:50.882227+00:00,2026-04-17T15:39:13.722461+00:00,/home/barry/projects/github/Mixture-of-Prefetchers/artifacts/athena_traces/parsec_2.1.canneal.simlarge.prebuilt.drop_4750M.length_250M.champsimtrace.xz,/home/barry/projects/github/Mixture-of-Prefetchers/results/mop_lite_final/runs/20260417T151729.578876Z-1964/logs/parsec_2.1.canneal.simlarge.prebuilt.drop_4750M.length_250M__SPPplusPPF.out,/home/barry/projects/github/Mixture-of-Prefetchers/results/mop_lite_final/runs/20260417T151729.578876Z-1964/logs/parsec_2.1.canneal.simlarge.prebuilt.drop_4750M.length_250M__SPPplusPPF.err,/home/barry/projects/github/Mixture-of-Prefetchers/results/mop_lite_final/runs/20260417T151729.578876Z-1964/metrics/parsec_2.1.canneal.simlarge.prebuilt.drop_4750M.length_250M__SPPplusPPF.json,,"--warmup_instructions=20000000 --simulation_instructions=50000000 --llc_replacement_type=ship --config=/home/barry/projects/github/Mixture-of-Prefetchers/external/athena/config/nopref.ini --rob_partition_size=64,128,320 --rob_frontal_partition_ids=0 --rob_dorsal_partition_ids=2 --dram_io_freq=400 --l2c_prefetcher_types=spp_ppf_dev --config=/home/barry/projects/github/Mixture-of-Prefetchers/external/athena/config/spp_ppf_dev.ini --l2c_prefetcher_force_prefetch_at_llc=true",31126.0
20260417T151729.578876Z-1964,parsec_2.1.canneal.simlarge.prebuilt.drop_4750M.length_250M,PARSEC,heldout,FixedSplit,router,FixedSplit,,Pythia,SPP+PPF,1,0.21912,1.0073093366432218,0.9616431141929255,0.21753,0.22786,1.0,995773.0,19.9154580084542,204800.0,204800.0,0.0,0.0,0.0,0.111962890625,132926.0,138411.0,94586.0,51620.0,143360.0,143360.0,140.0,140.0,0.7115688428147993,0.3729472368525623,1171181.0,22930.0,995773.0,0.0,0.0,0.0,967476.0,760105.0,0.0,3.62,228181887.0,50000005.0,20000000,50000000,500000,2048,30,50,"1.0,0.25,1.0",,GS24473,26a4a00e6667949c1081dbcc263f408cf9f23c3b,452.676994,2026-04-17T15:31:54.759036+00:00,2026-04-17T15:39:27.436030+00:00,/home/barry/projects/github/Mixture-of-Prefetchers/artifacts/athena_traces/parsec_2.1.canneal.simlarge.prebuilt.drop_4750M.length_250M.champsimtrace.xz,/home/barry/projects/github/Mixture-of-Prefetchers/results/mop_lite_final/runs/20260417T151729.578876Z-1964/logs/parsec_2.1.canneal.simlarge.prebuilt.drop_4750M.length_250M__FixedSplit.out,/home/barry/projects/github/Mixture-of-Prefetchers/results/mop_lite_final/runs/20260417T151729.578876Z-1964/logs/parsec_2.1.canneal.simlarge.prebuilt.drop_4750M.length_250M__FixedSplit.err,/home/barry/projects/github/Mixture-of-Prefetchers/results/mop_lite_final/runs/20260417T151729.578876Z-1964/metrics/parsec_2.1.canneal.simlarge.prebuilt.drop_4750M.length_250M__FixedSplit.json,,"--warmup_instructions=20000000 --simulation_instructions=50000000 --llc_replacement_type=ship --config=/home/barry/projects/github/Mixture-of-Prefetchers/external/athena/config/nopref.ini --rob_partition_size=64,128,320 --rob_frontal_partition_ids=0 --rob_dorsal_partition_ids=2 --dram_io_freq=400 --config=/home/barry/projects/github/Mixture-of-Prefetchers/external/athena/config/mop_lite.ini --mop_router_type=0 --mop_seed=1 --l2c_prefetcher_types=scooby --config=/home/barry/projects/github/Mixture-of-Prefetchers/external/athena/config/pythia.ini --l2c_prefetcher_types=spp_ppf_dev --config=/home/barry/projects/github/Mixture-of-Prefetchers/external/athena/config/spp_ppf_dev.ini --l2c_prefetcher_force_prefetch_at_llc=true",22930.0
20260417T151729.578876Z-1964,parsec_2.1.canneal.simlarge.prebuilt.drop_4750M.length_250M,PARSEC,heldout,WinnerTakeAll,router,WinnerTakeAll,,Pythia,SPP+PPF,1,0.22002,1.0114466970073093,0.9655929079259193,0.21753,0.22786,1.0,996097.0,19.9219380078062,204800.0,204800.0,0.0,0.0,0.0,0.1152392578125,128233.0,136305.0,73507.0,42359.0,143360.0,143360.0,70.0,70.0,0.573229979802391,0.3107662961740215,1171183.0,23601.0,996097.0,0.0,0.0,0.0,979404.0,777439.0,0.0,3.62,227247953.0,50000005.0,20000000,50000000,500000,2048,30,50,"1.0,0.25,1.0",,GS24473,26a4a00e6667949c1081dbcc263f408cf9f23c3b,451.311836,2026-04-17T15:31:59.845716+00:00,2026-04-17T15:39:31.157552+00:00,/home/barry/projects/github/Mixture-of-Prefetchers/artifacts/athena_traces/parsec_2.1.canneal.simlarge.prebuilt.drop_4750M.length_250M.champsimtrace.xz,/home/barry/projects/github/Mixture-of-Prefetchers/results/mop_lite_final/runs/20260417T151729.578876Z-1964/logs/parsec_2.1.canneal.simlarge.prebuilt.drop_4750M.length_250M__WinnerTakeAll.out,/home/barry/projects/github/Mixture-of-Prefetchers/results/mop_lite_final/runs/20260417T151729.578876Z-1964/logs/parsec_2.1.canneal.simlarge.prebuilt.drop_4750M.length_250M__WinnerTakeAll.err,/home/barry/projects/github/Mixture-of-Prefetchers/results/mop_lite_final/runs/20260417T151729.578876Z-1964/metrics/parsec_2.1.canneal.simlarge.prebuilt.drop_4750M.length_250M__WinnerTakeAll.json,,"--warmup_instructions=20000000 --simulation_instructions=50000000 --llc_replacement_type=ship --config=/home/barry/projects/github/Mixture-of-Prefetchers/external/athena/config/nopref.ini --rob_partition_size=64,128,320 --rob_frontal_partition_ids=0 --rob_dorsal_partition_ids=2 --dram_io_freq=400 --config=/home/barry/projects/github/Mixture-of-Prefetchers/external/athena/config/mop_lite.ini --mop_router_type=1 --mop_seed=1 --l2c_prefetcher_types=scooby --config=/home/barry/projects/github/Mixture-of-Prefetchers/external/athena/config/pythia.ini --l2c_prefetcher_types=spp_ppf_dev --config=/home/barry/projects/github/Mixture-of-Prefetchers/external/athena/config/spp_ppf_dev.ini --l2c_prefetcher_force_prefetch_at_llc=true",23601.0
20260417T151729.578876Z-1964,parsec_2.1.canneal.simlarge.prebuilt.drop_4750M.length_250M,PARSEC,heldout,RandomRouter,router,RandomRouter,,Pythia,SPP+PPF,1,0.21938,1.0085045740817358,0.9627841657157903,0.21753,0.22786,1.0,995977.0,19.9195380080462,204800.0,204800.0,0.0,0.0,0.0,0.1062158203125,113514.0,153094.0,63312.0,43750.0,126976.0,159744.0,62.0,78.0,0.5577461810877954,0.28577213999242296,1171185.0,21753.0,995977.0,0.0,0.0,0.0,986180.0,778446.0,0.0,3.62,227919789.0,50000005.0,20000000,50000000,500000,2048,30,50,"1.0,0.25,1.0",,GS24473,26a4a00e6667949c1081dbcc263f408cf9f23c3b,448.176638,2026-04-17T15:32:26.447089+00:00,2026-04-17T15:39:54.623727+00:00,/home/barry/projects/github/Mixture-of-Prefetchers/artifacts/athena_traces/parsec_2.1.canneal.simlarge.prebuilt.drop_4750M.length_250M.champsimtrace.xz,/home/barry/projects/github/Mixture-of-Prefetchers/results/mop_lite_final/runs/20260417T151729.578876Z-1964/logs/parsec_2.1.canneal.simlarge.prebuilt.drop_4750M.length_250M__RandomRouter.out,/home/barry/projects/github/Mixture-of-Prefetchers/results/mop_lite_final/runs/20260417T151729.578876Z-1964/logs/parsec_2.1.canneal.simlarge.prebuilt.drop_4750M.length_250M__RandomRouter.err,/home/barry/projects/github/Mixture-of-Prefetchers/results/mop_lite_final/runs/20260417T151729.578876Z-1964/metrics/parsec_2.1.canneal.simlarge.prebuilt.drop_4750M.length_250M__RandomRouter.json,,"--warmup_instructions=20000000 --simulation_instructions=50000000 --llc_replacement_type=ship --config=/home/barry/projects/github/Mixture-of-Prefetchers/external/athena/config/nopref.ini --rob_partition_size=64,128,320 --rob_frontal_partition_ids=0 --rob_dorsal_partition_ids=2 --dram_io_freq=400 --config=/home/barry/projects/github/Mixture-of-Prefetchers/external/athena/config/mop_lite.ini --mop_router_type=2 --mop_seed=1 --l2c_prefetcher_types=scooby --config=/home/barry/projects/github/Mixture-of-Prefetchers/external/athena/config/pythia.ini --l2c_prefetcher_types=spp_ppf_dev --config=/home/barry/projects/github/Mixture-of-Prefetchers/external/athena/config/spp_ppf_dev.ini --l2c_prefetcher_force_prefetch_at_llc=true",21753.0
20260417T151729.578876Z-1964,parsec_2.1.streamcluster.simlarge.prebuilt.drop_0M.length_250M,PARSEC,heldout,Baseline,baseline,,,,,,0.90242,1.0,1.0028671763869133,0.90242,0.89984,0.0,52335.0,1.0467,0.0,0.0,0.0,0.0,0.0,0.0,0.0,0.0,0.0,0.0,0.0,0.0,0.0,0.0,0.0,0.0,52335.0,0.0,52335.0,0.0,0.0,0.0,14080.0,0.0,0.0,0.13,55406381.0,50000000.0,20000000,50000000,,,,,,,GS24473,26a4a00e6667949c1081dbcc263f408cf9f23c3b,389.622755,2026-04-17T15:33:50.607448+00:00,2026-04-17T15:40:20.230203+00:00,/home/barry/projects/github/Mixture-of-Prefetchers/artifacts/athena_traces/parsec_2.1.streamcluster.simlarge.prebuilt.drop_0M.length_250M.champsimtrace.xz,/home/barry/projects/github/Mixture-of-Prefetchers/results/mop_lite_final/runs/20260417T151729.578876Z-1964/logs/parsec_2.1.streamcluster.simlarge.prebuilt.drop_0M.length_250M__Baseline.out,/home/barry/projects/github/Mixture-of-Prefetchers/results/mop_lite_final/runs/20260417T151729.578876Z-1964/logs/parsec_2.1.streamcluster.simlarge.prebuilt.drop_0M.length_250M__Baseline.err,/home/barry/projects/github/Mixture-of-Prefetchers/results/mop_lite_final/runs/20260417T151729.578876Z-1964/metrics/parsec_2.1.streamcluster.simlarge.prebuilt.drop_0M.length_250M__Baseline.json,,"--warmup_instructions=20000000 --simulation_instructions=50000000 --llc_replacement_type=ship --config=/home/barry/projects/github/Mixture-of-Prefetchers/external/athena/config/nopref.ini --rob_partition_size=64,128,320 --rob_frontal_partition_ids=0 --rob_dorsal_partition_ids=2 --dram_io_freq=400",0.0
20260417T151729.578876Z-1964,parsec_2.1.canneal.simlarge.prebuilt.drop_4750M.length_250M,PARSEC,heldout,MoPLite,router,MoPLite,,Pythia,SPP+PPF,1,0.21756,1.0001379120121363,0.9547968050557359,0.21753,0.22786,1.0,996138.0,19.922758007724198,0.0,1993.0,0.0,0.0,0.0,0.0,1015.0,978.0,385.0,428.0,0.0,0.0,0.0,0.0,0.3793103448275862,0.4376278118609407,1171183.0,0.0,996138.0,0.0,0.0,0.0,860467.0,578738.0,0.0,3.62,229823861.0,50000005.0,20000000,50000000,500000,2048,30,50,"1.0,0.25,1.0",,GS24473,26a4a00e6667949c1081dbcc263f408cf9f23c3b,450.645609,2026-04-17T15:33:06.931655+00:00,2026-04-17T15:40:37.577264+00:00,/home/barry/projects/github/Mixture-of-Prefetchers/artifacts/athena_traces/parsec_2.1.canneal.simlarge.prebuilt.drop_4750M.length_250M.champsimtrace.xz,/home/barry/projects/github/Mixture-of-Prefetchers/results/mop_lite_final/runs/20260417T151729.578876Z-1964/logs/parsec_2.1.canneal.simlarge.prebuilt.drop_4750M.length_250M__MoPLite.out,/home/barry/projects/github/Mixture-of-Prefetchers/results/mop_lite_final/runs/20260417T151729.578876Z-1964/logs/parsec_2.1.canneal.simlarge.prebuilt.drop_4750M.length_250M__MoPLite.err,/home/barry/projects/github/Mixture-of-Prefetchers/results/mop_lite_final/runs/20260417T151729.578876Z-1964/metrics/parsec_2.1.canneal.simlarge.prebuilt.drop_4750M.length_250M__MoPLite.json,,"--warmup_instructions=20000000 --simulation_instructions=50000000 --llc_replacement_type=ship --config=/home/barry/projects/github/Mixture-of-Prefetchers/external/athena/config/nopref.ini --rob_partition_size=64,128,320 --rob_frontal_partition_ids=0 --rob_dorsal_partition_ids=2 --dram_io_freq=400 --config=/home/barry/projects/github/Mixture-of-Prefetchers/external/athena/config/mop_lite.ini --mop_router_type=4 --mop_seed=1 --l2c_prefetcher_types=scooby --config=/home/barry/projects/github/Mixture-of-Prefetchers/external/athena/config/pythia.ini --l2c_prefetcher_types=spp_ppf_dev --config=/home/barry/projects/github/Mixture-of-Prefetchers/external/athena/config/spp_ppf_dev.ini --l2c_prefetcher_force_prefetch_at_llc=true",0.0
20260417T151729.578876Z-1964,parsec_2.1.canneal.simlarge.prebuilt.drop_4750M.length_250M,PARSEC,heldout,OneShotFit,router,OneShotFit,,Pythia,SPP+PPF,1,0.21758,1.0002298533535603,0.9548845782498024,0.21753,0.22786,1.0,995832.0,19.9166380083362,204800.0,204800.0,0.0,0.0,0.0,0.06515625,4991.0,268815.0,1664.0,83047.0,4096.0,282624.0,2.0,138.0,0.3334001202163895,0.3089373732864609,1171182.0,13344.0,995832.0,0.0,0.0,0.0,997930.0,784971.0,0.0,3.62,229805283.0,50000005.0,20000000,50000000,500000,2048,30,50,"1.0,0.25,1.0",,GS24473,26a4a00e6667949c1081dbcc263f408cf9f23c3b,453.794847,2026-04-17T15:33:05.969460+00:00,2026-04-17T15:40:39.764307+00:00,/home/barry/projects/github/Mixture-of-Prefetchers/artifacts/athena_traces/parsec_2.1.canneal.simlarge.prebuilt.drop_4750M.length_250M.champsimtrace.xz,/home/barry/projects/github/Mixture-of-Prefetchers/results/mop_lite_final/runs/20260417T151729.578876Z-1964/logs/parsec_2.1.canneal.simlarge.prebuilt.drop_4750M.length_250M__OneShotFit.out,/home/barry/projects/github/Mixture-of-Prefetchers/results/mop_lite_final/runs/20260417T151729.578876Z-1964/logs/parsec_2.1.canneal.simlarge.prebuilt.drop_4750M.length_250M__OneShotFit.err,/home/barry/projects/github/Mixture-of-Prefetchers/results/mop_lite_final/runs/20260417T151729.578876Z-1964/metrics/parsec_2.1.canneal.simlarge.prebuilt.drop_4750M.length_250M__OneShotFit.json,,"--warmup_instructions=20000000 --simulation_instructions=50000000 --llc_replacement_type=ship --config=/home/barry/projects/github/Mixture-of-Prefetchers/external/athena/config/nopref.ini --rob_partition_size=64,128,320 --rob_frontal_partition_ids=0 --rob_dorsal_partition_ids=2 --dram_io_freq=400 --config=/home/barry/projects/github/Mixture-of-Prefetchers/external/athena/config/mop_lite.ini --mop_router_type=3 --mop_seed=1 --l2c_prefetcher_types=scooby --config=/home/barry/projects/github/Mixture-of-Prefetchers/external/athena/config/pythia.ini --l2c_prefetcher_types=spp_ppf_dev --config=/home/barry/projects/github/Mixture-of-Prefetchers/external/athena/config/spp_ppf_dev.ini --l2c_prefetcher_force_prefetch_at_llc=true",13344.0
20260417T151729.578876Z-1964,parsec_2.1.canneal.simlarge.prebuilt.drop_4750M.length_250M,PARSEC,heldout,AthenaMAB,builtin,,AthenaMAB,Pythia,SPP+PPF,,0.222,1.0205488898083024,0.9742824541385061,0.21753,0.22786,1.0,995259.0,19.905178407585726,862956.0,862956.0,0.0,0.0,0.0,0.09522501726623374,635175.0,1004192.0,212755.0,141797.0,0.0,0.0,0.0,0.0,0.3349549336796946,0.14120506835346228,1171184.0,82175.0,995259.0,0.0,0.0,0.0,1334336.0,1305579.0,0.0,3.62,225229282.0,50000004.0,20000000,50000000,500000,,,,,,GS24473,26a4a00e6667949c1081dbcc263f408cf9f23c3b,472.505319,2026-04-17T15:33:24.722576+00:00,2026-04-17T15:41:17.227895+00:00,/home/barry/projects/github/Mixture-of-Prefetchers/artifacts/athena_traces/parsec_2.1.canneal.simlarge.prebuilt.drop_4750M.length_250M.champsimtrace.xz,/home/barry/projects/github/Mixture-of-Prefetchers/results/mop_lite_final/runs/20260417T151729.578876Z-1964/logs/parsec_2.1.canneal.simlarge.prebuilt.drop_4750M.length_250M__AthenaMAB.out,/home/barry/projects/github/Mixture-of-Prefetchers/results/mop_lite_final/runs/20260417T151729.578876Z-1964/logs/parsec_2.1.canneal.simlarge.prebuilt.drop_4750M.length_250M__AthenaMAB.err,/home/barry/projects/github/Mixture-of-Prefetchers/results/mop_lite_final/runs/20260417T151729.578876Z-1964/metrics/parsec_2.1.canneal.simlarge.prebuilt.drop_4750M.length_250M__AthenaMAB.json,,"--warmup_instructions=20000000 --simulation_instructions=50000000 --llc_replacement_type=ship --config=/home/barry/projects/github/Mixture-of-Prefetchers/external/athena/config/nopref.ini --rob_partition_size=64,128,320 --rob_frontal_partition_ids=0 --rob_dorsal_partition_ids=2 --dram_io_freq=400 --config=/home/barry/projects/github/Mixture-of-Prefetchers/external/athena/config/mop_lite_mab.ini --l2c_prefetcher_types=scooby --config=/home/barry/projects/github/Mixture-of-Prefetchers/external/athena/config/pythia.ini --l2c_prefetcher_types=spp_ppf_dev --config=/home/barry/projects/github/Mixture-of-Prefetchers/external/athena/config/spp_ppf_dev.ini --l2c_prefetcher_force_prefetch_at_llc=true",82175.0
20260417T151729.578876Z-1964,ligra_BC.com-lj.ungraph.gcc_6.3.0_O3.drop_500M.length_250M,LIGRA,heldout,MLOP,single,,,,,,1.11734,1.0000089499073685,1.0,1.11733,1.11734,1.0,116206.0,2.3241197675880234,114390.0,114390.0,0.0,0.0,0.0,1.0,0.0,0.0,0.0,0.0,0.0,0.0,0.0,0.0,0.0,0.0,116206.0,114390.0,116206.0,0.0,0.0,0.0,90469.0,129056.0,0.0,2.64,44749201.0,50000005.0,20000000,50000000,,,,,,,GS24473,26a4a00e6667949c1081dbcc263f408cf9f23c3b,129.530748,2026-04-17T15:40:20.230250+00:00,2026-04-17T15:42:29.760998+00:00,/home/barry/projects/github/Mixture-of-Prefetchers/artifacts/athena_traces/ligra_BC.com-lj.ungraph.gcc_6.3.0_O3.drop_500M.length_250M.champsimtrace.xz,/home/barry/projects/github/Mixture-of-Prefetchers/results/mop_lite_final/runs/20260417T151729.578876Z-1964/logs/ligra_BC.com-lj.ungraph.gcc_6.3.0_O3.drop_500M.length_250M__MLOP.out,/home/barry/projects/github/Mixture-of-Prefetchers/results/mop_lite_final/runs/20260417T151729.578876Z-1964/logs/ligra_BC.com-lj.ungraph.gcc_6.3.0_O3.drop_500M.length_250M__MLOP.err,/home/barry/projects/github/Mixture-of-Prefetchers/results/mop_lite_final/runs/20260417T151729.578876Z-1964/metrics/ligra_BC.com-lj.ungraph.gcc_6.3.0_O3.drop_500M.length_250M__MLOP.json,,"--warmup_instructions=20000000 --simulation_instructions=50000000 --llc_replacement_type=ship --config=/home/barry/projects/github/Mixture-of-Prefetchers/external/athena/config/nopref.ini --rob_partition_size=64,128,320 --rob_frontal_partition_ids=0 --rob_dorsal_partition_ids=2 --dram_io_freq=400 --l2c_prefetcher_types=mlop --config=/home/barry/projects/github/Mixture-of-Prefetchers/external/athena/config/mlop.ini --l2c_prefetcher_force_prefetch_at_llc=true",114390.0
20260417T151729.578876Z-1964,ligra_BC.com-lj.ungraph.gcc_6.3.0_O3.drop_500M.length_250M,LIGRA,heldout,Baseline,baseline,,,,,,1.11733,1.0,0.9999910501727316,1.11733,1.11734,0.0,116206.0,2.324119907035204,0.0,0.0,0.0,0.0,0.0,0.0,0.0,0.0,0.0,0.0,0.0,0.0,0.0,0.0,0.0,0.0,116206.0,0.0,116206.0,0.0,0.0,0.0,85441.0,25066.0,0.0,2.64,44749341.0,50000002.0,20000000,50000000,,,,,,,GS24473,26a4a00e6667949c1081dbcc263f408cf9f23c3b,162.416236,2026-04-17T15:39:54.623784+00:00,2026-04-17T15:42:37.040020+00:00,/home/barry/projects/github/Mixture-of-Prefetchers/artifacts/athena_traces/ligra_BC.com-lj.ungraph.gcc_6.3.0_O3.drop_500M.length_250M.champsimtrace.xz,/home/barry/projects/github/Mixture-of-Prefetchers/results/mop_lite_final/runs/20260417T151729.578876Z-1964/logs/ligra_BC.com-lj.ungraph.gcc_6.3.0_O3.drop_500M.length_250M__Baseline.out,/home/barry/projects/github/Mixture-of-Prefetchers/results/mop_lite_final/runs/20260417T151729.578876Z-1964/logs/ligra_BC.com-lj.ungraph.gcc_6.3.0_O3.drop_500M.length_250M__Baseline.err,/home/barry/projects/github/Mixture-of-Prefetchers/results/mop_lite_final/runs/20260417T151729.578876Z-1964/metrics/ligra_BC.com-lj.ungraph.gcc_6.3.0_O3.drop_500M.length_250M__Baseline.json,,"--warmup_instructions=20000000 --simulation_instructions=50000000 --llc_replacement_type=ship --config=/home/barry/projects/github/Mixture-of-Prefetchers/external/athena/config/nopref.ini --rob_partition_size=64,128,320 --rob_frontal_partition_ids=0 --rob_dorsal_partition_ids=2 --dram_io_freq=400",0.0
20260417T151729.578876Z-1964,ligra_BC.com-lj.ungraph.gcc_6.3.0_O3.drop_500M.length_250M,LIGRA,heldout,Pythia,single,,,,,,1.11734,1.0000089499073685,1.0,1.11733,1.11734,1.0,116206.0,2.3241197675880234,400059.0,400059.0,0.0,0.0,0.0,0.285880332650934,0.0,0.0,0.0,0.0,0.0,0.0,0.0,0.0,0.0,0.0,116206.0,114369.0,116206.0,0.0,0.0,0.0,113141.0,33483.0,0.0,2.64,44749201.0,50000005.0,20000000,50000000,,,,,,,GS24473,26a4a00e6667949c1081dbcc263f408cf9f23c3b,140.115925,2026-04-17T15:40:37.577329+00:00,2026-04-17T15:42:57.693254+00:00,/home/barry/projects/github/Mixture-of-Prefetchers/artifacts/athena_traces/ligra_BC.com-lj.ungraph.gcc_6.3.0_O3.drop_500M.length_250M.champsimtrace.xz,/home/barry/projects/github/Mixture-of-Prefetchers/results/mop_lite_final/runs/20260417T151729.578876Z-1964/logs/ligra_BC.com-lj.ungraph.gcc_6.3.0_O3.drop_500M.length_250M__Pythia.out,/home/barry/projects/github/Mixture-of-Prefetchers/results/mop_lite_final/runs/20260417T151729.578876Z-1964/logs/ligra_BC.com-lj.ungraph.gcc_6.3.0_O3.drop_500M.length_250M__Pythia.err,/home/barry/projects/github/Mixture-of-Prefetchers/results/mop_lite_final/runs/20260417T151729.578876Z-1964/metrics/ligra_BC.com-lj.ungraph.gcc_6.3.0_O3.drop_500M.length_250M__Pythia.json,,"--warmup_instructions=20000000 --simulation_instructions=50000000 --llc_replacement_type=ship --config=/home/barry/projects/github/Mixture-of-Prefetchers/external/athena/config/nopref.ini --rob_partition_size=64,128,320 --rob_frontal_partition_ids=0 --rob_dorsal_partition_ids=2 --dram_io_freq=400 --l2c_prefetcher_types=scooby --config=/home/barry/projects/github/Mixture-of-Prefetchers/external/athena/config/pythia.ini --l2c_prefetcher_force_prefetch_at_llc=true",114369.0
20260417T151729.578876Z-1964,ligra_BC.com-lj.ungraph.gcc_6.3.0_O3.drop_500M.length_250M,LIGRA,heldout,SMS,single,,,,,,1.1173,0.9999731502778947,0.9999642006909266,1.11733,1.11734,1.0,116206.0,2.324119907035204,29056.0,29056.0,0.0,0.0,0.0,0.9997590859030837,0.0,0.0,0.0,0.0,0.0,0.0,0.0,0.0,0.0,0.0,116206.0,29049.0,116206.0,0.0,0.0,0.0,85282.0,64886.0,0.0,2.64,44750685.0,50000002.0,20000000,50000000,,,,,,,GS24473,26a4a00e6667949c1081dbcc263f408cf9f23c3b,161.045343,2026-04-17T15:40:39.764368+00:00,2026-04-17T15:43:20.809711+00:00,/home/barry/projects/github/Mixture-of-Prefetchers/artifacts/athena_traces/ligra_BC.com-lj.ungraph.gcc_6.3.0_O3.drop_500M.length_250M.champsimtrace.xz,/home/barry/projects/github/Mixture-of-Prefetchers/results/mop_lite_final/runs/20260417T151729.578876Z-1964/logs/ligra_BC.com-lj.ungraph.gcc_6.3.0_O3.drop_500M.length_250M__SMS.out,/home/barry/projects/github/Mixture-of-Prefetchers/results/mop_lite_final/runs/20260417T151729.578876Z-1964/logs/ligra_BC.com-lj.ungraph.gcc_6.3.0_O3.drop_500M.length_250M__SMS.err,/home/barry/projects/github/Mixture-of-Prefetchers/results/mop_lite_final/runs/20260417T151729.578876Z-1964/metrics/ligra_BC.com-lj.ungraph.gcc_6.3.0_O3.drop_500M.length_250M__SMS.json,,"--warmup_instructions=20000000 --simulation_instructions=50000000 --llc_replacement_type=ship --config=/home/barry/projects/github/Mixture-of-Prefetchers/external/athena/config/nopref.ini --rob_partition_size=64,128,320 --rob_frontal_partition_ids=0 --rob_dorsal_partition_ids=2 --dram_io_freq=400 --l2c_prefetcher_types=sms --config=/home/barry/projects/github/Mixture-of-Prefetchers/external/athena/config/sms.ini --l2c_prefetcher_force_prefetch_at_llc=true",29049.0
20260417T151729.578876Z-1964,ligra_BC.com-lj.ungraph.gcc_6.3.0_O3.drop_500M.length_250M,LIGRA,heldout,SPP+PPF,single,,,,,,1.11734,1.0000089499073685,1.0,1.11733,1.11734,1.0,116206.0,2.3241197675880234,113019.0,113019.0,0.0,0.0,0.0,1.0,0.0,0.0,0.0,0.0,0.0,0.0,0.0,0.0,0.0,0.0,116206.0,113019.0,116206.0,0.0,0.0,0.0,112695.0,14673.0,0.0,2.64,44749201.0,50000005.0,20000000,50000000,,,,,,,GS24473,26a4a00e6667949c1081dbcc263f408cf9f23c3b,137.718313,2026-04-17T15:41:17.227992+00:00,2026-04-17T15:43:34.946305+00:00,/home/barry/projects/github/Mixture-of-Prefetchers/artifacts/athena_traces/ligra_BC.com-lj.ungraph.gcc_6.3.0_O3.drop_500M.length_250M.champsimtrace.xz,/home/barry/projects/github/Mixture-of-Prefetchers/results/mop_lite_final/runs/20260417T151729.578876Z-1964/logs/ligra_BC.com-lj.ungraph.gcc_6.3.0_O3.drop_500M.length_250M__SPPplusPPF.out,/home/barry/projects/github/Mixture-of-Prefetchers/results/mop_lite_final/runs/20260417T151729.578876Z-1964/logs/ligra_BC.com-lj.ungraph.gcc_6.3.0_O3.drop_500M.length_250M__SPPplusPPF.err,/home/barry/projects/github/Mixture-of-Prefetchers/results/mop_lite_final/runs/20260417T151729.578876Z-1964/metrics/ligra_BC.com-lj.ungraph.gcc_6.3.0_O3.drop_500M.length_250M__SPPplusPPF.json,,"--warmup_instructions=20000000 --simulation_instructions=50000000 --llc_replacement_type=ship --config=/home/barry/projects/github/Mixture-of-Prefetchers/external/athena/config/nopref.ini --rob_partition_size=64,128,320 --rob_frontal_partition_ids=0 --rob_dorsal_partition_ids=2 --dram_io_freq=400 --l2c_prefetcher_types=spp_ppf_dev --config=/home/barry/projects/github/Mixture-of-Prefetchers/external/athena/config/spp_ppf_dev.ini --l2c_prefetcher_force_prefetch_at_llc=true",113019.0
20260417T151729.578876Z-1964,parsec_2.1.streamcluster.simlarge.prebuilt.drop_0M.length_250M,PARSEC,heldout,MLOP,single,,,,,,0.89981,0.9971077768666474,0.9999666607396871,0.90242,0.89984,1.0,52335.0,1.0467,51521.0,51521.0,0.0,0.0,0.0,0.9999417713165505,0.0,0.0,0.0,0.0,0.0,0.0,0.0,0.0,0.0,0.0,52335.0,51518.0,52335.0,0.0,0.0,0.0,28632.0,23980.0,0.0,0.13,55567570.0,50000000.0,20000000,50000000,,,,,,,GS24473,26a4a00e6667949c1081dbcc263f408cf9f23c3b,418.563252,2026-04-17T15:37:47.950905+00:00,2026-04-17T15:44:46.514157+00:00,/home/barry/projects/github/Mixture-of-Prefetchers/artifacts/athena_traces/parsec_2.1.streamcluster.simlarge.prebuilt.drop_0M.length_250M.champsimtrace.xz,/home/barry/projects/github/Mixture-of-Prefetchers/results/mop_lite_final/runs/20260417T151729.578876Z-1964/logs/parsec_2.1.streamcluster.simlarge.prebuilt.drop_0M.length_250M__MLOP.out,/home/barry/projects/github/Mixture-of-Prefetchers/results/mop_lite_final/runs/20260417T151729.578876Z-1964/logs/parsec_2.1.streamcluster.simlarge.prebuilt.drop_0M.length_250M__MLOP.err,/home/barry/projects/github/Mixture-of-Prefetchers/results/mop_lite_final/runs/20260417T151729.578876Z-1964/metrics/parsec_2.1.streamcluster.simlarge.prebuilt.drop_0M.length_250M__MLOP.json,,"--warmup_instructions=20000000 --simulation_instructions=50000000 --llc_replacement_type=ship --config=/home/barry/projects/github/Mixture-of-Prefetchers/external/athena/config/nopref.ini --rob_partition_size=64,128,320 --rob_frontal_partition_ids=0 --rob_dorsal_partition_ids=2 --dram_io_freq=400 --l2c_prefetcher_types=mlop --config=/home/barry/projects/github/Mixture-of-Prefetchers/external/athena/config/mlop.ini --l2c_prefetcher_force_prefetch_at_llc=true",51518.0
20260417T151729.578876Z-1964,parsec_2.1.streamcluster.simlarge.prebuilt.drop_0M.length_250M,PARSEC,heldout,SMS,single,,,,,,0.90217,0.9997229671328207,1.0025893492176388,0.90242,0.89984,1.0,52335.0,1.0467,13088.0,13088.0,0.0,0.0,0.0,1.0,0.0,0.0,0.0,0.0,0.0,0.0,0.0,0.0,0.0,0.0,52335.0,13088.0,52335.0,0.0,0.0,0.0,19945.0,21165.0,0.0,0.13,55421637.0,50000000.0,20000000,50000000,,,,,,,GS24473,26a4a00e6667949c1081dbcc263f408cf9f23c3b,416.578913,2026-04-17T15:37:54.513499+00:00,2026-04-17T15:44:51.092412+00:00,/home/barry/projects/github/Mixture-of-Prefetchers/artifacts/athena_traces/parsec_2.1.streamcluster.simlarge.prebuilt.drop_0M.length_250M.champsimtrace.xz,/home/barry/projects/github/Mixture-of-Prefetchers/results/mop_lite_final/runs/20260417T151729.578876Z-1964/logs/parsec_2.1.streamcluster.simlarge.prebuilt.drop_0M.length_250M__SMS.out,/home/barry/projects/github/Mixture-of-Prefetchers/results/mop_lite_final/runs/20260417T151729.578876Z-1964/logs/parsec_2.1.streamcluster.simlarge.prebuilt.drop_0M.length_250M__SMS.err,/home/barry/projects/github/Mixture-of-Prefetchers/results/mop_lite_final/runs/20260417T151729.578876Z-1964/metrics/parsec_2.1.streamcluster.simlarge.prebuilt.drop_0M.length_250M__SMS.json,,"--warmup_instructions=20000000 --simulation_instructions=50000000 --llc_replacement_type=ship --config=/home/barry/projects/github/Mixture-of-Prefetchers/external/athena/config/nopref.ini --rob_partition_size=64,128,320 --rob_frontal_partition_ids=0 --rob_dorsal_partition_ids=2 --dram_io_freq=400 --l2c_prefetcher_types=sms --config=/home/barry/projects/github/Mixture-of-Prefetchers/external/athena/config/sms.ini --l2c_prefetcher_force_prefetch_at_llc=true",13088.0
20260417T151729.578876Z-1964,parsec_2.1.streamcluster.simlarge.prebuilt.drop_0M.length_250M,PARSEC,heldout,Pythia,single,,,,,,0.89977,0.9970634516078987,0.9999222083926032,0.90242,0.89984,1.0,52335.0,1.0467,180238.0,180238.0,0.0,0.0,0.0,0.28578324215759165,0.0,0.0,0.0,0.0,0.0,0.0,0.0,0.0,0.0,0.0,52335.0,51509.0,52335.0,0.0,0.0,0.0,33489.0,5366.0,0.0,0.13,55569593.0,50000000.0,20000000,50000000,,,,,,,GS24473,26a4a00e6667949c1081dbcc263f408cf9f23c3b,421.581569,2026-04-17T15:37:50.055163+00:00,2026-04-17T15:44:51.636732+00:00,/home/barry/projects/github/Mixture-of-Prefetchers/artifacts/athena_traces/parsec_2.1.streamcluster.simlarge.prebuilt.drop_0M.length_250M.champsimtrace.xz,/home/barry/projects/github/Mixture-of-Prefetchers/results/mop_lite_final/runs/20260417T151729.578876Z-1964/logs/parsec_2.1.streamcluster.simlarge.prebuilt.drop_0M.length_250M__Pythia.out,/home/barry/projects/github/Mixture-of-Prefetchers/results/mop_lite_final/runs/20260417T151729.578876Z-1964/logs/parsec_2.1.streamcluster.simlarge.prebuilt.drop_0M.length_250M__Pythia.err,/home/barry/projects/github/Mixture-of-Prefetchers/results/mop_lite_final/runs/20260417T151729.578876Z-1964/metrics/parsec_2.1.streamcluster.simlarge.prebuilt.drop_0M.length_250M__Pythia.json,,"--warmup_instructions=20000000 --simulation_instructions=50000000 --llc_replacement_type=ship --config=/home/barry/projects/github/Mixture-of-Prefetchers/external/athena/config/nopref.ini --rob_partition_size=64,128,320 --rob_frontal_partition_ids=0 --rob_dorsal_partition_ids=2 --dram_io_freq=400 --l2c_prefetcher_types=scooby --config=/home/barry/projects/github/Mixture-of-Prefetchers/external/athena/config/pythia.ini --l2c_prefetcher_force_prefetch_at_llc=true",51509.0
20260417T151729.578876Z-1964,ligra_BC.com-lj.ungraph.gcc_6.3.0_O3.drop_500M.length_250M,LIGRA,heldout,FixedSplit,router,FixedSplit,,Pythia,SPP+PPF,1,1.11733,1.0,0.9999910501727316,1.11733,1.11734,1.0,116206.0,2.324119907035204,204800.0,204800.0,0.0,0.0,0.0,0.5017822265625,41326.0,143360.0,41325.0,143360.0,143360.0,143360.0,140.0,140.0,0.9999758021584475,1.0,116206.0,102765.0,116206.0,0.0,0.0,0.0,108625.0,27904.0,0.0,2.64,44749395.0,50000002.0,20000000,50000000,500000,2048,30,50,"1.0,0.25,1.0",,GS24473,26a4a00e6667949c1081dbcc263f408cf9f23c3b,148.98519,2026-04-17T15:42:29.761089+00:00,2026-04-17T15:44:58.746279+00:00,/home/barry/projects/github/Mixture-of-Prefetchers/artifacts/athena_traces/ligra_BC.com-lj.ungraph.gcc_6.3.0_O3.drop_500M.length_250M.champsimtrace.xz,/home/barry/projects/github/Mixture-of-Prefetchers/results/mop_lite_final/runs/20260417T151729.578876Z-1964/logs/ligra_BC.com-lj.ungraph.gcc_6.3.0_O3.drop_500M.length_250M__FixedSplit.out,/home/barry/projects/github/Mixture-of-Prefetchers/results/mop_lite_final/runs/20260417T151729.578876Z-1964/logs/ligra_BC.com-lj.ungraph.gcc_6.3.0_O3.drop_500M.length_250M__FixedSplit.err,/home/barry/projects/github/Mixture-of-Prefetchers/results/mop_lite_final/runs/20260417T151729.578876Z-1964/metrics/ligra_BC.com-lj.ungraph.gcc_6.3.0_O3.drop_500M.length_250M__FixedSplit.json,,"--warmup_instructions=20000000 --simulation_instructions=50000000 --llc_replacement_type=ship --config=/home/barry/projects/github/Mixture-of-Prefetchers/external/athena/config/nopref.ini --rob_partition_size=64,128,320 --rob_frontal_partition_ids=0 --rob_dorsal_partition_ids=2 --dram_io_freq=400 --config=/home/barry/projects/github/Mixture-of-Prefetchers/external/athena/config/mop_lite.ini --mop_router_type=0 --mop_seed=1 --l2c_prefetcher_types=scooby --config=/home/barry/projects/github/Mixture-of-Prefetchers/external/athena/config/pythia.ini --l2c_prefetcher_types=spp_ppf_dev --config=/home/barry/projects/github/Mixture-of-Prefetchers/external/athena/config/spp_ppf_dev.ini --l2c_prefetcher_force_prefetch_at_llc=true",102765.0
20260417T151729.578876Z-1964,ligra_BC.com-lj.ungraph.gcc_6.3.0_O3.drop_500M.length_250M,LIGRA,heldout,WinnerTakeAll,router,WinnerTakeAll,,Pythia,SPP+PPF,1,1.11733,1.0,0.9999910501727316,1.11733,1.11734,1.0,116206.0,2.324119907035204,204800.0,204800.0,0.0,0.0,0.0,0.2872314453125,82066.0,1024.0,82064.0,1024.0,286720.0,0.0,140.0,0.0,0.9999756293714815,1.0,116206.0,58825.0,116206.0,0.0,0.0,0.0,93702.0,48494.0,0.0,2.64,44749341.0,50000002.0,20000000,50000000,500000,2048,30,50,"1.0,0.25,1.0",,GS24473,26a4a00e6667949c1081dbcc263f408cf9f23c3b,162.483514,2026-04-17T15:42:37.040065+00:00,2026-04-17T15:45:19.523579+00:00,/home/barry/projects/github/Mixture-of-Prefetchers/artifacts/athena_traces/ligra_BC.com-lj.ungraph.gcc_6.3.0_O3.drop_500M.length_250M.champsimtrace.xz,/home/barry/projects/github/Mixture-of-Prefetchers/results/mop_lite_final/runs/20260417T151729.578876Z-1964/logs/ligra_BC.com-lj.ungraph.gcc_6.3.0_O3.drop_500M.length_250M__WinnerTakeAll.out,/home/barry/projects/github/Mixture-of-Prefetchers/results/mop_lite_final/runs/20260417T151729.578876Z-1964/logs/ligra_BC.com-lj.ungraph.gcc_6.3.0_O3.drop_500M.length_250M__WinnerTakeAll.err,/home/barry/projects/github/Mixture-of-Prefetchers/results/mop_lite_final/runs/20260417T151729.578876Z-1964/metrics/ligra_BC.com-lj.ungraph.gcc_6.3.0_O3.drop_500M.length_250M__WinnerTakeAll.json,,"--warmup_instructions=20000000 --simulation_instructions=50000000 --llc_replacement_type=ship --config=/home/barry/projects/github/Mixture-of-Prefetchers/external/athena/config/nopref.ini --rob_partition_size=64,128,320 --rob_frontal_partition_ids=0 --rob_dorsal_partition_ids=2 --dram_io_freq=400 --config=/home/barry/projects/github/Mixture-of-Prefetchers/external/athena/config/mop_lite.ini --mop_router_type=1 --mop_seed=1 --l2c_prefetcher_types=scooby --config=/home/barry/projects/github/Mixture-of-Prefetchers/external/athena/config/pythia.ini --l2c_prefetcher_types=spp_ppf_dev --config=/home/barry/projects/github/Mixture-of-Prefetchers/external/athena/config/spp_ppf_dev.ini --l2c_prefetcher_force_prefetch_at_llc=true",58825.0
20260417T151729.578876Z-1964,ligra_BC.com-lj.ungraph.gcc_6.3.0_O3.drop_500M.length_250M,LIGRA,heldout,RandomRouter,router,RandomRouter,,Pythia,SPP+PPF,1,1.11733,1.0,0.9999910501727316,1.11733,1.11734,1.0,116206.0,2.324119907035204,149763.0,149763.0,0.0,0.0,0.0,0.6103176351969445,36210.0,89276.0,36209.0,89200.0,126976.0,159744.0,62.0,78.0,0.999972383319525,0.9991487073793629,116206.0,91403.0,116206.0,0.0,0.0,0.0,103622.0,34189.0,0.0,2.64,44749341.0,50000002.0,20000000,50000000,500000,2048,30,50,"1.0,0.25,1.0",,GS24473,26a4a00e6667949c1081dbcc263f408cf9f23c3b,151.074421,2026-04-17T15:42:57.693339+00:00,2026-04-17T15:45:28.767760+00:00,/home/barry/projects/github/Mixture-of-Prefetchers/artifacts/athena_traces/ligra_BC.com-lj.ungraph.gcc_6.3.0_O3.drop_500M.length_250M.champsimtrace.xz,/home/barry/projects/github/Mixture-of-Prefetchers/results/mop_lite_final/runs/20260417T151729.578876Z-1964/logs/ligra_BC.com-lj.ungraph.gcc_6.3.0_O3.drop_500M.length_250M__RandomRouter.out,/home/barry/projects/github/Mixture-of-Prefetchers/results/mop_lite_final/runs/20260417T151729.578876Z-1964/logs/ligra_BC.com-lj.ungraph.gcc_6.3.0_O3.drop_500M.length_250M__RandomRouter.err,/home/barry/projects/github/Mixture-of-Prefetchers/results/mop_lite_final/runs/20260417T151729.578876Z-1964/metrics/ligra_BC.com-lj.ungraph.gcc_6.3.0_O3.drop_500M.length_250M__RandomRouter.json,,"--warmup_instructions=20000000 --simulation_instructions=50000000 --llc_replacement_type=ship --config=/home/barry/projects/github/Mixture-of-Prefetchers/external/athena/config/nopref.ini --rob_partition_size=64,128,320 --rob_frontal_partition_ids=0 --rob_dorsal_partition_ids=2 --dram_io_freq=400 --config=/home/barry/projects/github/Mixture-of-Prefetchers/external/athena/config/mop_lite.ini --mop_router_type=2 --mop_seed=1 --l2c_prefetcher_types=scooby --config=/home/barry/projects/github/Mixture-of-Prefetchers/external/athena/config/pythia.ini --l2c_prefetcher_types=spp_ppf_dev --config=/home/barry/projects/github/Mixture-of-Prefetchers/external/athena/config/spp_ppf_dev.ini --l2c_prefetcher_force_prefetch_at_llc=true",91403.0
20260417T151729.578876Z-1964,parsec_2.1.streamcluster.simlarge.prebuilt.drop_0M.length_250M,PARSEC,heldout,SPP+PPF,single,,,,,,0.89984,0.997141020810709,1.0,0.90242,0.89984,1.0,52335.0,1.0467,51086.0,51086.0,0.0,0.0,0.0,1.0,0.0,0.0,0.0,0.0,0.0,0.0,0.0,0.0,0.0,0.0,52335.0,51086.0,52335.0,0.0,0.0,0.0,33394.0,2132.0,0.0,0.13,55565678.0,50000000.0,20000000,50000000,,,,,,,GS24473,26a4a00e6667949c1081dbcc263f408cf9f23c3b,421.580978,2026-04-17T15:38:34.120751+00:00,2026-04-17T15:45:35.701729+00:00,/home/barry/projects/github/Mixture-of-Prefetchers/artifacts/athena_traces/parsec_2.1.streamcluster.simlarge.prebuilt.drop_0M.length_250M.champsimtrace.xz,/home/barry/projects/github/Mixture-of-Prefetchers/results/mop_lite_final/runs/20260417T151729.578876Z-1964/logs/parsec_2.1.streamcluster.simlarge.prebuilt.drop_0M.length_250M__SPPplusPPF.out,/home/barry/projects/github/Mixture-of-Prefetchers/results/mop_lite_final/runs/20260417T151729.578876Z-1964/logs/parsec_2.1.streamcluster.simlarge.prebuilt.drop_0M.length_250M__SPPplusPPF.err,/home/barry/projects/github/Mixture-of-Prefetchers/results/mop_lite_final/runs/20260417T151729.578876Z-1964/metrics/parsec_2.1.streamcluster.simlarge.prebuilt.drop_0M.length_250M__SPPplusPPF.json,,"--warmup_instructions=20000000 --simulation_instructions=50000000 --llc_replacement_type=ship --config=/home/barry/projects/github/Mixture-of-Prefetchers/external/athena/config/nopref.ini --rob_partition_size=64,128,320 --rob_frontal_partition_ids=0 --rob_dorsal_partition_ids=2 --dram_io_freq=400 --l2c_prefetcher_types=spp_ppf_dev --config=/home/barry/projects/github/Mixture-of-Prefetchers/external/athena/config/spp_ppf_dev.ini --l2c_prefetcher_force_prefetch_at_llc=true",51086.0
20260417T151729.578876Z-1964,parsec_2.1.streamcluster.simlarge.prebuilt.drop_0M.length_250M,PARSEC,heldout,FixedSplit,router,FixedSplit,,Pythia,SPP+PPF,1,0.8998,0.9970966955519603,0.9999555476529162,0.90242,0.89984,1.0,52335.0,1.0467,153488.0,153488.0,0.0,0.0,0.0,0.3345342958407172,41515.0,72137.0,41421.0,71962.0,143360.0,143360.0,140.0,140.0,0.9977357581597013,0.9975740604682757,52335.0,51347.0,52335.0,0.0,0.0,0.0,33485.0,4372.0,0.0,0.13,55567679.0,50000000.0,20000000,50000000,500000,2048,30,50,"1.0,0.25,1.0",,GS24473,26a4a00e6667949c1081dbcc263f408cf9f23c3b,428.275067,2026-04-17T15:38:54.750974+00:00,2026-04-17T15:46:03.026041+00:00,/home/barry/projects/github/Mixture-of-Prefetchers/artifacts/athena_traces/parsec_2.1.streamcluster.simlarge.prebuilt.drop_0M.length_250M.champsimtrace.xz,/home/barry/projects/github/Mixture-of-Prefetchers/results/mop_lite_final/runs/20260417T151729.578876Z-1964/logs/parsec_2.1.streamcluster.simlarge.prebuilt.drop_0M.length_250M__FixedSplit.out,/home/barry/projects/github/Mixture-of-Prefetchers/results/mop_lite_final/runs/20260417T151729.578876Z-1964/logs/parsec_2.1.streamcluster.simlarge.prebuilt.drop_0M.length_250M__FixedSplit.err,/home/barry/projects/github/Mixture-of-Prefetchers/results/mop_lite_final/runs/20260417T151729.578876Z-1964/metrics/parsec_2.1.streamcluster.simlarge.prebuilt.drop_0M.length_250M__FixedSplit.json,,"--warmup_instructions=20000000 --simulation_instructions=50000000 --llc_replacement_type=ship --config=/home/barry/projects/github/Mixture-of-Prefetchers/external/athena/config/nopref.ini --rob_partition_size=64,128,320 --rob_frontal_partition_ids=0 --rob_dorsal_partition_ids=2 --dram_io_freq=400 --config=/home/barry/projects/github/Mixture-of-Prefetchers/external/athena/config/mop_lite.ini --mop_router_type=0 --mop_seed=1 --l2c_prefetcher_types=scooby --config=/home/barry/projects/github/Mixture-of-Prefetchers/external/athena/config/pythia.ini --l2c_prefetcher_types=spp_ppf_dev --config=/home/barry/projects/github/Mixture-of-Prefetchers/external/athena/config/spp_ppf_dev.ini --l2c_prefetcher_force_prefetch_at_llc=true",51347.0
20260417T151729.578876Z-1964,ligra_BC.com-lj.ungraph.gcc_6.3.0_O3.drop_500M.length_250M,LIGRA,heldout,OneShotFit,router,OneShotFit,,Pythia,SPP+PPF,1,1.11733,1.0,0.9999910501727316,1.11733,1.11734,1.0,116206.0,2.324119907035204,204800.0,204800.0,0.0,0.0,0.0,0.2872314453125,82066.0,1024.0,82064.0,1024.0,286720.0,0.0,140.0,0.0,0.9999756293714815,1.0,116206.0,58825.0,116206.0,0.0,0.0,0.0,93138.0,50852.0,0.0,2.64,44749341.0,50000002.0,20000000,50000000,500000,2048,30,50,"1.0,0.25,1.0",,GS24473,26a4a00e6667949c1081dbcc263f408cf9f23c3b,163.350118,2026-04-17T15:43:20.809813+00:00,2026-04-17T15:46:04.159931+00:00,/home/barry/projects/github/Mixture-of-Prefetchers/artifacts/athena_traces/ligra_BC.com-lj.ungraph.gcc_6.3.0_O3.drop_500M.length_250M.champsimtrace.xz,/home/barry/projects/github/Mixture-of-Prefetchers/results/mop_lite_final/runs/20260417T151729.578876Z-1964/logs/ligra_BC.com-lj.ungraph.gcc_6.3.0_O3.drop_500M.length_250M__OneShotFit.out,/home/barry/projects/github/Mixture-of-Prefetchers/results/mop_lite_final/runs/20260417T151729.578876Z-1964/logs/ligra_BC.com-lj.ungraph.gcc_6.3.0_O3.drop_500M.length_250M__OneShotFit.err,/home/barry/projects/github/Mixture-of-Prefetchers/results/mop_lite_final/runs/20260417T151729.578876Z-1964/metrics/ligra_BC.com-lj.ungraph.gcc_6.3.0_O3.drop_500M.length_250M__OneShotFit.json,,"--warmup_instructions=20000000 --simulation_instructions=50000000 --llc_replacement_type=ship --config=/home/barry/projects/github/Mixture-of-Prefetchers/external/athena/config/nopref.ini --rob_partition_size=64,128,320 --rob_frontal_partition_ids=0 --rob_dorsal_partition_ids=2 --dram_io_freq=400 --config=/home/barry/projects/github/Mixture-of-Prefetchers/external/athena/config/mop_lite.ini --mop_router_type=3 --mop_seed=1 --l2c_prefetcher_types=scooby --config=/home/barry/projects/github/Mixture-of-Prefetchers/external/athena/config/pythia.ini --l2c_prefetcher_types=spp_ppf_dev --config=/home/barry/projects/github/Mixture-of-Prefetchers/external/athena/config/spp_ppf_dev.ini --l2c_prefetcher_force_prefetch_at_llc=true",58825.0
20260417T151729.578876Z-1964,ligra_BC.com-lj.ungraph.gcc_6.3.0_O3.drop_500M.length_250M,LIGRA,heldout,MoPLite,router,MoPLite,,Pythia,SPP+PPF,1,1.11733,1.0,0.9999910501727316,1.11733,1.11734,1.0,116206.0,2.324119907035204,204800.0,204800.0,0.0,0.0,0.0,0.3575,53088.0,102223.0,53087.0,102223.0,184657.0,102063.0,140.0,140.0,0.9999811633514165,1.0,116206.0,73216.0,116206.0,0.0,0.0,0.0,97053.0,47191.0,0.0,2.64,44749341.0,50000002.0,20000000,50000000,500000,2048,30,50,"1.0,0.25,1.0",,GS24473,26a4a00e6667949c1081dbcc263f408cf9f23c3b,155.528998,2026-04-17T15:43:34.946361+00:00,2026-04-17T15:46:10.475359+00:00,/home/barry/projects/github/Mixture-of-Prefetchers/artifacts/athena_traces/ligra_BC.com-lj.ungraph.gcc_6.3.0_O3.drop_500M.length_250M.champsimtrace.xz,/home/barry/projects/github/Mixture-of-Prefetchers/results/mop_lite_final/runs/20260417T151729.578876Z-1964/logs/ligra_BC.com-lj.ungraph.gcc_6.3.0_O3.drop_500M.length_250M__MoPLite.out,/home/barry/projects/github/Mixture-of-Prefetchers/results/mop_lite_final/runs/20260417T151729.578876Z-1964/logs/ligra_BC.com-lj.ungraph.gcc_6.3.0_O3.drop_500M.length_250M__MoPLite.err,/home/barry/projects/github/Mixture-of-Prefetchers/results/mop_lite_final/runs/20260417T151729.578876Z-1964/metrics/ligra_BC.com-lj.ungraph.gcc_6.3.0_O3.drop_500M.length_250M__MoPLite.json,,"--warmup_instructions=20000000 --simulation_instructions=50000000 --llc_replacement_type=ship --config=/home/barry/projects/github/Mixture-of-Prefetchers/external/athena/config/nopref.ini --rob_partition_size=64,128,320 --rob_frontal_partition_ids=0 --rob_dorsal_partition_ids=2 --dram_io_freq=400 --config=/home/barry/projects/github/Mixture-of-Prefetchers/external/athena/config/mop_lite.ini --mop_router_type=4 --mop_seed=1 --l2c_prefetcher_types=scooby --config=/home/barry/projects/github/Mixture-of-Prefetchers/external/athena/config/pythia.ini --l2c_prefetcher_types=spp_ppf_dev --config=/home/barry/projects/github/Mixture-of-Prefetchers/external/athena/config/spp_ppf_dev.ini --l2c_prefetcher_force_prefetch_at_llc=true",73216.0
20260417T151729.578876Z-1964,parsec_2.1.streamcluster.simlarge.prebuilt.drop_0M.length_250M,PARSEC,heldout,WinnerTakeAll,router,WinnerTakeAll,,Pythia,SPP+PPF,1,0.89981,0.9971077768666474,0.9999666607396871,0.90242,0.89984,1.0,52335.0,1.0467,100131.0,100131.0,0.0,0.0,0.0,0.5120192547762431,21243.0,51709.0,21010.0,51573.0,81920.0,204800.0,40.0,100.0,0.9890316810243375,0.9973698969231661,52335.0,51269.0,52335.0,0.0,0.0,0.0,33493.0,3711.0,0.0,0.13,55567244.0,50000000.0,20000000,50000000,500000,2048,30,50,"1.0,0.25,1.0",,GS24473,26a4a00e6667949c1081dbcc263f408cf9f23c3b,429.213257,2026-04-17T15:39:01.329932+00:00,2026-04-17T15:46:10.543189+00:00,/home/barry/projects/github/Mixture-of-Prefetchers/artifacts/athena_traces/parsec_2.1.streamcluster.simlarge.prebuilt.drop_0M.length_250M.champsimtrace.xz,/home/barry/projects/github/Mixture-of-Prefetchers/results/mop_lite_final/runs/20260417T151729.578876Z-1964/logs/parsec_2.1.streamcluster.simlarge.prebuilt.drop_0M.length_250M__WinnerTakeAll.out,/home/barry/projects/github/Mixture-of-Prefetchers/results/mop_lite_final/runs/20260417T151729.578876Z-1964/logs/parsec_2.1.streamcluster.simlarge.prebuilt.drop_0M.length_250M__WinnerTakeAll.err,/home/barry/projects/github/Mixture-of-Prefetchers/results/mop_lite_final/runs/20260417T151729.578876Z-1964/metrics/parsec_2.1.streamcluster.simlarge.prebuilt.drop_0M.length_250M__WinnerTakeAll.json,,"--warmup_instructions=20000000 --simulation_instructions=50000000 --llc_replacement_type=ship --config=/home/barry/projects/github/Mixture-of-Prefetchers/external/athena/config/nopref.ini --rob_partition_size=64,128,320 --rob_frontal_partition_ids=0 --rob_dorsal_partition_ids=2 --dram_io_freq=400 --config=/home/barry/projects/github/Mixture-of-Prefetchers/external/athena/config/mop_lite.ini --mop_router_type=1 --mop_seed=1 --l2c_prefetcher_types=scooby --config=/home/barry/projects/github/Mixture-of-Prefetchers/external/athena/config/pythia.ini --l2c_prefetcher_types=spp_ppf_dev --config=/home/barry/projects/github/Mixture-of-Prefetchers/external/athena/config/spp_ppf_dev.ini --l2c_prefetcher_force_prefetch_at_llc=true",51269.0
20260417T151729.578876Z-1964,parsec_2.1.streamcluster.simlarge.prebuilt.drop_0M.length_250M,PARSEC,heldout,RandomRouter,router,RandomRouter,,Pythia,SPP+PPF,1,0.89981,0.9971077768666474,0.9999666607396871,0.90242,0.89984,1.0,52335.0,1.0467,102798.0,102798.0,0.0,0.0,0.0,0.49885211774548144,32110.0,40912.0,31807.0,40797.0,126976.0,159744.0,62.0,78.0,0.9905636873248209,0.9971890887759093,52335.0,51281.0,52335.0,0.0,0.0,0.0,33434.0,3550.0,0.0,0.13,55567592.0,50000000.0,20000000,50000000,500000,2048,30,50,"1.0,0.25,1.0",,GS24473,26a4a00e6667949c1081dbcc263f408cf9f23c3b,422.869777,2026-04-17T15:39:09.481434+00:00,2026-04-17T15:46:12.351211+00:00,/home/barry/projects/github/Mixture-of-Prefetchers/artifacts/athena_traces/parsec_2.1.streamcluster.simlarge.prebuilt.drop_0M.length_250M.champsimtrace.xz,/home/barry/projects/github/Mixture-of-Prefetchers/results/mop_lite_final/runs/20260417T151729.578876Z-1964/logs/parsec_2.1.streamcluster.simlarge.prebuilt.drop_0M.length_250M__RandomRouter.out,/home/barry/projects/github/Mixture-of-Prefetchers/results/mop_lite_final/runs/20260417T151729.578876Z-1964/logs/parsec_2.1.streamcluster.simlarge.prebuilt.drop_0M.length_250M__RandomRouter.err,/home/barry/projects/github/Mixture-of-Prefetchers/results/mop_lite_final/runs/20260417T151729.578876Z-1964/metrics/parsec_2.1.streamcluster.simlarge.prebuilt.drop_0M.length_250M__RandomRouter.json,,"--warmup_instructions=20000000 --simulation_instructions=50000000 --llc_replacement_type=ship --config=/home/barry/projects/github/Mixture-of-Prefetchers/external/athena/config/nopref.ini --rob_partition_size=64,128,320 --rob_frontal_partition_ids=0 --rob_dorsal_partition_ids=2 --dram_io_freq=400 --config=/home/barry/projects/github/Mixture-of-Prefetchers/external/athena/config/mop_lite.ini --mop_router_type=2 --mop_seed=1 --l2c_prefetcher_types=scooby --config=/home/barry/projects/github/Mixture-of-Prefetchers/external/athena/config/pythia.ini --l2c_prefetcher_types=spp_ppf_dev --config=/home/barry/projects/github/Mixture-of-Prefetchers/external/athena/config/spp_ppf_dev.ini --l2c_prefetcher_force_prefetch_at_llc=true",51281.0
20260417T151729.578876Z-1964,parsec_2.1.streamcluster.simlarge.prebuilt.drop_0M.length_250M,PARSEC,heldout,OneShotFit,router,OneShotFit,,Pythia,SPP+PPF,1,0.89977,0.9970634516078987,0.9999222083926032,0.90242,0.89984,1.0,52335.0,1.0467,180238.0,180238.0,0.0,0.0,0.0,0.28578324215759165,71449.0,2041.0,70877.0,1999.0,282624.0,4096.0,138.0,2.0,0.9919942896331649,0.979421852033317,52335.0,51509.0,52335.0,0.0,0.0,0.0,33490.0,5466.0,0.0,0.13,55569506.0,50000000.0,20000000,50000000,500000,2048,30,50,"1.0,0.25,1.0",,GS24473,26a4a00e6667949c1081dbcc263f408cf9f23c3b,428.562191,2026-04-17T15:39:13.722501+00:00,2026-04-17T15:46:22.284692+00:00,/home/barry/projects/github/Mixture-of-Prefetchers/artifacts/athena_traces/parsec_2.1.streamcluster.simlarge.prebuilt.drop_0M.length_250M.champsimtrace.xz,/home/barry/projects/github/Mixture-of-Prefetchers/results/mop_lite_final/runs/20260417T151729.578876Z-1964/logs/parsec_2.1.streamcluster.simlarge.prebuilt.drop_0M.length_250M__OneShotFit.out,/home/barry/projects/github/Mixture-of-Prefetchers/results/mop_lite_final/runs/20260417T151729.578876Z-1964/logs/parsec_2.1.streamcluster.simlarge.prebuilt.drop_0M.length_250M__OneShotFit.err,/home/barry/projects/github/Mixture-of-Prefetchers/results/mop_lite_final/runs/20260417T151729.578876Z-1964/metrics/parsec_2.1.streamcluster.simlarge.prebuilt.drop_0M.length_250M__OneShotFit.json,,"--warmup_instructions=20000000 --simulation_instructions=50000000 --llc_replacement_type=ship --config=/home/barry/projects/github/Mixture-of-Prefetchers/external/athena/config/nopref.ini --rob_partition_size=64,128,320 --rob_frontal_partition_ids=0 --rob_dorsal_partition_ids=2 --dram_io_freq=400 --config=/home/barry/projects/github/Mixture-of-Prefetchers/external/athena/config/mop_lite.ini --mop_router_type=3 --mop_seed=1 --l2c_prefetcher_types=scooby --config=/home/barry/projects/github/Mixture-of-Prefetchers/external/athena/config/pythia.ini --l2c_prefetcher_types=spp_ppf_dev --config=/home/barry/projects/github/Mixture-of-Prefetchers/external/athena/config/spp_ppf_dev.ini --l2c_prefetcher_force_prefetch_at_llc=true",51509.0
20260417T151729.578876Z-1964,parsec_2.1.streamcluster.simlarge.prebuilt.drop_0M.length_250M,PARSEC,heldout,MoPLite,router,MoPLite,,Pythia,SPP+PPF,1,0.89979,0.997085614237273,0.9999444345661451,0.90242,0.89984,1.0,52335.0,1.0467,172811.0,172811.0,0.0,0.0,0.0,0.29738268975933246,49246.0,72153.0,49152.0,71978.0,170488.0,116232.0,140.0,140.0,0.9980912155301953,0.997574598422796,52335.0,51391.0,52335.0,0.0,0.0,0.0,33447.0,4776.0,0.0,0.13,55568810.0,50000000.0,20000000,50000000,500000,2048,30,50,"1.0,0.25,1.0",,GS24473,26a4a00e6667949c1081dbcc263f408cf9f23c3b,430.061414,2026-04-17T15:39:27.436173+00:00,2026-04-17T15:46:37.497587+00:00,/home/barry/projects/github/Mixture-of-Prefetchers/artifacts/athena_traces/parsec_2.1.streamcluster.simlarge.prebuilt.drop_0M.length_250M.champsimtrace.xz,/home/barry/projects/github/Mixture-of-Prefetchers/results/mop_lite_final/runs/20260417T151729.578876Z-1964/logs/parsec_2.1.streamcluster.simlarge.prebuilt.drop_0M.length_250M__MoPLite.out,/home/barry/projects/github/Mixture-of-Prefetchers/results/mop_lite_final/runs/20260417T151729.578876Z-1964/logs/parsec_2.1.streamcluster.simlarge.prebuilt.drop_0M.length_250M__MoPLite.err,/home/barry/projects/github/Mixture-of-Prefetchers/results/mop_lite_final/runs/20260417T151729.578876Z-1964/metrics/parsec_2.1.streamcluster.simlarge.prebuilt.drop_0M.length_250M__MoPLite.json,,"--warmup_instructions=20000000 --simulation_instructions=50000000 --llc_replacement_type=ship --config=/home/barry/projects/github/Mixture-of-Prefetchers/external/athena/config/nopref.ini --rob_partition_size=64,128,320 --rob_frontal_partition_ids=0 --rob_dorsal_partition_ids=2 --dram_io_freq=400 --config=/home/barry/projects/github/Mixture-of-Prefetchers/external/athena/config/mop_lite.ini --mop_router_type=4 --mop_seed=1 --l2c_prefetcher_types=scooby --config=/home/barry/projects/github/Mixture-of-Prefetchers/external/athena/config/pythia.ini --l2c_prefetcher_types=spp_ppf_dev --config=/home/barry/projects/github/Mixture-of-Prefetchers/external/athena/config/spp_ppf_dev.ini --l2c_prefetcher_force_prefetch_at_llc=true",51391.0
20260417T151729.578876Z-1964,parsec_2.1.streamcluster.simlarge.prebuilt.drop_0M.length_250M,PARSEC,heldout,AthenaMAB,builtin,,AthenaMAB,Pythia,SPP+PPF,,0.90051,0.9978834688947497,1.0007445768136558,0.90242,0.89984,1.0,52335.0,1.0467,166744.0,166744.0,0.0,0.0,0.0,0.28393825265077005,60042.0,18405.0,59637.0,18372.0,0.0,0.0,0.0,0.0,0.9932547216948137,0.9982070089649552,52335.0,47345.0,52335.0,0.0,0.0,0.0,33457.0,4704.0,0.0,0.13,55524353.0,50000000.0,20000000,50000000,500000,,,,,,GS24473,26a4a00e6667949c1081dbcc263f408cf9f23c3b,429.243265,2026-04-17T15:39:31.157596+00:00,2026-04-17T15:46:40.400861+00:00,/home/barry/projects/github/Mixture-of-Prefetchers/artifacts/athena_traces/parsec_2.1.streamcluster.simlarge.prebuilt.drop_0M.length_250M.champsimtrace.xz,/home/barry/projects/github/Mixture-of-Prefetchers/results/mop_lite_final/runs/20260417T151729.578876Z-1964/logs/parsec_2.1.streamcluster.simlarge.prebuilt.drop_0M.length_250M__AthenaMAB.out,/home/barry/projects/github/Mixture-of-Prefetchers/results/mop_lite_final/runs/20260417T151729.578876Z-1964/logs/parsec_2.1.streamcluster.simlarge.prebuilt.drop_0M.length_250M__AthenaMAB.err,/home/barry/projects/github/Mixture-of-Prefetchers/results/mop_lite_final/runs/20260417T151729.578876Z-1964/metrics/parsec_2.1.streamcluster.simlarge.prebuilt.drop_0M.length_250M__AthenaMAB.json,,"--warmup_instructions=20000000 --simulation_instructions=50000000 --llc_replacement_type=ship --config=/home/barry/projects/github/Mixture-of-Prefetchers/external/athena/config/nopref.ini --rob_partition_size=64,128,320 --rob_frontal_partition_ids=0 --rob_dorsal_partition_ids=2 --dram_io_freq=400 --config=/home/barry/projects/github/Mixture-of-Prefetchers/external/athena/config/mop_lite_mab.ini --l2c_prefetcher_types=scooby --config=/home/barry/projects/github/Mixture-of-Prefetchers/external/athena/config/pythia.ini --l2c_prefetcher_types=spp_ppf_dev --config=/home/barry/projects/github/Mixture-of-Prefetchers/external/athena/config/spp_ppf_dev.ini --l2c_prefetcher_force_prefetch_at_llc=true",47345.0
20260417T151729.578876Z-1964,ligra_BC.com-lj.ungraph.gcc_6.3.0_O3.drop_500M.length_250M,LIGRA,heldout,AthenaMAB,builtin,,AthenaMAB,Pythia,SPP+PPF,,1.11734,1.0000089499073685,1.0,1.11733,1.11734,1.0,116206.0,2.3241197675880234,440118.0,440118.0,0.0,0.0,0.0,0.25984622305836164,149975.0,50898.0,149532.0,50854.0,0.0,0.0,0.0,0.0,0.9970461743623937,0.9991355259538686,116206.0,114363.0,116206.0,0.0,0.0,0.0,113032.0,33245.0,0.0,2.64,44749201.0,50000005.0,20000000,50000000,500000,,,,,,GS24473,26a4a00e6667949c1081dbcc263f408cf9f23c3b,133.365617,2026-04-17T15:44:46.514221+00:00,2026-04-17T15:46:59.879838+00:00,/home/barry/projects/github/Mixture-of-Prefetchers/artifacts/athena_traces/ligra_BC.com-lj.ungraph.gcc_6.3.0_O3.drop_500M.length_250M.champsimtrace.xz,/home/barry/projects/github/Mixture-of-Prefetchers/results/mop_lite_final/runs/20260417T151729.578876Z-1964/logs/ligra_BC.com-lj.ungraph.gcc_6.3.0_O3.drop_500M.length_250M__AthenaMAB.out,/home/barry/projects/github/Mixture-of-Prefetchers/results/mop_lite_final/runs/20260417T151729.578876Z-1964/logs/ligra_BC.com-lj.ungraph.gcc_6.3.0_O3.drop_500M.length_250M__AthenaMAB.err,/home/barry/projects/github/Mixture-of-Prefetchers/results/mop_lite_final/runs/20260417T151729.578876Z-1964/metrics/ligra_BC.com-lj.ungraph.gcc_6.3.0_O3.drop_500M.length_250M__AthenaMAB.json,,"--warmup_instructions=20000000 --simulation_instructions=50000000 --llc_replacement_type=ship --config=/home/barry/projects/github/Mixture-of-Prefetchers/external/athena/config/nopref.ini --rob_partition_size=64,128,320 --rob_frontal_partition_ids=0 --rob_dorsal_partition_ids=2 --dram_io_freq=400 --config=/home/barry/projects/github/Mixture-of-Prefetchers/external/athena/config/mop_lite_mab.ini --l2c_prefetcher_types=scooby --config=/home/barry/projects/github/Mixture-of-Prefetchers/external/athena/config/pythia.ini --l2c_prefetcher_types=spp_ppf_dev --config=/home/barry/projects/github/Mixture-of-Prefetchers/external/athena/config/spp_ppf_dev.ini --l2c_prefetcher_force_prefetch_at_llc=true",114363.0
20260417T151729.578876Z-1964,secret_compute_fp_105,CVP,heldout,Baseline,baseline,,,,,,0.20234,1.0,0.6713337757133377,0.20234,0.3014,0.0,1662992.0,33.25983933480321,0.0,0.0,0.0,0.0,0.0,0.0,0.0,0.0,0.0,0.0,0.0,0.0,0.0,0.0,0.0,0.0,1841344.0,0.0,1692912.0,0.0,0.0,0.0,334943.0,380636.0,0.0,2.4,247104193.0,50000001.0,20000000,50000000,,,,,,,GS24473,26a4a00e6667949c1081dbcc263f408cf9f23c3b,565.208348,2026-04-17T15:44:51.092544+00:00,2026-04-17T15:54:16.300892+00:00,/home/barry/projects/github/Mixture-of-Prefetchers/artifacts/athena_traces/compute_fp_105.champsim.gz,/home/barry/projects/github/Mixture-of-Prefetchers/results/mop_lite_final/runs/20260417T151729.578876Z-1964/logs/secret_compute_fp_105__Baseline.out,/home/barry/projects/github/Mixture-of-Prefetchers/results/mop_lite_final/runs/20260417T151729.578876Z-1964/logs/secret_compute_fp_105__Baseline.err,/home/barry/projects/github/Mixture-of-Prefetchers/results/mop_lite_final/runs/20260417T151729.578876Z-1964/metrics/secret_compute_fp_105__Baseline.json,,"--warmup_instructions=20000000 --simulation_instructions=50000000 --llc_replacement_type=ship --config=/home/barry/projects/github/Mixture-of-Prefetchers/external/athena/config/nopref.ini --rob_partition_size=64,128,320 --rob_frontal_partition_ids=0 --rob_dorsal_partition_ids=2 --dram_io_freq=400",0.0
20260417T151729.578876Z-1964,secret_compute_fp_105,CVP,heldout,MLOP,single,,,,,,0.19629,0.9700998319659978,0.6512607830126078,0.20234,0.3014,1.0,1662989.0,33.25977933480441,23.0,23.0,0.0,0.0,0.0,0.8260869565217391,0.0,0.0,0.0,0.0,0.0,0.0,0.0,0.0,0.0,0.0,1841326.0,19.0,1692910.0,0.0,0.0,0.0,237117.0,359344.0,0.0,2.4,254728361.0,50000001.0,20000000,50000000,,,,,,,GS24473,26a4a00e6667949c1081dbcc263f408cf9f23c3b,578.860631,2026-04-17T15:44:51.636833+00:00,2026-04-17T15:54:30.497464+00:00,/home/barry/projects/github/Mixture-of-Prefetchers/artifacts/athena_traces/compute_fp_105.champsim.gz,/home/barry/projects/github/Mixture-of-Prefetchers/results/mop_lite_final/runs/20260417T151729.578876Z-1964/logs/secret_compute_fp_105__MLOP.out,/home/barry/projects/github/Mixture-of-Prefetchers/results/mop_lite_final/runs/20260417T151729.578876Z-1964/logs/secret_compute_fp_105__MLOP.err,/home/barry/projects/github/Mixture-of-Prefetchers/results/mop_lite_final/runs/20260417T151729.578876Z-1964/metrics/secret_compute_fp_105__MLOP.json,,"--warmup_instructions=20000000 --simulation_instructions=50000000 --llc_replacement_type=ship --config=/home/barry/projects/github/Mixture-of-Prefetchers/external/athena/config/nopref.ini --rob_partition_size=64,128,320 --rob_frontal_partition_ids=0 --rob_dorsal_partition_ids=2 --dram_io_freq=400 --l2c_prefetcher_types=mlop --config=/home/barry/projects/github/Mixture-of-Prefetchers/external/athena/config/mlop.ini --l2c_prefetcher_force_prefetch_at_llc=true",19.0
20260417T151729.578876Z-1964,secret_compute_fp_105,CVP,heldout,SMS,single,,,,,,0.19223,0.950034595235742,0.6377903118779031,0.20234,0.3014,1.0,1658912.0,33.17823933643521,512432.0,512432.0,0.0,0.0,0.0,0.6769112779842008,0.0,0.0,0.0,0.0,0.0,0.0,0.0,0.0,0.0,0.0,1841354.0,346871.0,1688830.0,0.0,0.0,0.0,419390.0,848541.0,0.0,2.4,260109052.0,50000001.0,20000000,50000000,,,,,,,GS24473,26a4a00e6667949c1081dbcc263f408cf9f23c3b,576.885684,2026-04-17T15:45:19.523673+00:00,2026-04-17T15:54:56.409357+00:00,/home/barry/projects/github/Mixture-of-Prefetchers/artifacts/athena_traces/compute_fp_105.champsim.gz,/home/barry/projects/github/Mixture-of-Prefetchers/results/mop_lite_final/runs/20260417T151729.578876Z-1964/logs/secret_compute_fp_105__SMS.out,/home/barry/projects/github/Mixture-of-Prefetchers/results/mop_lite_final/runs/20260417T151729.578876Z-1964/logs/secret_compute_fp_105__SMS.err,/home/barry/projects/github/Mixture-of-Prefetchers/results/mop_lite_final/runs/20260417T151729.578876Z-1964/metrics/secret_compute_fp_105__SMS.json,,"--warmup_instructions=20000000 --simulation_instructions=50000000 --llc_replacement_type=ship --config=/home/barry/projects/github/Mixture-of-Prefetchers/external/athena/config/nopref.ini --rob_partition_size=64,128,320 --rob_frontal_partition_ids=0 --rob_dorsal_partition_ids=2 --dram_io_freq=400 --l2c_prefetcher_types=sms --config=/home/barry/projects/github/Mixture-of-Prefetchers/external/athena/config/sms.ini --l2c_prefetcher_force_prefetch_at_llc=true",346871.0
20260417T151729.578876Z-1964,secret_compute_fp_105,CVP,heldout,Pythia,single,,,,,,0.3014,1.4895720075121084,1.0,0.20234,0.3014,1.0,1657575.0,33.15149933697001,5975264.0,5975264.0,0.0,0.0,0.0,0.21686288672768267,0.0,0.0,0.0,0.0,0.0,0.0,0.0,0.0,0.0,0.0,1841327.0,1295813.0,1687493.0,0.0,0.0,0.0,675498.0,1467588.0,0.0,2.4,165890225.0,50000001.0,20000000,50000000,,,,,,,GS24473,26a4a00e6667949c1081dbcc263f408cf9f23c3b,604.890162,2026-04-17T15:44:58.746349+00:00,2026-04-17T15:55:03.636511+00:00,/home/barry/projects/github/Mixture-of-Prefetchers/artifacts/athena_traces/compute_fp_105.champsim.gz,/home/barry/projects/github/Mixture-of-Prefetchers/results/mop_lite_final/runs/20260417T151729.578876Z-1964/logs/secret_compute_fp_105__Pythia.out,/home/barry/projects/github/Mixture-of-Prefetchers/results/mop_lite_final/runs/20260417T151729.578876Z-1964/logs/secret_compute_fp_105__Pythia.err,/home/barry/projects/github/Mixture-of-Prefetchers/results/mop_lite_final/runs/20260417T151729.578876Z-1964/metrics/secret_compute_fp_105__Pythia.json,,"--warmup_instructions=20000000 --simulation_instructions=50000000 --llc_replacement_type=ship --config=/home/barry/projects/github/Mixture-of-Prefetchers/external/athena/config/nopref.ini --rob_partition_size=64,128,320 --rob_frontal_partition_ids=0 --rob_dorsal_partition_ids=2 --dram_io_freq=400 --l2c_prefetcher_types=scooby --config=/home/barry/projects/github/Mixture-of-Prefetchers/external/athena/config/pythia.ini --l2c_prefetcher_force_prefetch_at_llc=true",1295813.0
20260417T151729.578876Z-1964,secret_compute_fp_105,CVP,heldout,SPP+PPF,single,,,,,,0.24021,1.18716022536325,0.7969807564698076,0.20234,0.3014,1.0,1659229.0,33.18457933630841,1949531.0,1949531.0,0.0,0.0,0.0,0.2736196551888634,0.0,0.0,0.0,0.0,0.0,0.0,0.0,0.0,0.0,0.0,1841330.0,533430.0,1689147.0,0.0,0.0,0.0,1299402.0,1102568.0,0.0,2.4,208147314.0,50000001.0,20000000,50000000,,,,,,,GS24473,26a4a00e6667949c1081dbcc263f408cf9f23c3b,581.308807,2026-04-17T15:45:28.767819+00:00,2026-04-17T15:55:10.076626+00:00,/home/barry/projects/github/Mixture-of-Prefetchers/artifacts/athena_traces/compute_fp_105.champsim.gz,/home/barry/projects/github/Mixture-of-Prefetchers/results/mop_lite_final/runs/20260417T151729.578876Z-1964/logs/secret_compute_fp_105__SPPplusPPF.out,/home/barry/projects/github/Mixture-of-Prefetchers/results/mop_lite_final/runs/20260417T151729.578876Z-1964/logs/secret_compute_fp_105__SPPplusPPF.err,/home/barry/projects/github/Mixture-of-Prefetchers/results/mop_lite_final/runs/20260417T151729.578876Z-1964/metrics/secret_compute_fp_105__SPPplusPPF.json,,"--warmup_instructions=20000000 --simulation_instructions=50000000 --llc_replacement_type=ship --config=/home/barry/projects/github/Mixture-of-Prefetchers/external/athena/config/nopref.ini --rob_partition_size=64,128,320 --rob_frontal_partition_ids=0 --rob_dorsal_partition_ids=2 --dram_io_freq=400 --l2c_prefetcher_types=spp_ppf_dev --config=/home/barry/projects/github/Mixture-of-Prefetchers/external/athena/config/spp_ppf_dev.ini --l2c_prefetcher_force_prefetch_at_llc=true",533430.0
20260417T151729.578876Z-1964,secret_compute_fp_105,CVP,heldout,FixedSplit,router,FixedSplit,,Pythia,SPP+PPF,1,0.19833,0.9801818720964713,0.658029197080292,0.20234,0.3014,1.0,1661948.0,33.23895933522081,204737.0,204737.0,0.0,0.0,0.0,0.2977624952988468,45551.0,140755.0,49311.0,152705.0,143360.0,143360.0,140.0,140.0,1.0825448398498387,1.0848992930979362,1841337.0,60963.0,1691866.0,0.0,0.0,0.0,379002.0,450147.0,0.0,2.4,252106537.0,50000001.0,20000000,50000000,500000,2048,30,50,"1.0,0.25,1.0",,GS24473,26a4a00e6667949c1081dbcc263f408cf9f23c3b,575.940974,2026-04-17T15:45:35.701848+00:00,2026-04-17T15:55:11.642822+00:00,/home/barry/projects/github/Mixture-of-Prefetchers/artifacts/athena_traces/compute_fp_105.champsim.gz,/home/barry/projects/github/Mixture-of-Prefetchers/results/mop_lite_final/runs/20260417T151729.578876Z-1964/logs/secret_compute_fp_105__FixedSplit.out,/home/barry/projects/github/Mixture-of-Prefetchers/results/mop_lite_final/runs/20260417T151729.578876Z-1964/logs/secret_compute_fp_105__FixedSplit.err,/home/barry/projects/github/Mixture-of-Prefetchers/results/mop_lite_final/runs/20260417T151729.578876Z-1964/metrics/secret_compute_fp_105__FixedSplit.json,,"--warmup_instructions=20000000 --simulation_instructions=50000000 --llc_replacement_type=ship --config=/home/barry/projects/github/Mixture-of-Prefetchers/external/athena/config/nopref.ini --rob_partition_size=64,128,320 --rob_frontal_partition_ids=0 --rob_dorsal_partition_ids=2 --dram_io_freq=400 --config=/home/barry/projects/github/Mixture-of-Prefetchers/external/athena/config/mop_lite.ini --mop_router_type=0 --mop_seed=1 --l2c_prefetcher_types=scooby --config=/home/barry/projects/github/Mixture-of-Prefetchers/external/athena/config/pythia.ini --l2c_prefetcher_types=spp_ppf_dev --config=/home/barry/projects/github/Mixture-of-Prefetchers/external/athena/config/spp_ppf_dev.ini --l2c_prefetcher_force_prefetch_at_llc=true",60963.0
20260417T151729.578876Z-1964,secret_compute_fp_105,CVP,heldout,WinnerTakeAll,router,WinnerTakeAll,,Pythia,SPP+PPF,1,0.19767,0.9769200355836711,0.6558394160583942,0.20234,0.3014,1.0,1660944.0,33.21887933562241,204774.0,204774.0,0.0,0.0,0.0,0.3776114155117349,38705.0,158804.0,41181.0,173138.0,122880.0,163840.0,60.0,80.0,1.0639710631701331,1.0902622100198986,1841336.0,77325.0,1690862.0,0.0,0.0,0.0,389268.0,467853.0,0.0,2.4,252944851.0,50000001.0,20000000,50000000,500000,2048,30,50,"1.0,0.25,1.0",,GS24473,26a4a00e6667949c1081dbcc263f408cf9f23c3b,555.636856,2026-04-17T15:46:03.026106+00:00,2026-04-17T15:55:18.662962+00:00,/home/barry/projects/github/Mixture-of-Prefetchers/artifacts/athena_traces/compute_fp_105.champsim.gz,/home/barry/projects/github/Mixture-of-Prefetchers/results/mop_lite_final/runs/20260417T151729.578876Z-1964/logs/secret_compute_fp_105__WinnerTakeAll.out,/home/barry/projects/github/Mixture-of-Prefetchers/results/mop_lite_final/runs/20260417T151729.578876Z-1964/logs/secret_compute_fp_105__WinnerTakeAll.err,/home/barry/projects/github/Mixture-of-Prefetchers/results/mop_lite_final/runs/20260417T151729.578876Z-1964/metrics/secret_compute_fp_105__WinnerTakeAll.json,,"--warmup_instructions=20000000 --simulation_instructions=50000000 --llc_replacement_type=ship --config=/home/barry/projects/github/Mixture-of-Prefetchers/external/athena/config/nopref.ini --rob_partition_size=64,128,320 --rob_frontal_partition_ids=0 --rob_dorsal_partition_ids=2 --dram_io_freq=400 --config=/home/barry/projects/github/Mixture-of-Prefetchers/external/athena/config/mop_lite.ini --mop_router_type=1 --mop_seed=1 --l2c_prefetcher_types=scooby --config=/home/barry/projects/github/Mixture-of-Prefetchers/external/athena/config/pythia.ini --l2c_prefetcher_types=spp_ppf_dev --config=/home/barry/projects/github/Mixture-of-Prefetchers/external/athena/config/spp_ppf_dev.ini --l2c_prefetcher_force_prefetch_at_llc=true",77325.0
20260417T151729.578876Z-1964,secret_compute_fp_105,CVP,heldout,RandomRouter,router,RandomRouter,,Pythia,SPP+PPF,1,0.19804,0.978748640901453,0.6570670205706702,0.20234,0.3014,1.0,1661104.0,33.22207933555841,204800.0,204800.0,0.0,0.0,0.0,0.4155126953125,39626.0,157125.0,43728.0,170466.0,126976.0,159744.0,62.0,78.0,1.103517892292939,1.08490692124105,1841332.0,85097.0,1691022.0,0.0,0.0,0.0,393454.0,481696.0,0.0,2.4,252471204.0,50000001.0,20000000,50000000,500000,2048,30,50,"1.0,0.25,1.0",,GS24473,26a4a00e6667949c1081dbcc263f408cf9f23c3b,555.244941,2026-04-17T15:46:04.160003+00:00,2026-04-17T15:55:19.404944+00:00,/home/barry/projects/github/Mixture-of-Prefetchers/artifacts/athena_traces/compute_fp_105.champsim.gz,/home/barry/projects/github/Mixture-of-Prefetchers/results/mop_lite_final/runs/20260417T151729.578876Z-1964/logs/secret_compute_fp_105__RandomRouter.out,/home/barry/projects/github/Mixture-of-Prefetchers/results/mop_lite_final/runs/20260417T151729.578876Z-1964/logs/secret_compute_fp_105__RandomRouter.err,/home/barry/projects/github/Mixture-of-Prefetchers/results/mop_lite_final/runs/20260417T151729.578876Z-1964/metrics/secret_compute_fp_105__RandomRouter.json,,"--warmup_instructions=20000000 --simulation_instructions=50000000 --llc_replacement_type=ship --config=/home/barry/projects/github/Mixture-of-Prefetchers/external/athena/config/nopref.ini --rob_partition_size=64,128,320 --rob_frontal_partition_ids=0 --rob_dorsal_partition_ids=2 --dram_io_freq=400 --config=/home/barry/projects/github/Mixture-of-Prefetchers/external/athena/config/mop_lite.ini --mop_router_type=2 --mop_seed=1 --l2c_prefetcher_types=scooby --config=/home/barry/projects/github/Mixture-of-Prefetchers/external/athena/config/pythia.ini --l2c_prefetcher_types=spp_ppf_dev --config=/home/barry/projects/github/Mixture-of-Prefetchers/external/athena/config/spp_ppf_dev.ini --l2c_prefetcher_force_prefetch_at_llc=true",85097.0
20260417T151729.578876Z-1964,secret_compute_fp_105,CVP,heldout,MoPLite,router,MoPLite,,Pythia,SPP+PPF,1,0.20092,0.9929821093209449,0.6666224286662242,0.20234,0.3014,1.0,1662213.0,33.24425933511481,51196.0,51196.0,0.0,0.0,0.0,0.24179623408078757,26968.0,48571.0,28986.0,52720.0,82701.0,48371.0,64.0,64.0,1.0748294274695935,1.0854213419530172,1841347.0,12379.0,1692132.0,0.0,0.0,0.0,345321.0,385637.0,0.0,2.4,248849423.0,50000001.0,20000000,50000000,500000,2048,30,50,"1.0,0.25,1.0",,GS24473,26a4a00e6667949c1081dbcc263f408cf9f23c3b,558.00524,2026-04-17T15:46:10.543312+00:00,2026-04-17T15:55:28.548552+00:00,/home/barry/projects/github/Mixture-of-Prefetchers/artifacts/athena_traces/compute_fp_105.champsim.gz,/home/barry/projects/github/Mixture-of-Prefetchers/results/mop_lite_final/runs/20260417T151729.578876Z-1964/logs/secret_compute_fp_105__MoPLite.out,/home/barry/projects/github/Mixture-of-Prefetchers/results/mop_lite_final/runs/20260417T151729.578876Z-1964/logs/secret_compute_fp_105__MoPLite.err,/home/barry/projects/github/Mixture-of-Prefetchers/results/mop_lite_final/runs/20260417T151729.578876Z-1964/metrics/secret_compute_fp_105__MoPLite.json,,"--warmup_instructions=20000000 --simulation_instructions=50000000 --llc_replacement_type=ship --config=/home/barry/projects/github/Mixture-of-Prefetchers/external/athena/config/nopref.ini --rob_partition_size=64,128,320 --rob_frontal_partition_ids=0 --rob_dorsal_partition_ids=2 --dram_io_freq=400 --config=/home/barry/projects/github/Mixture-of-Prefetchers/external/athena/config/mop_lite.ini --mop_router_type=4 --mop_seed=1 --l2c_prefetcher_types=scooby --config=/home/barry/projects/github/Mixture-of-Prefetchers/external/athena/config/pythia.ini --l2c_prefetcher_types=spp_ppf_dev --config=/home/barry/projects/github/Mixture-of-Prefetchers/external/athena/config/spp_ppf_dev.ini --l2c_prefetcher_force_prefetch_at_llc=true",12379.0
20260417T151729.578876Z-1964,secret_compute_fp_105,CVP,heldout,OneShotFit,router,OneShotFit,,Pythia,SPP+PPF,1,0.19776,0.9773648314717802,0.6561380225613802,0.20234,0.3014,1.0,1661816.0,33.23631933527361,204800.0,204800.0,0.0,0.0,0.0,0.5225927734375,797.0,279177.0,979.0,301046.0,0.0,286720.0,0.0,140.0,1.2283563362609786,1.0783338168975238,1841342.0,107027.0,1691734.0,0.0,0.0,0.0,423188.0,508195.0,0.0,2.4,252830843.0,50000001.0,20000000,50000000,500000,2048,30,50,"1.0,0.25,1.0",,GS24473,26a4a00e6667949c1081dbcc263f408cf9f23c3b,560.386138,2026-04-17T15:46:10.475404+00:00,2026-04-17T15:55:30.861542+00:00,/home/barry/projects/github/Mixture-of-Prefetchers/artifacts/athena_traces/compute_fp_105.champsim.gz,/home/barry/projects/github/Mixture-of-Prefetchers/results/mop_lite_final/runs/20260417T151729.578876Z-1964/logs/secret_compute_fp_105__OneShotFit.out,/home/barry/projects/github/Mixture-of-Prefetchers/results/mop_lite_final/runs/20260417T151729.578876Z-1964/logs/secret_compute_fp_105__OneShotFit.err,/home/barry/projects/github/Mixture-of-Prefetchers/results/mop_lite_final/runs/20260417T151729.578876Z-1964/metrics/secret_compute_fp_105__OneShotFit.json,,"--warmup_instructions=20000000 --simulation_instructions=50000000 --llc_replacement_type=ship --config=/home/barry/projects/github/Mixture-of-Prefetchers/external/athena/config/nopref.ini --rob_partition_size=64,128,320 --rob_frontal_partition_ids=0 --rob_dorsal_partition_ids=2 --dram_io_freq=400 --config=/home/barry/projects/github/Mixture-of-Prefetchers/external/athena/config/mop_lite.ini --mop_router_type=3 --mop_seed=1 --l2c_prefetcher_types=scooby --config=/home/barry/projects/github/Mixture-of-Prefetchers/external/athena/config/pythia.ini --l2c_prefetcher_types=spp_ppf_dev --config=/home/barry/projects/github/Mixture-of-Prefetchers/external/athena/config/spp_ppf_dev.ini --l2c_prefetcher_force_prefetch_at_llc=true",107027.0
20260417T151729.578876Z-1964,secret_compute_fp_105,CVP,heldout,AthenaMAB,builtin,,AthenaMAB,Pythia,SPP+PPF,,0.29582,1.461994662449343,0.981486396814864,0.20234,0.3014,1.0,1656989.0,33.139779337204416,6383437.0,6383437.0,0.0,0.0,0.0,0.19829114002378342,2204941.0,799016.0,2118714.0,741235.0,0.0,0.0,0.0,0.0,0.9608937381997976,0.9276848023068374,1841325.0,1265779.0,1686907.0,0.0,0.0,0.0,703108.0,1513284.0,0.0,2.4,169020372.0,50000001.0,20000000,50000000,500000,,,,,,GS24473,26a4a00e6667949c1081dbcc263f408cf9f23c3b,572.749803,2026-04-17T15:46:12.351262+00:00,2026-04-17T15:55:45.101065+00:00,/home/barry/projects/github/Mixture-of-Prefetchers/artifacts/athena_traces/compute_fp_105.champsim.gz,/home/barry/projects/github/Mixture-of-Prefetchers/results/mop_lite_final/runs/20260417T151729.578876Z-1964/logs/secret_compute_fp_105__AthenaMAB.out,/home/barry/projects/github/Mixture-of-Prefetchers/results/mop_lite_final/runs/20260417T151729.578876Z-1964/logs/secret_compute_fp_105__AthenaMAB.err,/home/barry/projects/github/Mixture-of-Prefetchers/results/mop_lite_final/runs/20260417T151729.578876Z-1964/metrics/secret_compute_fp_105__AthenaMAB.json,,"--warmup_instructions=20000000 --simulation_instructions=50000000 --llc_replacement_type=ship --config=/home/barry/projects/github/Mixture-of-Prefetchers/external/athena/config/nopref.ini --rob_partition_size=64,128,320 --rob_frontal_partition_ids=0 --rob_dorsal_partition_ids=2 --dram_io_freq=400 --config=/home/barry/projects/github/Mixture-of-Prefetchers/external/athena/config/mop_lite_mab.ini --l2c_prefetcher_types=scooby --config=/home/barry/projects/github/Mixture-of-Prefetchers/external/athena/config/pythia.ini --l2c_prefetcher_types=spp_ppf_dev --config=/home/barry/projects/github/Mixture-of-Prefetchers/external/athena/config/spp_ppf_dev.ini --l2c_prefetcher_force_prefetch_at_llc=true",1265779.0
