run_group_id,trace,benchmark_family,split_side,experiment,experiment_kind,router,builtin_coordinator,expert_0,expert_1,seed,ipc,speedup_vs_baseline,speedup_vs_best_single,baseline_ipc,best_single_ipc,traffic_overhead_vs_baseline,l2c_load_miss,l2c_mpki,l2c_prefetch_issued_raw,l2c_prefetch_issued,l2c_prefetch_useful,l2c_prefetch_useless,l2c_prefetch_late,downstream_prefetch_accuracy,pref0_issued_total,pref1_issued_total,pref0_useful_total,pref1_useful_total,pref0_budget_total,pref1_budget_total,pref0_selected_epochs,pref1_selected_epochs,pref0_accuracy,pref1_accuracy,l1d_load_miss,llc_prefetch_useful,l2c_total_miss,l2c_rq_full,l2c_wq_full,l2c_pq_full,dram_rq_row_buffer_miss,dram_bus_congested,dram_mshr_full,branch_pred_mpki,cycles,total_instructions,warmup_instructions,simulation_instructions,epoch_len_instructions,mop_total_budget,mop_accuracy_floor,mop_fixed_split_ratio,mop_score_weights,mode,host,git_revision,duration_s,start_utc,end_utc,trace_path,log_path,stderr_path,metrics_path,epoch_trace_prefix,flags,downstream_prefetch_useful
legacy,450.soplex-92B,SPEC,train,Baseline,baseline,,,,,,0.34044,1.0,1.1596157776415288,0.34044,0.29358,0.0,233428.0,23.342788328605835,0.0,0.0,0.0,0.0,0.0,0.0,0.0,0.0,0.0,0.0,0.0,0.0,0.0,0.0,0.0,0.0,324400.0,0.0,278740.0,0.0,0.0,0.0,79771.0,137139.0,0.0,12.18,29373761.0,10000005.0,5000000,10000000,,,,,,search_mode,GS24473,5490cd9f7f689da7bf9a3be9cb9546d5a1100a63,67.199696,2026-04-17T15:02:47.679918+00:00,2026-04-17T15:03:54.879614+00:00,/home/barry/projects/github/Mixture-of-Prefetchers/artifacts/athena_traces/450.soplex-92B.champsimtrace.xz,/home/barry/projects/github/Mixture-of-Prefetchers/results/mop_lite_search/logs/450.soplex-92B__Baseline.out,/home/barry/projects/github/Mixture-of-Prefetchers/results/mop_lite_search/logs/450.soplex-92B__Baseline.err,/home/barry/projects/github/Mixture-of-Prefetchers/results/mop_lite_search/metrics/450.soplex-92B__Baseline.json,,"--warmup_instructions=5000000 --simulation_instructions=10000000 --llc_replacement_type=ship --config=/home/barry/projects/github/Mixture-of-Prefetchers/external/athena/config/nopref.ini --rob_partition_size=64,128,320 --rob_frontal_partition_ids=0 --rob_dorsal_partition_ids=2 --dram_io_freq=400",0.0
legacy,450.soplex-92B,SPEC,train,MoPLite,router,MoPLite,,Pythia,SPP+PPF,1,0.33814,0.993244037128422,1.1517814565024864,0.34044,0.29358,1.0,233408.0,23.340788329605836,2015.0,2015.0,0.0,0.0,0.0,0.05012406947890819,4770.0,8732.0,4237.0,9188.0,12323.0,8157.0,10.0,10.0,0.8882599580712788,1.0522217132386624,324405.0,101.0,278719.0,0.0,0.0,0.0,82476.0,140174.0,0.0,12.18,29573387.0,10000005.0,5000000,10000000,500000,2048,30,50,"1.0,0.25,1.0",search_mode,GS24473,5490cd9f7f689da7bf9a3be9cb9546d5a1100a63,73.973779,2026-04-17T15:02:47.687852+00:00,2026-04-17T15:04:01.661631+00:00,/home/barry/projects/github/Mixture-of-Prefetchers/artifacts/athena_traces/450.soplex-92B.champsimtrace.xz,/home/barry/projects/github/Mixture-of-Prefetchers/results/mop_lite_search/logs/450.soplex-92B__MoPLite.out,/home/barry/projects/github/Mixture-of-Prefetchers/results/mop_lite_search/logs/450.soplex-92B__MoPLite.err,/home/barry/projects/github/Mixture-of-Prefetchers/results/mop_lite_search/metrics/450.soplex-92B__MoPLite.json,,"--warmup_instructions=5000000 --simulation_instructions=10000000 --llc_replacement_type=ship --config=/home/barry/projects/github/Mixture-of-Prefetchers/external/athena/config/nopref.ini --rob_partition_size=64,128,320 --rob_frontal_partition_ids=0 --rob_dorsal_partition_ids=2 --dram_io_freq=400 --config=/home/barry/projects/github/Mixture-of-Prefetchers/external/athena/config/mop_lite.ini --mop_router_type=4 --mop_seed=1 --l2c_prefetcher_types=scooby --config=/home/barry/projects/github/Mixture-of-Prefetchers/external/athena/config/pythia.ini --l2c_prefetcher_types=spp_ppf_dev --config=/home/barry/projects/github/Mixture-of-Prefetchers/external/athena/config/spp_ppf_dev.ini --l2c_prefetcher_force_prefetch_at_llc=true",101.0
legacy,450.soplex-92B,SPEC,train,SMS,single,,,,,,0.29312,0.8610034073551873,0.9984331357721915,0.34044,0.29358,1.0,232945.0,23.294488352755824,156637.0,156637.0,0.0,0.0,0.0,0.208213895822826,0.0,0.0,0.0,0.0,0.0,0.0,0.0,0.0,0.0,0.0,324409.0,32614.0,278251.0,0.0,0.0,0.0,120944.0,231932.0,0.0,12.18,34115628.0,10000005.0,5000000,10000000,,,,,,search_mode,GS24473,5490cd9f7f689da7bf9a3be9cb9546d5a1100a63,75.440464,2026-04-17T15:02:47.685098+00:00,2026-04-17T15:04:03.125562+00:00,/home/barry/projects/github/Mixture-of-Prefetchers/artifacts/athena_traces/450.soplex-92B.champsimtrace.xz,/home/barry/projects/github/Mixture-of-Prefetchers/results/mop_lite_search/logs/450.soplex-92B__SMS.out,/home/barry/projects/github/Mixture-of-Prefetchers/results/mop_lite_search/logs/450.soplex-92B__SMS.err,/home/barry/projects/github/Mixture-of-Prefetchers/results/mop_lite_search/metrics/450.soplex-92B__SMS.json,,"--warmup_instructions=5000000 --simulation_instructions=10000000 --llc_replacement_type=ship --config=/home/barry/projects/github/Mixture-of-Prefetchers/external/athena/config/nopref.ini --rob_partition_size=64,128,320 --rob_frontal_partition_ids=0 --rob_dorsal_partition_ids=2 --dram_io_freq=400 --l2c_prefetcher_types=sms --config=/home/barry/projects/github/Mixture-of-Prefetchers/external/athena/config/sms.ini --l2c_prefetcher_force_prefetch_at_llc=true",32614.0
legacy,450.soplex-92B,SPEC,train,MLOP,single,,,,,,0.29187,0.8573316884032429,0.9941753525444513,0.34044,0.29358,1.0,233349.0,23.334888332555835,111395.0,111395.0,0.0,0.0,0.0,0.28238251268010234,0.0,0.0,0.0,0.0,0.0,0.0,0.0,0.0,0.0,0.0,324408.0,31456.0,278747.0,0.0,0.0,0.0,126317.0,249598.0,0.0,12.18,34261893.0,10000005.0,5000000,10000000,,,,,,search_mode,GS24473,5490cd9f7f689da7bf9a3be9cb9546d5a1100a63,76.431243,2026-04-17T15:02:47.680564+00:00,2026-04-17T15:04:04.111807+00:00,/home/barry/projects/github/Mixture-of-Prefetchers/artifacts/athena_traces/450.soplex-92B.champsimtrace.xz,/home/barry/projects/github/Mixture-of-Prefetchers/results/mop_lite_search/logs/450.soplex-92B__MLOP.out,/home/barry/projects/github/Mixture-of-Prefetchers/results/mop_lite_search/logs/450.soplex-92B__MLOP.err,/home/barry/projects/github/Mixture-of-Prefetchers/results/mop_lite_search/metrics/450.soplex-92B__MLOP.json,,"--warmup_instructions=5000000 --simulation_instructions=10000000 --llc_replacement_type=ship --config=/home/barry/projects/github/Mixture-of-Prefetchers/external/athena/config/nopref.ini --rob_partition_size=64,128,320 --rob_frontal_partition_ids=0 --rob_dorsal_partition_ids=2 --dram_io_freq=400 --l2c_prefetcher_types=mlop --config=/home/barry/projects/github/Mixture-of-Prefetchers/external/athena/config/mlop.ini --l2c_prefetcher_force_prefetch_at_llc=true",31456.0
legacy,450.soplex-92B,SPEC,train,SPP+PPF,single,,,,,,0.29358,0.8623545999295029,1.0,0.34044,0.29358,1.0,233279.0,23.327888336055832,372166.0,372166.0,0.0,0.0,0.0,0.14162497380201308,0.0,0.0,0.0,0.0,0.0,0.0,0.0,0.0,0.0,0.0,324405.0,52708.0,278618.0,0.0,0.0,0.0,156285.0,268154.0,0.0,12.18,34061970.0,10000005.0,5000000,10000000,,,,,,search_mode,GS24473,5490cd9f7f689da7bf9a3be9cb9546d5a1100a63,79.03246,2026-04-17T15:02:47.686927+00:00,2026-04-17T15:04:06.719387+00:00,/home/barry/projects/github/Mixture-of-Prefetchers/artifacts/athena_traces/450.soplex-92B.champsimtrace.xz,/home/barry/projects/github/Mixture-of-Prefetchers/results/mop_lite_search/logs/450.soplex-92B__SPPplusPPF.out,/home/barry/projects/github/Mixture-of-Prefetchers/results/mop_lite_search/logs/450.soplex-92B__SPPplusPPF.err,/home/barry/projects/github/Mixture-of-Prefetchers/results/mop_lite_search/metrics/450.soplex-92B__SPPplusPPF.json,,"--warmup_instructions=5000000 --simulation_instructions=10000000 --llc_replacement_type=ship --config=/home/barry/projects/github/Mixture-of-Prefetchers/external/athena/config/nopref.ini --rob_partition_size=64,128,320 --rob_frontal_partition_ids=0 --rob_dorsal_partition_ids=2 --dram_io_freq=400 --l2c_prefetcher_types=spp_ppf_dev --config=/home/barry/projects/github/Mixture-of-Prefetchers/external/athena/config/spp_ppf_dev.ini --l2c_prefetcher_force_prefetch_at_llc=true",52708.0
legacy,450.soplex-92B,SPEC,train,Pythia,single,,,,,,0.27934,0.8205263776289506,0.9514953334695823,0.34044,0.29358,1.0,233124.0,23.31238834380583,684669.0,684669.0,0.0,0.0,0.0,0.10582193731569561,0.0,0.0,0.0,0.0,0.0,0.0,0.0,0.0,0.0,0.0,324417.0,72453.0,278487.0,0.0,0.0,0.0,156035.0,296423.0,0.0,12.18,35798650.0,10000005.0,5000000,10000000,,,,,,search_mode,GS24473,5490cd9f7f689da7bf9a3be9cb9546d5a1100a63,83.59304,2026-04-17T15:02:47.684087+00:00,2026-04-17T15:04:11.277127+00:00,/home/barry/projects/github/Mixture-of-Prefetchers/artifacts/athena_traces/450.soplex-92B.champsimtrace.xz,/home/barry/projects/github/Mixture-of-Prefetchers/results/mop_lite_search/logs/450.soplex-92B__Pythia.out,/home/barry/projects/github/Mixture-of-Prefetchers/results/mop_lite_search/logs/450.soplex-92B__Pythia.err,/home/barry/projects/github/Mixture-of-Prefetchers/results/mop_lite_search/metrics/450.soplex-92B__Pythia.json,,"--warmup_instructions=5000000 --simulation_instructions=10000000 --llc_replacement_type=ship --config=/home/barry/projects/github/Mixture-of-Prefetchers/external/athena/config/nopref.ini --rob_partition_size=64,128,320 --rob_frontal_partition_ids=0 --rob_dorsal_partition_ids=2 --dram_io_freq=400 --l2c_prefetcher_types=scooby --config=/home/barry/projects/github/Mixture-of-Prefetchers/external/athena/config/pythia.ini --l2c_prefetcher_force_prefetch_at_llc=true",72453.0
legacy,429.mcf-192B,SPEC,train,Baseline,baseline,,,,,,0.07751,1.0,0.9579780002471883,0.07751,0.08091,0.0,817343.0,81.7343,0.0,0.0,0.0,0.0,0.0,0.0,0.0,0.0,0.0,0.0,0.0,0.0,0.0,0.0,0.0,0.0,1430756.0,0.0,817433.0,0.0,0.0,0.0,500322.0,21102.0,0.0,20.47,129023095.0,10000000.0,5000000,10000000,,,,,,search_mode,GS24473,5490cd9f7f689da7bf9a3be9cb9546d5a1100a63,88.411964,2026-04-17T15:02:47.670484+00:00,2026-04-17T15:04:16.082448+00:00,/home/barry/projects/github/Mixture-of-Prefetchers/artifacts/athena_traces/429.mcf-192B.champsimtrace.xz,/home/barry/projects/github/Mixture-of-Prefetchers/results/mop_lite_search/logs/429.mcf-192B__Baseline.out,/home/barry/projects/github/Mixture-of-Prefetchers/results/mop_lite_search/logs/429.mcf-192B__Baseline.err,/home/barry/projects/github/Mixture-of-Prefetchers/results/mop_lite_search/metrics/429.mcf-192B__Baseline.json,,"--warmup_instructions=5000000 --simulation_instructions=10000000 --llc_replacement_type=ship --config=/home/barry/projects/github/Mixture-of-Prefetchers/external/athena/config/nopref.ini --rob_partition_size=64,128,320 --rob_frontal_partition_ids=0 --rob_dorsal_partition_ids=2 --dram_io_freq=400",0.0
legacy,429.mcf-192B,SPEC,train,SPP+PPF,single,,,,,,0.08091,1.043865307702232,1.0,0.07751,0.08091,1.0,815237.0,81.5237,356014.0,356014.0,0.0,0.0,0.0,0.2987073542051717,0.0,0.0,0.0,0.0,0.0,0.0,0.0,0.0,0.0,0.0,1430708.0,106344.0,815326.0,0.0,0.0,0.0,633791.0,240414.0,0.0,20.47,123600649.0,10000000.0,5000000,10000000,,,,,,search_mode,GS24473,5490cd9f7f689da7bf9a3be9cb9546d5a1100a63,95.217923,2026-04-17T15:02:47.673468+00:00,2026-04-17T15:04:22.891391+00:00,/home/barry/projects/github/Mixture-of-Prefetchers/artifacts/athena_traces/429.mcf-192B.champsimtrace.xz,/home/barry/projects/github/Mixture-of-Prefetchers/results/mop_lite_search/logs/429.mcf-192B__SPPplusPPF.out,/home/barry/projects/github/Mixture-of-Prefetchers/results/mop_lite_search/logs/429.mcf-192B__SPPplusPPF.err,/home/barry/projects/github/Mixture-of-Prefetchers/results/mop_lite_search/metrics/429.mcf-192B__SPPplusPPF.json,,"--warmup_instructions=5000000 --simulation_instructions=10000000 --llc_replacement_type=ship --config=/home/barry/projects/github/Mixture-of-Prefetchers/external/athena/config/nopref.ini --rob_partition_size=64,128,320 --rob_frontal_partition_ids=0 --rob_dorsal_partition_ids=2 --dram_io_freq=400 --l2c_prefetcher_types=spp_ppf_dev --config=/home/barry/projects/github/Mixture-of-Prefetchers/external/athena/config/spp_ppf_dev.ini --l2c_prefetcher_force_prefetch_at_llc=true",106344.0
legacy,429.mcf-192B,SPEC,train,MLOP,single,,,,,,0.09223,1.1899109792284868,1.1399085403534792,0.07751,0.08091,1.0,817212.0,81.7212,500043.0,500043.0,0.0,0.0,0.0,0.9593554954273933,0.0,0.0,0.0,0.0,0.0,0.0,0.0,0.0,0.0,0.0,1430750.0,479719.0,817302.0,0.0,0.0,0.0,633435.0,501566.0,0.0,20.47,108421884.0,10000000.0,5000000,10000000,,,,,,search_mode,GS24473,5490cd9f7f689da7bf9a3be9cb9546d5a1100a63,99.958173,2026-04-17T15:02:47.670810+00:00,2026-04-17T15:04:27.628983+00:00,/home/barry/projects/github/Mixture-of-Prefetchers/artifacts/athena_traces/429.mcf-192B.champsimtrace.xz,/home/barry/projects/github/Mixture-of-Prefetchers/results/mop_lite_search/logs/429.mcf-192B__MLOP.out,/home/barry/projects/github/Mixture-of-Prefetchers/results/mop_lite_search/logs/429.mcf-192B__MLOP.err,/home/barry/projects/github/Mixture-of-Prefetchers/results/mop_lite_search/metrics/429.mcf-192B__MLOP.json,,"--warmup_instructions=5000000 --simulation_instructions=10000000 --llc_replacement_type=ship --config=/home/barry/projects/github/Mixture-of-Prefetchers/external/athena/config/nopref.ini --rob_partition_size=64,128,320 --rob_frontal_partition_ids=0 --rob_dorsal_partition_ids=2 --dram_io_freq=400 --l2c_prefetcher_types=mlop --config=/home/barry/projects/github/Mixture-of-Prefetchers/external/athena/config/mlop.ini --l2c_prefetcher_force_prefetch_at_llc=true",479719.0
legacy,429.mcf-192B,SPEC,train,SMS,single,,,,,,0.07122,0.918849180750871,0.8802373007044866,0.07751,0.08091,1.0,798633.0,79.8633,1406434.0,1406434.0,0.0,0.0,0.0,0.019788344138438062,0.0,0.0,0.0,0.0,0.0,0.0,0.0,0.0,0.0,0.0,1430767.0,27831.0,798722.0,0.0,0.0,0.0,772938.0,237232.0,0.0,20.47,140404700.0,10000000.0,5000000,10000000,,,,,,search_mode,GS24473,5490cd9f7f689da7bf9a3be9cb9546d5a1100a63,103.382031,2026-04-17T15:02:47.672571+00:00,2026-04-17T15:04:31.054602+00:00,/home/barry/projects/github/Mixture-of-Prefetchers/artifacts/athena_traces/429.mcf-192B.champsimtrace.xz,/home/barry/projects/github/Mixture-of-Prefetchers/results/mop_lite_search/logs/429.mcf-192B__SMS.out,/home/barry/projects/github/Mixture-of-Prefetchers/results/mop_lite_search/logs/429.mcf-192B__SMS.err,/home/barry/projects/github/Mixture-of-Prefetchers/results/mop_lite_search/metrics/429.mcf-192B__SMS.json,,"--warmup_instructions=5000000 --simulation_instructions=10000000 --llc_replacement_type=ship --config=/home/barry/projects/github/Mixture-of-Prefetchers/external/athena/config/nopref.ini --rob_partition_size=64,128,320 --rob_frontal_partition_ids=0 --rob_dorsal_partition_ids=2 --dram_io_freq=400 --l2c_prefetcher_types=sms --config=/home/barry/projects/github/Mixture-of-Prefetchers/external/athena/config/sms.ini --l2c_prefetcher_force_prefetch_at_llc=true",27831.0
legacy,429.mcf-192B,SPEC,train,MoPLite,router,MoPLite,,Pythia,SPP+PPF,1,0.07749,0.9997419687782223,0.9577308120133483,0.07751,0.08091,1.0,817427.0,81.7427,0.0,5570.0,0.0,0.0,0.0,0.02710951526032316,2543.0,3027.0,1852.0,1877.0,1548.0,2548.0,1.0,2.0,0.728273692489186,0.6200858936240502,1430757.0,151.0,817517.0,0.0,0.0,0.0,500478.0,21173.0,0.0,20.47,129041090.0,10000000.0,5000000,10000000,500000,2048,30,50,"1.0,0.25,1.0",search_mode,GS24473,5490cd9f7f689da7bf9a3be9cb9546d5a1100a63,111.152983,2026-04-17T15:02:47.675199+00:00,2026-04-17T15:04:38.828182+00:00,/home/barry/projects/github/Mixture-of-Prefetchers/artifacts/athena_traces/429.mcf-192B.champsimtrace.xz,/home/barry/projects/github/Mixture-of-Prefetchers/results/mop_lite_search/logs/429.mcf-192B__MoPLite.out,/home/barry/projects/github/Mixture-of-Prefetchers/results/mop_lite_search/logs/429.mcf-192B__MoPLite.err,/home/barry/projects/github/Mixture-of-Prefetchers/results/mop_lite_search/metrics/429.mcf-192B__MoPLite.json,,"--warmup_instructions=5000000 --simulation_instructions=10000000 --llc_replacement_type=ship --config=/home/barry/projects/github/Mixture-of-Prefetchers/external/athena/config/nopref.ini --rob_partition_size=64,128,320 --rob_frontal_partition_ids=0 --rob_dorsal_partition_ids=2 --dram_io_freq=400 --config=/home/barry/projects/github/Mixture-of-Prefetchers/external/athena/config/mop_lite.ini --mop_router_type=4 --mop_seed=1 --l2c_prefetcher_types=scooby --config=/home/barry/projects/github/Mixture-of-Prefetchers/external/athena/config/pythia.ini --l2c_prefetcher_types=spp_ppf_dev --config=/home/barry/projects/github/Mixture-of-Prefetchers/external/athena/config/spp_ppf_dev.ini --l2c_prefetcher_force_prefetch_at_llc=true",151.0
legacy,429.mcf-192B,SPEC,train,Pythia,single,,,,,,0.07891,1.0180621855244485,0.975281176615993,0.07751,0.08091,1.0,816150.0,81.615,215042.0,215042.0,0.0,0.0,0.0,0.45900800773802325,0.0,0.0,0.0,0.0,0.0,0.0,0.0,0.0,0.0,0.0,1430732.0,98706.0,816240.0,0.0,0.0,0.0,634273.0,222826.0,0.0,20.47,126727083.0,10000000.0,5000000,10000000,,,,,,search_mode,GS24473,5490cd9f7f689da7bf9a3be9cb9546d5a1100a63,111.505303,2026-04-17T15:02:47.671981+00:00,2026-04-17T15:04:39.177284+00:00,/home/barry/projects/github/Mixture-of-Prefetchers/artifacts/athena_traces/429.mcf-192B.champsimtrace.xz,/home/barry/projects/github/Mixture-of-Prefetchers/results/mop_lite_search/logs/429.mcf-192B__Pythia.out,/home/barry/projects/github/Mixture-of-Prefetchers/results/mop_lite_search/logs/429.mcf-192B__Pythia.err,/home/barry/projects/github/Mixture-of-Prefetchers/results/mop_lite_search/metrics/429.mcf-192B__Pythia.json,,"--warmup_instructions=5000000 --simulation_instructions=10000000 --llc_replacement_type=ship --config=/home/barry/projects/github/Mixture-of-Prefetchers/external/athena/config/nopref.ini --rob_partition_size=64,128,320 --rob_frontal_partition_ids=0 --rob_dorsal_partition_ids=2 --dram_io_freq=400 --l2c_prefetcher_types=scooby --config=/home/barry/projects/github/Mixture-of-Prefetchers/external/athena/config/pythia.ini --l2c_prefetcher_force_prefetch_at_llc=true",98706.0
legacy,429.mcf-192B,SPEC,train,FixedSplit,router,FixedSplit,,Pythia,SPP+PPF,1,0.07783,1.0041284995484454,0.9619330119886293,0.07751,0.08091,1.0,817129.0,81.7129,40941.0,40941.0,0.0,0.0,0.0,0.2610830219095772,30454.0,28765.0,23335.0,26030.0,30720.0,30720.0,30.0,30.0,0.7662376042555986,0.9049191726055971,1430757.0,10689.0,817218.0,0.0,0.0,0.0,518037.0,49107.0,0.0,20.47,128483540.0,10000000.0,5000000,10000000,500000,2048,30,50,"1.0,0.25,1.0",search_mode,GS24473,5490cd9f7f689da7bf9a3be9cb9546d5a1100a63,111.518178,2026-04-17T15:02:47.675633+00:00,2026-04-17T15:04:39.193811+00:00,/home/barry/projects/github/Mixture-of-Prefetchers/artifacts/athena_traces/429.mcf-192B.champsimtrace.xz,/home/barry/projects/github/Mixture-of-Prefetchers/results/mop_lite_search/logs/429.mcf-192B__FixedSplit.out,/home/barry/projects/github/Mixture-of-Prefetchers/results/mop_lite_search/logs/429.mcf-192B__FixedSplit.err,/home/barry/projects/github/Mixture-of-Prefetchers/results/mop_lite_search/metrics/429.mcf-192B__FixedSplit.json,,"--warmup_instructions=5000000 --simulation_instructions=10000000 --llc_replacement_type=ship --config=/home/barry/projects/github/Mixture-of-Prefetchers/external/athena/config/nopref.ini --rob_partition_size=64,128,320 --rob_frontal_partition_ids=0 --rob_dorsal_partition_ids=2 --dram_io_freq=400 --config=/home/barry/projects/github/Mixture-of-Prefetchers/external/athena/config/mop_lite.ini --mop_router_type=0 --mop_seed=1 --l2c_prefetcher_types=scooby --config=/home/barry/projects/github/Mixture-of-Prefetchers/external/athena/config/pythia.ini --l2c_prefetcher_types=spp_ppf_dev --config=/home/barry/projects/github/Mixture-of-Prefetchers/external/athena/config/spp_ppf_dev.ini --l2c_prefetcher_force_prefetch_at_llc=true",10689.0
legacy,429.mcf-192B,SPEC,train,WinnerTakeAll,router,WinnerTakeAll,,Pythia,SPP+PPF,1,0.07787,1.004644561992001,0.9624273884563095,0.07751,0.08091,1.0,817088.0,81.7088,39679.0,39679.0,0.0,0.0,0.0,0.26311146954308323,30922.0,25733.0,24330.0,19191.0,30720.0,30720.0,15.0,15.0,0.7868184464135567,0.7457739089884584,1430757.0,10440.0,817178.0,0.0,0.0,0.0,518007.0,48502.0,0.0,20.47,128426962.0,10000000.0,5000000,10000000,500000,2048,30,50,"1.0,0.25,1.0",search_mode,GS24473,5490cd9f7f689da7bf9a3be9cb9546d5a1100a63,112.093273,2026-04-17T15:02:47.676511+00:00,2026-04-17T15:04:39.769784+00:00,/home/barry/projects/github/Mixture-of-Prefetchers/artifacts/athena_traces/429.mcf-192B.champsimtrace.xz,/home/barry/projects/github/Mixture-of-Prefetchers/results/mop_lite_search/logs/429.mcf-192B__WinnerTakeAll.out,/home/barry/projects/github/Mixture-of-Prefetchers/results/mop_lite_search/logs/429.mcf-192B__WinnerTakeAll.err,/home/barry/projects/github/Mixture-of-Prefetchers/results/mop_lite_search/metrics/429.mcf-192B__WinnerTakeAll.json,,"--warmup_instructions=5000000 --simulation_instructions=10000000 --llc_replacement_type=ship --config=/home/barry/projects/github/Mixture-of-Prefetchers/external/athena/config/nopref.ini --rob_partition_size=64,128,320 --rob_frontal_partition_ids=0 --rob_dorsal_partition_ids=2 --dram_io_freq=400 --config=/home/barry/projects/github/Mixture-of-Prefetchers/external/athena/config/mop_lite.ini --mop_router_type=1 --mop_seed=1 --l2c_prefetcher_types=scooby --config=/home/barry/projects/github/Mixture-of-Prefetchers/external/athena/config/pythia.ini --l2c_prefetcher_types=spp_ppf_dev --config=/home/barry/projects/github/Mixture-of-Prefetchers/external/athena/config/spp_ppf_dev.ini --l2c_prefetcher_force_prefetch_at_llc=true",10440.0
legacy,429.mcf-192B,SPEC,train,AthenaMAB,builtin,,AthenaMAB,Pythia,SPP+PPF,,0.07783,1.0041284995484454,0.9619330119886293,0.07751,0.08091,1.0,816071.0,81.6071,172987.0,172987.0,0.0,0.0,0.0,0.24174070883939255,259445.0,140126.0,117241.0,13614.0,0.0,0.0,0.0,0.0,0.45189153770548673,0.09715541726731655,1430762.0,41818.0,816161.0,0.0,0.0,0.0,565834.0,110236.0,0.0,20.47,128486941.0,10000000.0,5000000,10000000,500000,,,,,search_mode,GS24473,5490cd9f7f689da7bf9a3be9cb9546d5a1100a63,114.32169,2026-04-17T15:02:47.678296+00:00,2026-04-17T15:04:41.999986+00:00,/home/barry/projects/github/Mixture-of-Prefetchers/artifacts/athena_traces/429.mcf-192B.champsimtrace.xz,/home/barry/projects/github/Mixture-of-Prefetchers/results/mop_lite_search/logs/429.mcf-192B__AthenaMAB.out,/home/barry/projects/github/Mixture-of-Prefetchers/results/mop_lite_search/logs/429.mcf-192B__AthenaMAB.err,/home/barry/projects/github/Mixture-of-Prefetchers/results/mop_lite_search/metrics/429.mcf-192B__AthenaMAB.json,,"--warmup_instructions=5000000 --simulation_instructions=10000000 --llc_replacement_type=ship --config=/home/barry/projects/github/Mixture-of-Prefetchers/external/athena/config/nopref.ini --rob_partition_size=64,128,320 --rob_frontal_partition_ids=0 --rob_dorsal_partition_ids=2 --dram_io_freq=400 --config=/home/barry/projects/github/Mixture-of-Prefetchers/external/athena/config/mop_lite_mab.ini --l2c_prefetcher_types=scooby --config=/home/barry/projects/github/Mixture-of-Prefetchers/external/athena/config/pythia.ini --l2c_prefetcher_types=spp_ppf_dev --config=/home/barry/projects/github/Mixture-of-Prefetchers/external/athena/config/spp_ppf_dev.ini --l2c_prefetcher_force_prefetch_at_llc=true",41818.0
legacy,parsec_2.1.fluidanimate.simlarge.prebuilt.drop_9500M.length_250M,PARSEC,train,Baseline,baseline,,,,,,1.09667,1.0,0.9703756138565678,1.09667,1.13015,0.0,7576.0,0.7576,0.0,0.0,0.0,0.0,0.0,0.0,0.0,0.0,0.0,0.0,0.0,0.0,0.0,0.0,0.0,0.0,18315.0,0.0,7576.0,0.0,0.0,0.0,602.0,3700.0,0.0,8.85,9118537.0,10000000.0,5000000,10000000,,,,,,search_mode,GS24473,5490cd9f7f689da7bf9a3be9cb9546d5a1100a63,45.784827,2026-04-17T15:04:04.111906+00:00,2026-04-17T15:04:49.896733+00:00,/home/barry/projects/github/Mixture-of-Prefetchers/artifacts/athena_traces/parsec_2.1.fluidanimate.simlarge.prebuilt.drop_9500M.length_250M.champsimtrace.xz,/home/barry/projects/github/Mixture-of-Prefetchers/results/mop_lite_search/logs/parsec_2.1.fluidanimate.simlarge.prebuilt.drop_9500M.length_250M__Baseline.out,/home/barry/projects/github/Mixture-of-Prefetchers/results/mop_lite_search/logs/parsec_2.1.fluidanimate.simlarge.prebuilt.drop_9500M.length_250M__Baseline.err,/home/barry/projects/github/Mixture-of-Prefetchers/results/mop_lite_search/metrics/parsec_2.1.fluidanimate.simlarge.prebuilt.drop_9500M.length_250M__Baseline.json,,"--warmup_instructions=5000000 --simulation_instructions=10000000 --llc_replacement_type=ship --config=/home/barry/projects/github/Mixture-of-Prefetchers/external/athena/config/nopref.ini --rob_partition_size=64,128,320 --rob_frontal_partition_ids=0 --rob_dorsal_partition_ids=2 --dram_io_freq=400",0.0
legacy,parsec_2.1.fluidanimate.simlarge.prebuilt.drop_9500M.length_250M,PARSEC,train,MLOP,single,,,,,,1.14165,1.041015072902514,1.0101756404017166,1.09667,1.13015,1.0,7576.0,0.7576,6302.0,6302.0,0.0,0.0,0.0,0.9376388448111711,0.0,0.0,0.0,0.0,0.0,0.0,0.0,0.0,0.0,0.0,18315.0,5909.0,7576.0,0.0,0.0,0.0,638.0,6260.0,0.0,8.85,8759218.0,10000000.0,5000000,10000000,,,,,,search_mode,GS24473,5490cd9f7f689da7bf9a3be9cb9546d5a1100a63,46.19773,2026-04-17T15:04:06.719431+00:00,2026-04-17T15:04:52.917161+00:00,/home/barry/projects/github/Mixture-of-Prefetchers/artifacts/athena_traces/parsec_2.1.fluidanimate.simlarge.prebuilt.drop_9500M.length_250M.champsimtrace.xz,/home/barry/projects/github/Mixture-of-Prefetchers/results/mop_lite_search/logs/parsec_2.1.fluidanimate.simlarge.prebuilt.drop_9500M.length_250M__MLOP.out,/home/barry/projects/github/Mixture-of-Prefetchers/results/mop_lite_search/logs/parsec_2.1.fluidanimate.simlarge.prebuilt.drop_9500M.length_250M__MLOP.err,/home/barry/projects/github/Mixture-of-Prefetchers/results/mop_lite_search/metrics/parsec_2.1.fluidanimate.simlarge.prebuilt.drop_9500M.length_250M__MLOP.json,,"--warmup_instructions=5000000 --simulation_instructions=10000000 --llc_replacement_type=ship --config=/home/barry/projects/github/Mixture-of-Prefetchers/external/athena/config/nopref.ini --rob_partition_size=64,128,320 --rob_frontal_partition_ids=0 --rob_dorsal_partition_ids=2 --dram_io_freq=400 --l2c_prefetcher_types=mlop --config=/home/barry/projects/github/Mixture-of-Prefetchers/external/athena/config/mlop.ini --l2c_prefetcher_force_prefetch_at_llc=true",5909.0
legacy,parsec_2.1.fluidanimate.simlarge.prebuilt.drop_9500M.length_250M,PARSEC,train,Pythia,single,,,,,,1.12624,1.0269634438801096,0.9965402822634163,1.09667,1.13015,1.0,7576.0,0.7576,14457.0,14457.0,0.0,0.0,0.0,0.2410596942657536,0.0,0.0,0.0,0.0,0.0,0.0,0.0,0.0,0.0,0.0,18315.0,3485.0,7576.0,0.0,0.0,0.0,750.0,4481.0,0.0,8.85,8879138.0,10000000.0,5000000,10000000,,,,,,search_mode,GS24473,5490cd9f7f689da7bf9a3be9cb9546d5a1100a63,47.616125,2026-04-17T15:04:11.277177+00:00,2026-04-17T15:04:58.893302+00:00,/home/barry/projects/github/Mixture-of-Prefetchers/artifacts/athena_traces/parsec_2.1.fluidanimate.simlarge.prebuilt.drop_9500M.length_250M.champsimtrace.xz,/home/barry/projects/github/Mixture-of-Prefetchers/results/mop_lite_search/logs/parsec_2.1.fluidanimate.simlarge.prebuilt.drop_9500M.length_250M__Pythia.out,/home/barry/projects/github/Mixture-of-Prefetchers/results/mop_lite_search/logs/parsec_2.1.fluidanimate.simlarge.prebuilt.drop_9500M.length_250M__Pythia.err,/home/barry/projects/github/Mixture-of-Prefetchers/results/mop_lite_search/metrics/parsec_2.1.fluidanimate.simlarge.prebuilt.drop_9500M.length_250M__Pythia.json,,"--warmup_instructions=5000000 --simulation_instructions=10000000 --llc_replacement_type=ship --config=/home/barry/projects/github/Mixture-of-Prefetchers/external/athena/config/nopref.ini --rob_partition_size=64,128,320 --rob_frontal_partition_ids=0 --rob_dorsal_partition_ids=2 --dram_io_freq=400 --l2c_prefetcher_types=scooby --config=/home/barry/projects/github/Mixture-of-Prefetchers/external/athena/config/pythia.ini --l2c_prefetcher_force_prefetch_at_llc=true",3485.0
legacy,parsec_2.1.fluidanimate.simlarge.prebuilt.drop_9500M.length_250M,PARSEC,train,SMS,single,,,,,,1.12455,1.025422415129437,0.9950449055435119,1.09667,1.13015,1.0,7576.0,0.7576,11777.0,11777.0,0.0,0.0,0.0,0.3668166765729812,0.0,0.0,0.0,0.0,0.0,0.0,0.0,0.0,0.0,0.0,18315.0,4320.0,7576.0,0.0,0.0,0.0,1893.0,6597.0,0.0,8.85,8892424.0,10000000.0,5000000,10000000,,,,,,search_mode,GS24473,5490cd9f7f689da7bf9a3be9cb9546d5a1100a63,48.950202,2026-04-17T15:04:16.082546+00:00,2026-04-17T15:05:05.032748+00:00,/home/barry/projects/github/Mixture-of-Prefetchers/artifacts/athena_traces/parsec_2.1.fluidanimate.simlarge.prebuilt.drop_9500M.length_250M.champsimtrace.xz,/home/barry/projects/github/Mixture-of-Prefetchers/results/mop_lite_search/logs/parsec_2.1.fluidanimate.simlarge.prebuilt.drop_9500M.length_250M__SMS.out,/home/barry/projects/github/Mixture-of-Prefetchers/results/mop_lite_search/logs/parsec_2.1.fluidanimate.simlarge.prebuilt.drop_9500M.length_250M__SMS.err,/home/barry/projects/github/Mixture-of-Prefetchers/results/mop_lite_search/metrics/parsec_2.1.fluidanimate.simlarge.prebuilt.drop_9500M.length_250M__SMS.json,,"--warmup_instructions=5000000 --simulation_instructions=10000000 --llc_replacement_type=ship --config=/home/barry/projects/github/Mixture-of-Prefetchers/external/athena/config/nopref.ini --rob_partition_size=64,128,320 --rob_frontal_partition_ids=0 --rob_dorsal_partition_ids=2 --dram_io_freq=400 --l2c_prefetcher_types=sms --config=/home/barry/projects/github/Mixture-of-Prefetchers/external/athena/config/sms.ini --l2c_prefetcher_force_prefetch_at_llc=true",4320.0
legacy,450.soplex-92B,SPEC,train,FixedSplit,router,FixedSplit,,Pythia,SPP+PPF,1,0.33208,0.9754435436493948,1.1311397234144014,0.34044,0.29358,1.0,233550.0,23.35498832250584,40679.0,40679.0,0.0,0.0,0.0,0.11015511689077903,15419.0,27951.0,16507.0,28451.0,30720.0,30720.0,30.0,30.0,1.0705622932745313,1.0178884476405137,324405.0,4481.0,278883.0,0.0,0.0,0.0,90990.0,154604.0,0.0,12.18,30113401.0,10000005.0,5000000,10000000,500000,2048,30,50,"1.0,0.25,1.0",search_mode,GS24473,5490cd9f7f689da7bf9a3be9cb9546d5a1100a63,74.451984,2026-04-17T15:03:54.879699+00:00,2026-04-17T15:05:09.331683+00:00,/home/barry/projects/github/Mixture-of-Prefetchers/artifacts/athena_traces/450.soplex-92B.champsimtrace.xz,/home/barry/projects/github/Mixture-of-Prefetchers/results/mop_lite_search/logs/450.soplex-92B__FixedSplit.out,/home/barry/projects/github/Mixture-of-Prefetchers/results/mop_lite_search/logs/450.soplex-92B__FixedSplit.err,/home/barry/projects/github/Mixture-of-Prefetchers/results/mop_lite_search/metrics/450.soplex-92B__FixedSplit.json,,"--warmup_instructions=5000000 --simulation_instructions=10000000 --llc_replacement_type=ship --config=/home/barry/projects/github/Mixture-of-Prefetchers/external/athena/config/nopref.ini --rob_partition_size=64,128,320 --rob_frontal_partition_ids=0 --rob_dorsal_partition_ids=2 --dram_io_freq=400 --config=/home/barry/projects/github/Mixture-of-Prefetchers/external/athena/config/mop_lite.ini --mop_router_type=0 --mop_seed=1 --l2c_prefetcher_types=scooby --config=/home/barry/projects/github/Mixture-of-Prefetchers/external/athena/config/pythia.ini --l2c_prefetcher_types=spp_ppf_dev --config=/home/barry/projects/github/Mixture-of-Prefetchers/external/athena/config/spp_ppf_dev.ini --l2c_prefetcher_force_prefetch_at_llc=true",4481.0
legacy,parsec_2.1.fluidanimate.simlarge.prebuilt.drop_9500M.length_250M,PARSEC,train,SPP+PPF,single,,,,,,1.13015,1.0305287825872869,1.0,1.09667,1.13015,1.0,7576.0,0.7576,23091.0,23091.0,0.0,0.0,0.0,0.16686154778918194,0.0,0.0,0.0,0.0,0.0,0.0,0.0,0.0,0.0,0.0,18315.0,3853.0,7576.0,0.0,0.0,0.0,1892.0,4788.0,0.0,8.85,8848399.0,10000000.0,5000000,10000000,,,,,,search_mode,GS24473,5490cd9f7f689da7bf9a3be9cb9546d5a1100a63,50.132289,2026-04-17T15:04:22.891519+00:00,2026-04-17T15:05:13.023808+00:00,/home/barry/projects/github/Mixture-of-Prefetchers/artifacts/athena_traces/parsec_2.1.fluidanimate.simlarge.prebuilt.drop_9500M.length_250M.champsimtrace.xz,/home/barry/projects/github/Mixture-of-Prefetchers/results/mop_lite_search/logs/parsec_2.1.fluidanimate.simlarge.prebuilt.drop_9500M.length_250M__SPPplusPPF.out,/home/barry/projects/github/Mixture-of-Prefetchers/results/mop_lite_search/logs/parsec_2.1.fluidanimate.simlarge.prebuilt.drop_9500M.length_250M__SPPplusPPF.err,/home/barry/projects/github/Mixture-of-Prefetchers/results/mop_lite_search/metrics/parsec_2.1.fluidanimate.simlarge.prebuilt.drop_9500M.length_250M__SPPplusPPF.json,,"--warmup_instructions=5000000 --simulation_instructions=10000000 --llc_replacement_type=ship --config=/home/barry/projects/github/Mixture-of-Prefetchers/external/athena/config/nopref.ini --rob_partition_size=64,128,320 --rob_frontal_partition_ids=0 --rob_dorsal_partition_ids=2 --dram_io_freq=400 --l2c_prefetcher_types=spp_ppf_dev --config=/home/barry/projects/github/Mixture-of-Prefetchers/external/athena/config/spp_ppf_dev.ini --l2c_prefetcher_force_prefetch_at_llc=true",3853.0
legacy,450.soplex-92B,SPEC,train,WinnerTakeAll,router,WinnerTakeAll,,Pythia,SPP+PPF,1,0.32783,0.9629596992127835,1.1166632604400846,0.34044,0.29358,1.0,233417.0,23.341688329155836,40917.0,40917.0,0.0,0.0,0.0,0.13967299655399956,19554.0,16327.0,21819.0,15761.0,43008.0,18432.0,21.0,9.0,1.1158330776311751,0.965333496661971,324404.0,5715.0,278866.0,0.0,0.0,0.0,96331.0,159907.0,0.0,12.18,30503831.0,10000005.0,5000000,10000000,500000,2048,30,50,"1.0,0.25,1.0",search_mode,GS24473,5490cd9f7f689da7bf9a3be9cb9546d5a1100a63,75.626899,2026-04-17T15:04:01.661693+00:00,2026-04-17T15:05:17.288592+00:00,/home/barry/projects/github/Mixture-of-Prefetchers/artifacts/athena_traces/450.soplex-92B.champsimtrace.xz,/home/barry/projects/github/Mixture-of-Prefetchers/results/mop_lite_search/logs/450.soplex-92B__WinnerTakeAll.out,/home/barry/projects/github/Mixture-of-Prefetchers/results/mop_lite_search/logs/450.soplex-92B__WinnerTakeAll.err,/home/barry/projects/github/Mixture-of-Prefetchers/results/mop_lite_search/metrics/450.soplex-92B__WinnerTakeAll.json,,"--warmup_instructions=5000000 --simulation_instructions=10000000 --llc_replacement_type=ship --config=/home/barry/projects/github/Mixture-of-Prefetchers/external/athena/config/nopref.ini --rob_partition_size=64,128,320 --rob_frontal_partition_ids=0 --rob_dorsal_partition_ids=2 --dram_io_freq=400 --config=/home/barry/projects/github/Mixture-of-Prefetchers/external/athena/config/mop_lite.ini --mop_router_type=1 --mop_seed=1 --l2c_prefetcher_types=scooby --config=/home/barry/projects/github/Mixture-of-Prefetchers/external/athena/config/pythia.ini --l2c_prefetcher_types=spp_ppf_dev --config=/home/barry/projects/github/Mixture-of-Prefetchers/external/athena/config/spp_ppf_dev.ini --l2c_prefetcher_force_prefetch_at_llc=true",5715.0
legacy,parsec_2.1.fluidanimate.simlarge.prebuilt.drop_9500M.length_250M,PARSEC,train,MoPLite,router,MoPLite,,Pythia,SPP+PPF,1,1.0962,0.9995714298740733,0.9699597398575411,1.09667,1.13015,1.0,7576.0,0.7576,0.0,2524.0,0.0,0.0,0.0,0.0,706.0,1818.0,247.0,1660.0,0.0,2048.0,0.0,1.0,0.34985835694050993,0.9130913091309131,18315.0,0.0,7576.0,0.0,0.0,0.0,693.0,3690.0,0.0,8.85,9122440.0,10000000.0,5000000,10000000,500000,2048,30,50,"1.0,0.25,1.0",search_mode,GS24473,5490cd9f7f689da7bf9a3be9cb9546d5a1100a63,52.701646,2026-04-17T15:04:27.629051+00:00,2026-04-17T15:05:20.330697+00:00,/home/barry/projects/github/Mixture-of-Prefetchers/artifacts/athena_traces/parsec_2.1.fluidanimate.simlarge.prebuilt.drop_9500M.length_250M.champsimtrace.xz,/home/barry/projects/github/Mixture-of-Prefetchers/results/mop_lite_search/logs/parsec_2.1.fluidanimate.simlarge.prebuilt.drop_9500M.length_250M__MoPLite.out,/home/barry/projects/github/Mixture-of-Prefetchers/results/mop_lite_search/logs/parsec_2.1.fluidanimate.simlarge.prebuilt.drop_9500M.length_250M__MoPLite.err,/home/barry/projects/github/Mixture-of-Prefetchers/results/mop_lite_search/metrics/parsec_2.1.fluidanimate.simlarge.prebuilt.drop_9500M.length_250M__MoPLite.json,,"--warmup_instructions=5000000 --simulation_instructions=10000000 --llc_replacement_type=ship --config=/home/barry/projects/github/Mixture-of-Prefetchers/external/athena/config/nopref.ini --rob_partition_size=64,128,320 --rob_frontal_partition_ids=0 --rob_dorsal_partition_ids=2 --dram_io_freq=400 --config=/home/barry/projects/github/Mixture-of-Prefetchers/external/athena/config/mop_lite.ini --mop_router_type=4 --mop_seed=1 --l2c_prefetcher_types=scooby --config=/home/barry/projects/github/Mixture-of-Prefetchers/external/athena/config/pythia.ini --l2c_prefetcher_types=spp_ppf_dev --config=/home/barry/projects/github/Mixture-of-Prefetchers/external/athena/config/spp_ppf_dev.ini --l2c_prefetcher_force_prefetch_at_llc=true",0.0
legacy,parsec_2.1.fluidanimate.simlarge.prebuilt.drop_9500M.length_250M,PARSEC,train,FixedSplit,router,FixedSplit,,Pythia,SPP+PPF,1,1.13162,1.0318692040449726,1.001300712294828,1.09667,1.13015,1.0,7576.0,0.7576,32989.0,32989.0,0.0,0.0,0.0,0.13080117614962564,21431.0,23733.0,19339.0,21260.0,30720.0,30720.0,30.0,30.0,0.9023843964350707,0.8957990983019425,18315.0,4315.0,7576.0,0.0,0.0,0.0,1651.0,5072.0,0.0,8.85,8836864.0,10000000.0,5000000,10000000,500000,2048,30,50,"1.0,0.25,1.0",search_mode,GS24473,5490cd9f7f689da7bf9a3be9cb9546d5a1100a63,51.851606,2026-04-17T15:04:31.054686+00:00,2026-04-17T15:05:22.906292+00:00,/home/barry/projects/github/Mixture-of-Prefetchers/artifacts/athena_traces/parsec_2.1.fluidanimate.simlarge.prebuilt.drop_9500M.length_250M.champsimtrace.xz,/home/barry/projects/github/Mixture-of-Prefetchers/results/mop_lite_search/logs/parsec_2.1.fluidanimate.simlarge.prebuilt.drop_9500M.length_250M__FixedSplit.out,/home/barry/projects/github/Mixture-of-Prefetchers/results/mop_lite_search/logs/parsec_2.1.fluidanimate.simlarge.prebuilt.drop_9500M.length_250M__FixedSplit.err,/home/barry/projects/github/Mixture-of-Prefetchers/results/mop_lite_search/metrics/parsec_2.1.fluidanimate.simlarge.prebuilt.drop_9500M.length_250M__FixedSplit.json,,"--warmup_instructions=5000000 --simulation_instructions=10000000 --llc_replacement_type=ship --config=/home/barry/projects/github/Mixture-of-Prefetchers/external/athena/config/nopref.ini --rob_partition_size=64,128,320 --rob_frontal_partition_ids=0 --rob_dorsal_partition_ids=2 --dram_io_freq=400 --config=/home/barry/projects/github/Mixture-of-Prefetchers/external/athena/config/mop_lite.ini --mop_router_type=0 --mop_seed=1 --l2c_prefetcher_types=scooby --config=/home/barry/projects/github/Mixture-of-Prefetchers/external/athena/config/pythia.ini --l2c_prefetcher_types=spp_ppf_dev --config=/home/barry/projects/github/Mixture-of-Prefetchers/external/athena/config/spp_ppf_dev.ini --l2c_prefetcher_force_prefetch_at_llc=true",4315.0
legacy,450.soplex-92B,SPEC,train,AthenaMAB,builtin,,AthenaMAB,Pythia,SPP+PPF,,0.27969,0.8215544589354952,0.9526875127733496,0.34044,0.29358,1.0,232989.0,23.298888350555824,931732.0,931732.0,0.0,0.0,0.0,0.07938441526104073,369265.0,306490.0,246837.0,222346.0,0.0,0.0,0.0,0.0,0.6684549036599732,0.7254592319488401,324420.0,73965.0,278459.0,0.0,0.0,0.0,154295.0,299198.0,0.0,12.18,35754433.0,10000005.0,5000000,10000000,500000,,,,,search_mode,GS24473,5490cd9f7f689da7bf9a3be9cb9546d5a1100a63,87.870719,2026-04-17T15:04:03.125620+00:00,2026-04-17T15:05:30.996339+00:00,/home/barry/projects/github/Mixture-of-Prefetchers/artifacts/athena_traces/450.soplex-92B.champsimtrace.xz,/home/barry/projects/github/Mixture-of-Prefetchers/results/mop_lite_search/logs/450.soplex-92B__AthenaMAB.out,/home/barry/projects/github/Mixture-of-Prefetchers/results/mop_lite_search/logs/450.soplex-92B__AthenaMAB.err,/home/barry/projects/github/Mixture-of-Prefetchers/results/mop_lite_search/metrics/450.soplex-92B__AthenaMAB.json,,"--warmup_instructions=5000000 --simulation_instructions=10000000 --llc_replacement_type=ship --config=/home/barry/projects/github/Mixture-of-Prefetchers/external/athena/config/nopref.ini --rob_partition_size=64,128,320 --rob_frontal_partition_ids=0 --rob_dorsal_partition_ids=2 --dram_io_freq=400 --config=/home/barry/projects/github/Mixture-of-Prefetchers/external/athena/config/mop_lite_mab.ini --l2c_prefetcher_types=scooby --config=/home/barry/projects/github/Mixture-of-Prefetchers/external/athena/config/pythia.ini --l2c_prefetcher_types=spp_ppf_dev --config=/home/barry/projects/github/Mixture-of-Prefetchers/external/athena/config/spp_ppf_dev.ini --l2c_prefetcher_force_prefetch_at_llc=true",73965.0
legacy,parsec_2.1.raytrace.simlarge.prebuilt.drop_23500M.length_250M,PARSEC,train,MLOP,single,,,,,,2.06196,1.1154291402049141,0.9855133419682928,1.84858,2.09227,1.0,20143.0,2.01429979857002,19819.0,19819.0,0.0,0.0,0.0,0.9969726020485393,0.0,0.0,0.0,0.0,0.0,0.0,0.0,0.0,0.0,0.0,36292.0,19759.0,37994.0,0.0,0.0,0.0,10898.0,29360.0,0.0,0.0,4849763.0,10000001.0,5000000,10000000,,,,,,search_mode,GS24473,5490cd9f7f689da7bf9a3be9cb9546d5a1100a63,51.998547,2026-04-17T15:04:39.769837+00:00,2026-04-17T15:05:31.768384+00:00,/home/barry/projects/github/Mixture-of-Prefetchers/artifacts/athena_traces/parsec_2.1.raytrace.simlarge.prebuilt.drop_23500M.length_250M.champsimtrace.xz,/home/barry/projects/github/Mixture-of-Prefetchers/results/mop_lite_search/logs/parsec_2.1.raytrace.simlarge.prebuilt.drop_23500M.length_250M__MLOP.out,/home/barry/projects/github/Mixture-of-Prefetchers/results/mop_lite_search/logs/parsec_2.1.raytrace.simlarge.prebuilt.drop_23500M.length_250M__MLOP.err,/home/barry/projects/github/Mixture-of-Prefetchers/results/mop_lite_search/metrics/parsec_2.1.raytrace.simlarge.prebuilt.drop_23500M.length_250M__MLOP.json,,"--warmup_instructions=5000000 --simulation_instructions=10000000 --llc_replacement_type=ship --config=/home/barry/projects/github/Mixture-of-Prefetchers/external/athena/config/nopref.ini --rob_partition_size=64,128,320 --rob_frontal_partition_ids=0 --rob_dorsal_partition_ids=2 --dram_io_freq=400 --l2c_prefetcher_types=mlop --config=/home/barry/projects/github/Mixture-of-Prefetchers/external/athena/config/mlop.ini --l2c_prefetcher_force_prefetch_at_llc=true",19759.0
legacy,parsec_2.1.fluidanimate.simlarge.prebuilt.drop_9500M.length_250M,PARSEC,train,WinnerTakeAll,router,WinnerTakeAll,,Pythia,SPP+PPF,1,1.12675,1.0274284880593068,0.9969915497942751,1.09667,1.13015,1.0,7576.0,0.7576,17935.0,17935.0,0.0,0.0,0.0,0.2025090604962364,12193.0,12881.0,11029.0,11377.0,32768.0,28672.0,16.0,14.0,0.9045353891577135,0.8832388789690242,18315.0,3632.0,7576.0,0.0,0.0,0.0,1375.0,4641.0,0.0,8.85,8875098.0,10000000.0,5000000,10000000,500000,2048,30,50,"1.0,0.25,1.0",search_mode,GS24473,5490cd9f7f689da7bf9a3be9cb9546d5a1100a63,54.184541,2026-04-17T15:04:38.828318+00:00,2026-04-17T15:05:33.012859+00:00,/home/barry/projects/github/Mixture-of-Prefetchers/artifacts/athena_traces/parsec_2.1.fluidanimate.simlarge.prebuilt.drop_9500M.length_250M.champsimtrace.xz,/home/barry/projects/github/Mixture-of-Prefetchers/results/mop_lite_search/logs/parsec_2.1.fluidanimate.simlarge.prebuilt.drop_9500M.length_250M__WinnerTakeAll.out,/home/barry/projects/github/Mixture-of-Prefetchers/results/mop_lite_search/logs/parsec_2.1.fluidanimate.simlarge.prebuilt.drop_9500M.length_250M__WinnerTakeAll.err,/home/barry/projects/github/Mixture-of-Prefetchers/results/mop_lite_search/metrics/parsec_2.1.fluidanimate.simlarge.prebuilt.drop_9500M.length_250M__WinnerTakeAll.json,,"--warmup_instructions=5000000 --simulation_instructions=10000000 --llc_replacement_type=ship --config=/home/barry/projects/github/Mixture-of-Prefetchers/external/athena/config/nopref.ini --rob_partition_size=64,128,320 --rob_frontal_partition_ids=0 --rob_dorsal_partition_ids=2 --dram_io_freq=400 --config=/home/barry/projects/github/Mixture-of-Prefetchers/external/athena/config/mop_lite.ini --mop_router_type=1 --mop_seed=1 --l2c_prefetcher_types=scooby --config=/home/barry/projects/github/Mixture-of-Prefetchers/external/athena/config/pythia.ini --l2c_prefetcher_types=spp_ppf_dev --config=/home/barry/projects/github/Mixture-of-Prefetchers/external/athena/config/spp_ppf_dev.ini --l2c_prefetcher_force_prefetch_at_llc=true",3632.0
legacy,parsec_2.1.fluidanimate.simlarge.prebuilt.drop_9500M.length_250M,PARSEC,train,AthenaMAB,builtin,,AthenaMAB,Pythia,SPP+PPF,,1.10035,1.0033556129008725,0.973631818785117,1.09667,1.13015,1.0,7576.0,0.7576,3536.0,3536.0,0.0,0.0,0.0,0.1535633484162896,4222.0,5525.0,3795.0,4763.0,0.0,0.0,0.0,0.0,0.8988630980577925,0.8620814479638009,18315.0,543.0,7576.0,0.0,0.0,0.0,977.0,3783.0,0.0,8.85,9088059.0,10000000.0,5000000,10000000,500000,,,,,search_mode,GS24473,5490cd9f7f689da7bf9a3be9cb9546d5a1100a63,55.070249,2026-04-17T15:04:39.177327+00:00,2026-04-17T15:05:34.247576+00:00,/home/barry/projects/github/Mixture-of-Prefetchers/artifacts/athena_traces/parsec_2.1.fluidanimate.simlarge.prebuilt.drop_9500M.length_250M.champsimtrace.xz,/home/barry/projects/github/Mixture-of-Prefetchers/results/mop_lite_search/logs/parsec_2.1.fluidanimate.simlarge.prebuilt.drop_9500M.length_250M__AthenaMAB.out,/home/barry/projects/github/Mixture-of-Prefetchers/results/mop_lite_search/logs/parsec_2.1.fluidanimate.simlarge.prebuilt.drop_9500M.length_250M__AthenaMAB.err,/home/barry/projects/github/Mixture-of-Prefetchers/results/mop_lite_search/metrics/parsec_2.1.fluidanimate.simlarge.prebuilt.drop_9500M.length_250M__AthenaMAB.json,,"--warmup_instructions=5000000 --simulation_instructions=10000000 --llc_replacement_type=ship --config=/home/barry/projects/github/Mixture-of-Prefetchers/external/athena/config/nopref.ini --rob_partition_size=64,128,320 --rob_frontal_partition_ids=0 --rob_dorsal_partition_ids=2 --dram_io_freq=400 --config=/home/barry/projects/github/Mixture-of-Prefetchers/external/athena/config/mop_lite_mab.ini --l2c_prefetcher_types=scooby --config=/home/barry/projects/github/Mixture-of-Prefetchers/external/athena/config/pythia.ini --l2c_prefetcher_types=spp_ppf_dev --config=/home/barry/projects/github/Mixture-of-Prefetchers/external/athena/config/spp_ppf_dev.ini --l2c_prefetcher_force_prefetch_at_llc=true",543.0
legacy,parsec_2.1.raytrace.simlarge.prebuilt.drop_23500M.length_250M,PARSEC,train,Pythia,single,,,,,,2.09227,1.1318255093098488,1.0,1.84858,2.09227,1.0,20142.0,2.01419979858002,116087.0,116087.0,0.0,0.0,0.0,0.16854600428988603,0.0,0.0,0.0,0.0,0.0,0.0,0.0,0.0,0.0,0.0,36292.0,19566.0,37998.0,0.0,0.0,0.0,14049.0,23846.0,0.0,0.0,4779499.0,10000001.0,5000000,10000000,,,,,,search_mode,GS24473,5490cd9f7f689da7bf9a3be9cb9546d5a1100a63,52.921243,2026-04-17T15:04:42.000041+00:00,2026-04-17T15:05:34.921284+00:00,/home/barry/projects/github/Mixture-of-Prefetchers/artifacts/athena_traces/parsec_2.1.raytrace.simlarge.prebuilt.drop_23500M.length_250M.champsimtrace.xz,/home/barry/projects/github/Mixture-of-Prefetchers/results/mop_lite_search/logs/parsec_2.1.raytrace.simlarge.prebuilt.drop_23500M.length_250M__Pythia.out,/home/barry/projects/github/Mixture-of-Prefetchers/results/mop_lite_search/logs/parsec_2.1.raytrace.simlarge.prebuilt.drop_23500M.length_250M__Pythia.err,/home/barry/projects/github/Mixture-of-Prefetchers/results/mop_lite_search/metrics/parsec_2.1.raytrace.simlarge.prebuilt.drop_23500M.length_250M__Pythia.json,,"--warmup_instructions=5000000 --simulation_instructions=10000000 --llc_replacement_type=ship --config=/home/barry/projects/github/Mixture-of-Prefetchers/external/athena/config/nopref.ini --rob_partition_size=64,128,320 --rob_frontal_partition_ids=0 --rob_dorsal_partition_ids=2 --dram_io_freq=400 --l2c_prefetcher_types=scooby --config=/home/barry/projects/github/Mixture-of-Prefetchers/external/athena/config/pythia.ini --l2c_prefetcher_force_prefetch_at_llc=true",19566.0
legacy,parsec_2.1.raytrace.simlarge.prebuilt.drop_23500M.length_250M,PARSEC,train,SPP+PPF,single,,,,,,2.08636,1.1286284607644788,0.9971753167612211,1.84858,2.09227,1.0,20142.0,2.01419979858002,39969.0,39969.0,0.0,0.0,0.0,0.46563586779754307,0.0,0.0,0.0,0.0,0.0,0.0,0.0,0.0,0.0,0.0,36292.0,18611.0,37998.0,0.0,0.0,0.0,16461.0,22435.0,0.0,0.0,4793048.0,10000001.0,5000000,10000000,,,,,,search_mode,GS24473,5490cd9f7f689da7bf9a3be9cb9546d5a1100a63,53.107314,2026-04-17T15:04:52.917231+00:00,2026-04-17T15:05:46.024545+00:00,/home/barry/projects/github/Mixture-of-Prefetchers/artifacts/athena_traces/parsec_2.1.raytrace.simlarge.prebuilt.drop_23500M.length_250M.champsimtrace.xz,/home/barry/projects/github/Mixture-of-Prefetchers/results/mop_lite_search/logs/parsec_2.1.raytrace.simlarge.prebuilt.drop_23500M.length_250M__SPPplusPPF.out,/home/barry/projects/github/Mixture-of-Prefetchers/results/mop_lite_search/logs/parsec_2.1.raytrace.simlarge.prebuilt.drop_23500M.length_250M__SPPplusPPF.err,/home/barry/projects/github/Mixture-of-Prefetchers/results/mop_lite_search/metrics/parsec_2.1.raytrace.simlarge.prebuilt.drop_23500M.length_250M__SPPplusPPF.json,,"--warmup_instructions=5000000 --simulation_instructions=10000000 --llc_replacement_type=ship --config=/home/barry/projects/github/Mixture-of-Prefetchers/external/athena/config/nopref.ini --rob_partition_size=64,128,320 --rob_frontal_partition_ids=0 --rob_dorsal_partition_ids=2 --dram_io_freq=400 --l2c_prefetcher_types=spp_ppf_dev --config=/home/barry/projects/github/Mixture-of-Prefetchers/external/athena/config/spp_ppf_dev.ini --l2c_prefetcher_force_prefetch_at_llc=true",18611.0
legacy,parsec_2.1.raytrace.simlarge.prebuilt.drop_23500M.length_250M,PARSEC,train,Baseline,baseline,,,,,,1.84858,1.0,0.8835284165045619,1.84858,2.09227,0.0,20143.0,2.0143,0.0,0.0,0.0,0.0,0.0,0.0,0.0,0.0,0.0,0.0,0.0,0.0,0.0,0.0,0.0,0.0,36292.0,0.0,37999.0,0.0,0.0,0.0,6105.0,16844.0,0.0,0.0,5409567.0,10000000.0,5000000,10000000,,,,,,search_mode,GS24473,5490cd9f7f689da7bf9a3be9cb9546d5a1100a63,66.892993,2026-04-17T15:04:39.193906+00:00,2026-04-17T15:05:46.086899+00:00,/home/barry/projects/github/Mixture-of-Prefetchers/artifacts/athena_traces/parsec_2.1.raytrace.simlarge.prebuilt.drop_23500M.length_250M.champsimtrace.xz,/home/barry/projects/github/Mixture-of-Prefetchers/results/mop_lite_search/logs/parsec_2.1.raytrace.simlarge.prebuilt.drop_23500M.length_250M__Baseline.out,/home/barry/projects/github/Mixture-of-Prefetchers/results/mop_lite_search/logs/parsec_2.1.raytrace.simlarge.prebuilt.drop_23500M.length_250M__Baseline.err,/home/barry/projects/github/Mixture-of-Prefetchers/results/mop_lite_search/metrics/parsec_2.1.raytrace.simlarge.prebuilt.drop_23500M.length_250M__Baseline.json,,"--warmup_instructions=5000000 --simulation_instructions=10000000 --llc_replacement_type=ship --config=/home/barry/projects/github/Mixture-of-Prefetchers/external/athena/config/nopref.ini --rob_partition_size=64,128,320 --rob_frontal_partition_ids=0 --rob_dorsal_partition_ids=2 --dram_io_freq=400",0.0
legacy,parsec_2.1.raytrace.simlarge.prebuilt.drop_23500M.length_250M,PARSEC,train,SMS,single,,,,,,1.82757,0.9886345194689978,0.8734866914881921,1.84858,2.09227,1.0,20141.0,2.0141,11117.0,11117.0,0.0,0.0,0.0,0.4431051542682378,0.0,0.0,0.0,0.0,0.0,0.0,0.0,0.0,0.0,0.0,36292.0,4926.0,37997.0,0.0,0.0,0.0,7483.0,20675.0,0.0,0.0,5471756.0,10000000.0,5000000,10000000,,,,,,search_mode,GS24473,5490cd9f7f689da7bf9a3be9cb9546d5a1100a63,64.77787,2026-04-17T15:04:49.896837+00:00,2026-04-17T15:05:54.674707+00:00,/home/barry/projects/github/Mixture-of-Prefetchers/artifacts/athena_traces/parsec_2.1.raytrace.simlarge.prebuilt.drop_23500M.length_250M.champsimtrace.xz,/home/barry/projects/github/Mixture-of-Prefetchers/results/mop_lite_search/logs/parsec_2.1.raytrace.simlarge.prebuilt.drop_23500M.length_250M__SMS.out,/home/barry/projects/github/Mixture-of-Prefetchers/results/mop_lite_search/logs/parsec_2.1.raytrace.simlarge.prebuilt.drop_23500M.length_250M__SMS.err,/home/barry/projects/github/Mixture-of-Prefetchers/results/mop_lite_search/metrics/parsec_2.1.raytrace.simlarge.prebuilt.drop_23500M.length_250M__SMS.json,,"--warmup_instructions=5000000 --simulation_instructions=10000000 --llc_replacement_type=ship --config=/home/barry/projects/github/Mixture-of-Prefetchers/external/athena/config/nopref.ini --rob_partition_size=64,128,320 --rob_frontal_partition_ids=0 --rob_dorsal_partition_ids=2 --dram_io_freq=400 --l2c_prefetcher_types=sms --config=/home/barry/projects/github/Mixture-of-Prefetchers/external/athena/config/sms.ini --l2c_prefetcher_force_prefetch_at_llc=true",4926.0
legacy,parsec_2.1.raytrace.simlarge.prebuilt.drop_23500M.length_250M,PARSEC,train,AthenaMAB,builtin,,AthenaMAB,Pythia,SPP+PPF,,2.09723,1.1345086498826127,1.0023706309415132,1.84858,2.09227,1.0,20141.0,2.01409979859002,141822.0,141822.0,0.0,0.0,0.0,0.131841322220812,42484.0,34784.0,35676.0,30926.0,0.0,0.0,0.0,0.0,0.8397514358346672,0.8890869365225391,36292.0,18698.0,37994.0,0.0,0.0,0.0,12611.0,20874.0,0.0,0.0,4768203.0,10000001.0,5000000,10000000,500000,,,,,search_mode,GS24473,5490cd9f7f689da7bf9a3be9cb9546d5a1100a63,52.90874,2026-04-17T15:05:13.023989+00:00,2026-04-17T15:06:05.932729+00:00,/home/barry/projects/github/Mixture-of-Prefetchers/artifacts/athena_traces/parsec_2.1.raytrace.simlarge.prebuilt.drop_23500M.length_250M.champsimtrace.xz,/home/barry/projects/github/Mixture-of-Prefetchers/results/mop_lite_search/logs/parsec_2.1.raytrace.simlarge.prebuilt.drop_23500M.length_250M__AthenaMAB.out,/home/barry/projects/github/Mixture-of-Prefetchers/results/mop_lite_search/logs/parsec_2.1.raytrace.simlarge.prebuilt.drop_23500M.length_250M__AthenaMAB.err,/home/barry/projects/github/Mixture-of-Prefetchers/results/mop_lite_search/metrics/parsec_2.1.raytrace.simlarge.prebuilt.drop_23500M.length_250M__AthenaMAB.json,,"--warmup_instructions=5000000 --simulation_instructions=10000000 --llc_replacement_type=ship --config=/home/barry/projects/github/Mixture-of-Prefetchers/external/athena/config/nopref.ini --rob_partition_size=64,128,320 --rob_frontal_partition_ids=0 --rob_dorsal_partition_ids=2 --dram_io_freq=400 --config=/home/barry/projects/github/Mixture-of-Prefetchers/external/athena/config/mop_lite_mab.ini --l2c_prefetcher_types=scooby --config=/home/barry/projects/github/Mixture-of-Prefetchers/external/athena/config/pythia.ini --l2c_prefetcher_types=spp_ppf_dev --config=/home/barry/projects/github/Mixture-of-Prefetchers/external/athena/config/spp_ppf_dev.ini --l2c_prefetcher_force_prefetch_at_llc=true",18698.0
legacy,parsec_2.1.raytrace.simlarge.prebuilt.drop_23500M.length_250M,PARSEC,train,FixedSplit,router,FixedSplit,,Pythia,SPP+PPF,1,1.9129,1.0347942745242296,0.9142701467783795,1.84858,2.09227,1.0,20140.0,2.014,40960.0,40960.0,0.0,0.0,0.0,0.243212890625,10516.0,25869.0,8959.0,23511.0,30720.0,30720.0,30.0,30.0,0.851939901103081,0.9088484286211296,36292.0,9962.0,37996.0,0.0,0.0,0.0,12645.0,22884.0,0.0,0.0,5227653.0,10000000.0,5000000,10000000,500000,2048,30,50,"1.0,0.25,1.0",search_mode,GS24473,5490cd9f7f689da7bf9a3be9cb9546d5a1100a63,61.895116,2026-04-17T15:05:05.032841+00:00,2026-04-17T15:06:06.927957+00:00,/home/barry/projects/github/Mixture-of-Prefetchers/artifacts/athena_traces/parsec_2.1.raytrace.simlarge.prebuilt.drop_23500M.length_250M.champsimtrace.xz,/home/barry/projects/github/Mixture-of-Prefetchers/results/mop_lite_search/logs/parsec_2.1.raytrace.simlarge.prebuilt.drop_23500M.length_250M__FixedSplit.out,/home/barry/projects/github/Mixture-of-Prefetchers/results/mop_lite_search/logs/parsec_2.1.raytrace.simlarge.prebuilt.drop_23500M.length_250M__FixedSplit.err,/home/barry/projects/github/Mixture-of-Prefetchers/results/mop_lite_search/metrics/parsec_2.1.raytrace.simlarge.prebuilt.drop_23500M.length_250M__FixedSplit.json,,"--warmup_instructions=5000000 --simulation_instructions=10000000 --llc_replacement_type=ship --config=/home/barry/projects/github/Mixture-of-Prefetchers/external/athena/config/nopref.ini --rob_partition_size=64,128,320 --rob_frontal_partition_ids=0 --rob_dorsal_partition_ids=2 --dram_io_freq=400 --config=/home/barry/projects/github/Mixture-of-Prefetchers/external/athena/config/mop_lite.ini --mop_router_type=0 --mop_seed=1 --l2c_prefetcher_types=scooby --config=/home/barry/projects/github/Mixture-of-Prefetchers/external/athena/config/pythia.ini --l2c_prefetcher_types=spp_ppf_dev --config=/home/barry/projects/github/Mixture-of-Prefetchers/external/athena/config/spp_ppf_dev.ini --l2c_prefetcher_force_prefetch_at_llc=true",9962.0
legacy,parsec_2.1.raytrace.simlarge.prebuilt.drop_23500M.length_250M,PARSEC,train,MoPLite,router,MoPLite,,Pythia,SPP+PPF,1,1.84001,0.9953640091313333,0.8794323868334392,1.84858,2.09227,1.0,20143.0,2.0143,0.0,11496.0,0.0,0.0,0.0,0.0,4109.0,7387.0,3518.0,6927.0,11115.0,7317.0,9.0,8.0,0.8561693842784133,0.937728441857317,36292.0,0.0,37999.0,0.0,0.0,0.0,7110.0,18370.0,0.0,0.0,5434744.0,10000000.0,5000000,10000000,500000,2048,30,50,"1.0,0.25,1.0",search_mode,GS24473,5490cd9f7f689da7bf9a3be9cb9546d5a1100a63,70.142179,2026-04-17T15:04:58.893924+00:00,2026-04-17T15:06:09.036103+00:00,/home/barry/projects/github/Mixture-of-Prefetchers/artifacts/athena_traces/parsec_2.1.raytrace.simlarge.prebuilt.drop_23500M.length_250M.champsimtrace.xz,/home/barry/projects/github/Mixture-of-Prefetchers/results/mop_lite_search/logs/parsec_2.1.raytrace.simlarge.prebuilt.drop_23500M.length_250M__MoPLite.out,/home/barry/projects/github/Mixture-of-Prefetchers/results/mop_lite_search/logs/parsec_2.1.raytrace.simlarge.prebuilt.drop_23500M.length_250M__MoPLite.err,/home/barry/projects/github/Mixture-of-Prefetchers/results/mop_lite_search/metrics/parsec_2.1.raytrace.simlarge.prebuilt.drop_23500M.length_250M__MoPLite.json,,"--warmup_instructions=5000000 --simulation_instructions=10000000 --llc_replacement_type=ship --config=/home/barry/projects/github/Mixture-of-Prefetchers/external/athena/config/nopref.ini --rob_partition_size=64,128,320 --rob_frontal_partition_ids=0 --rob_dorsal_partition_ids=2 --dram_io_freq=400 --config=/home/barry/projects/github/Mixture-of-Prefetchers/external/athena/config/mop_lite.ini --mop_router_type=4 --mop_seed=1 --l2c_prefetcher_types=scooby --config=/home/barry/projects/github/Mixture-of-Prefetchers/external/athena/config/pythia.ini --l2c_prefetcher_types=spp_ppf_dev --config=/home/barry/projects/github/Mixture-of-Prefetchers/external/athena/config/spp_ppf_dev.ini --l2c_prefetcher_force_prefetch_at_llc=true",0.0
legacy,parsec_2.1.raytrace.simlarge.prebuilt.drop_23500M.length_250M,PARSEC,train,WinnerTakeAll,router,WinnerTakeAll,,Pythia,SPP+PPF,1,1.97818,1.0701078665786712,0.9454707088473285,1.84858,2.09227,1.0,20142.0,2.0142,39865.0,39865.0,0.0,0.0,0.0,0.3144111375893641,10712.0,22165.0,9097.0,19954.0,30720.0,30720.0,15.0,15.0,0.8492345033607169,0.9002481389578164,36292.0,12534.0,37998.0,0.0,0.0,0.0,10231.0,22396.0,0.0,0.0,5055143.0,10000000.0,5000000,10000000,500000,2048,30,50,"1.0,0.25,1.0",search_mode,GS24473,5490cd9f7f689da7bf9a3be9cb9546d5a1100a63,60.192017,2026-04-17T15:05:09.331749+00:00,2026-04-17T15:06:09.523766+00:00,/home/barry/projects/github/Mixture-of-Prefetchers/artifacts/athena_traces/parsec_2.1.raytrace.simlarge.prebuilt.drop_23500M.length_250M.champsimtrace.xz,/home/barry/projects/github/Mixture-of-Prefetchers/results/mop_lite_search/logs/parsec_2.1.raytrace.simlarge.prebuilt.drop_23500M.length_250M__WinnerTakeAll.out,/home/barry/projects/github/Mixture-of-Prefetchers/results/mop_lite_search/logs/parsec_2.1.raytrace.simlarge.prebuilt.drop_23500M.length_250M__WinnerTakeAll.err,/home/barry/projects/github/Mixture-of-Prefetchers/results/mop_lite_search/metrics/parsec_2.1.raytrace.simlarge.prebuilt.drop_23500M.length_250M__WinnerTakeAll.json,,"--warmup_instructions=5000000 --simulation_instructions=10000000 --llc_replacement_type=ship --config=/home/barry/projects/github/Mixture-of-Prefetchers/external/athena/config/nopref.ini --rob_partition_size=64,128,320 --rob_frontal_partition_ids=0 --rob_dorsal_partition_ids=2 --dram_io_freq=400 --config=/home/barry/projects/github/Mixture-of-Prefetchers/external/athena/config/mop_lite.ini --mop_router_type=1 --mop_seed=1 --l2c_prefetcher_types=scooby --config=/home/barry/projects/github/Mixture-of-Prefetchers/external/athena/config/pythia.ini --l2c_prefetcher_types=spp_ppf_dev --config=/home/barry/projects/github/Mixture-of-Prefetchers/external/athena/config/spp_ppf_dev.ini --l2c_prefetcher_force_prefetch_at_llc=true",12534.0
legacy,ligra_PageRankDelta.com-lj.ungraph.gcc_6.3.0_O3.drop_1250M.length_250M,LIGRA,train,Baseline,baseline,,,,,,1.08214,1.0,0.9999907591369035,1.08214,1.08215,0.0,23488.0,2.3487988256005874,0.0,0.0,0.0,0.0,0.0,0.0,0.0,0.0,0.0,0.0,0.0,0.0,0.0,0.0,0.0,0.0,23488.0,0.0,23488.0,0.0,0.0,0.0,218.0,0.0,0.0,3.95,9240981.0,10000005.0,5000000,10000000,,,,,,search_mode,GS24473,5490cd9f7f689da7bf9a3be9cb9546d5a1100a63,30.467943,2026-04-17T15:05:46.086972+00:00,2026-04-17T15:06:16.554915+00:00,/home/barry/projects/github/Mixture-of-Prefetchers/artifacts/athena_traces/ligra_PageRankDelta.com-lj.ungraph.gcc_6.3.0_O3.drop_1250M.length_250M.champsimtrace.xz,/home/barry/projects/github/Mixture-of-Prefetchers/results/mop_lite_search/logs/ligra_PageRankDelta.com-lj.ungraph.gcc_6.3.0_O3.drop_1250M.length_250M__Baseline.out,/home/barry/projects/github/Mixture-of-Prefetchers/results/mop_lite_search/logs/ligra_PageRankDelta.com-lj.ungraph.gcc_6.3.0_O3.drop_1250M.length_250M__Baseline.err,/home/barry/projects/github/Mixture-of-Prefetchers/results/mop_lite_search/metrics/ligra_PageRankDelta.com-lj.ungraph.gcc_6.3.0_O3.drop_1250M.length_250M__Baseline.json,,"--warmup_instructions=5000000 --simulation_instructions=10000000 --llc_replacement_type=ship --config=/home/barry/projects/github/Mixture-of-Prefetchers/external/athena/config/nopref.ini --rob_partition_size=64,128,320 --rob_frontal_partition_ids=0 --rob_dorsal_partition_ids=2 --dram_io_freq=400",0.0
legacy,ligra_PageRankDelta.com-lj.ungraph.gcc_6.3.0_O3.drop_1250M.length_250M,LIGRA,train,MLOP,single,,,,,,1.08215,1.0000092409484909,1.0,1.08214,1.08215,1.0,23488.0,2.3488,23121.0,23121.0,0.0,0.0,0.0,1.0,0.0,0.0,0.0,0.0,0.0,0.0,0.0,0.0,0.0,0.0,23488.0,23121.0,23488.0,0.0,0.0,0.0,200.0,7222.0,0.0,3.95,9240868.0,10000000.0,5000000,10000000,,,,,,search_mode,GS24473,5490cd9f7f689da7bf9a3be9cb9546d5a1100a63,29.259265,2026-04-17T15:05:54.674818+00:00,2026-04-17T15:06:23.934083+00:00,/home/barry/projects/github/Mixture-of-Prefetchers/artifacts/athena_traces/ligra_PageRankDelta.com-lj.ungraph.gcc_6.3.0_O3.drop_1250M.length_250M.champsimtrace.xz,/home/barry/projects/github/Mixture-of-Prefetchers/results/mop_lite_search/logs/ligra_PageRankDelta.com-lj.ungraph.gcc_6.3.0_O3.drop_1250M.length_250M__MLOP.out,/home/barry/projects/github/Mixture-of-Prefetchers/results/mop_lite_search/logs/ligra_PageRankDelta.com-lj.ungraph.gcc_6.3.0_O3.drop_1250M.length_250M__MLOP.err,/home/barry/projects/github/Mixture-of-Prefetchers/results/mop_lite_search/metrics/ligra_PageRankDelta.com-lj.ungraph.gcc_6.3.0_O3.drop_1250M.length_250M__MLOP.json,,"--warmup_instructions=5000000 --simulation_instructions=10000000 --llc_replacement_type=ship --config=/home/barry/projects/github/Mixture-of-Prefetchers/external/athena/config/nopref.ini --rob_partition_size=64,128,320 --rob_frontal_partition_ids=0 --rob_dorsal_partition_ids=2 --dram_io_freq=400 --l2c_prefetcher_types=mlop --config=/home/barry/projects/github/Mixture-of-Prefetchers/external/athena/config/mlop.ini --l2c_prefetcher_force_prefetch_at_llc=true",23121.0
legacy,ligra_CF.com-lj.ungraph.gcc_6.3.0_O3.drop_154750M.length_250M,LIGRA,train,Baseline,baseline,,,,,,0.49571,1.0,1.0206304432868702,0.49571,0.48569,0.0,165322.0,16.532198346780167,0.0,0.0,0.0,0.0,0.0,0.0,0.0,0.0,0.0,0.0,0.0,0.0,0.0,0.0,0.0,0.0,174779.0,0.0,165326.0,0.0,0.0,0.0,115682.0,156210.0,0.0,1.26,20173012.0,10000001.0,5000000,10000000,,,,,,search_mode,GS24473,5490cd9f7f689da7bf9a3be9cb9546d5a1100a63,75.767224,2026-04-17T15:05:17.288672+00:00,2026-04-17T15:06:33.055896+00:00,/home/barry/projects/github/Mixture-of-Prefetchers/artifacts/athena_traces/ligra_CF.com-lj.ungraph.gcc_6.3.0_O3.drop_154750M.length_250M.champsimtrace.xz,/home/barry/projects/github/Mixture-of-Prefetchers/results/mop_lite_search/logs/ligra_CF.com-lj.ungraph.gcc_6.3.0_O3.drop_154750M.length_250M__Baseline.out,/home/barry/projects/github/Mixture-of-Prefetchers/results/mop_lite_search/logs/ligra_CF.com-lj.ungraph.gcc_6.3.0_O3.drop_154750M.length_250M__Baseline.err,/home/barry/projects/github/Mixture-of-Prefetchers/results/mop_lite_search/metrics/ligra_CF.com-lj.ungraph.gcc_6.3.0_O3.drop_154750M.length_250M__Baseline.json,,"--warmup_instructions=5000000 --simulation_instructions=10000000 --llc_replacement_type=ship --config=/home/barry/projects/github/Mixture-of-Prefetchers/external/athena/config/nopref.ini --rob_partition_size=64,128,320 --rob_frontal_partition_ids=0 --rob_dorsal_partition_ids=2 --dram_io_freq=400",0.0
legacy,ligra_PageRankDelta.com-lj.ungraph.gcc_6.3.0_O3.drop_1250M.length_250M,LIGRA,train,Pythia,single,,,,,,1.08215,1.0000092409484909,1.0,1.08214,1.08215,1.0,23488.0,2.3488,80880.0,80880.0,0.0,0.0,0.0,0.28580613254203757,0.0,0.0,0.0,0.0,0.0,0.0,0.0,0.0,0.0,0.0,23488.0,23116.0,23488.0,0.0,0.0,0.0,224.0,1525.0,0.0,3.95,9240868.0,10000000.0,5000000,10000000,,,,,,search_mode,GS24473,5490cd9f7f689da7bf9a3be9cb9546d5a1100a63,30.682731,2026-04-17T15:06:05.932787+00:00,2026-04-17T15:06:36.615518+00:00,/home/barry/projects/github/Mixture-of-Prefetchers/artifacts/athena_traces/ligra_PageRankDelta.com-lj.ungraph.gcc_6.3.0_O3.drop_1250M.length_250M.champsimtrace.xz,/home/barry/projects/github/Mixture-of-Prefetchers/results/mop_lite_search/logs/ligra_PageRankDelta.com-lj.ungraph.gcc_6.3.0_O3.drop_1250M.length_250M__Pythia.out,/home/barry/projects/github/Mixture-of-Prefetchers/results/mop_lite_search/logs/ligra_PageRankDelta.com-lj.ungraph.gcc_6.3.0_O3.drop_1250M.length_250M__Pythia.err,/home/barry/projects/github/Mixture-of-Prefetchers/results/mop_lite_search/metrics/ligra_PageRankDelta.com-lj.ungraph.gcc_6.3.0_O3.drop_1250M.length_250M__Pythia.json,,"--warmup_instructions=5000000 --simulation_instructions=10000000 --llc_replacement_type=ship --config=/home/barry/projects/github/Mixture-of-Prefetchers/external/athena/config/nopref.ini --rob_partition_size=64,128,320 --rob_frontal_partition_ids=0 --rob_dorsal_partition_ids=2 --dram_io_freq=400 --l2c_prefetcher_types=scooby --config=/home/barry/projects/github/Mixture-of-Prefetchers/external/athena/config/pythia.ini --l2c_prefetcher_force_prefetch_at_llc=true",23116.0
legacy,ligra_PageRankDelta.com-lj.ungraph.gcc_6.3.0_O3.drop_1250M.length_250M,LIGRA,train,SPP+PPF,single,,,,,,1.08215,1.0000092409484909,1.0,1.08214,1.08215,1.0,23488.0,2.3488,23016.0,23016.0,0.0,0.0,0.0,1.0,0.0,0.0,0.0,0.0,0.0,0.0,0.0,0.0,0.0,0.0,23488.0,23016.0,23488.0,0.0,0.0,0.0,216.0,470.0,0.0,3.95,9240868.0,10000000.0,5000000,10000000,,,,,,search_mode,GS24473,5490cd9f7f689da7bf9a3be9cb9546d5a1100a63,30.145243,2026-04-17T15:06:09.036177+00:00,2026-04-17T15:06:39.181420+00:00,/home/barry/projects/github/Mixture-of-Prefetchers/artifacts/athena_traces/ligra_PageRankDelta.com-lj.ungraph.gcc_6.3.0_O3.drop_1250M.length_250M.champsimtrace.xz,/home/barry/projects/github/Mixture-of-Prefetchers/results/mop_lite_search/logs/ligra_PageRankDelta.com-lj.ungraph.gcc_6.3.0_O3.drop_1250M.length_250M__SPPplusPPF.out,/home/barry/projects/github/Mixture-of-Prefetchers/results/mop_lite_search/logs/ligra_PageRankDelta.com-lj.ungraph.gcc_6.3.0_O3.drop_1250M.length_250M__SPPplusPPF.err,/home/barry/projects/github/Mixture-of-Prefetchers/results/mop_lite_search/metrics/ligra_PageRankDelta.com-lj.ungraph.gcc_6.3.0_O3.drop_1250M.length_250M__SPPplusPPF.json,,"--warmup_instructions=5000000 --simulation_instructions=10000000 --llc_replacement_type=ship --config=/home/barry/projects/github/Mixture-of-Prefetchers/external/athena/config/nopref.ini --rob_partition_size=64,128,320 --rob_frontal_partition_ids=0 --rob_dorsal_partition_ids=2 --dram_io_freq=400 --l2c_prefetcher_types=spp_ppf_dev --config=/home/barry/projects/github/Mixture-of-Prefetchers/external/athena/config/spp_ppf_dev.ini --l2c_prefetcher_force_prefetch_at_llc=true",23016.0
legacy,ligra_PageRankDelta.com-lj.ungraph.gcc_6.3.0_O3.drop_1250M.length_250M,LIGRA,train,SMS,single,,,,,,1.08215,1.0000092409484909,1.0,1.08214,1.08215,1.0,23488.0,2.3488,5872.0,5872.0,0.0,0.0,0.0,1.0,0.0,0.0,0.0,0.0,0.0,0.0,0.0,0.0,0.0,0.0,23488.0,5872.0,23488.0,0.0,0.0,0.0,192.0,5862.0,0.0,3.95,9240868.0,10000000.0,5000000,10000000,,,,,,search_mode,GS24473,5490cd9f7f689da7bf9a3be9cb9546d5a1100a63,32.345704,2026-04-17T15:06:06.928018+00:00,2026-04-17T15:06:39.273722+00:00,/home/barry/projects/github/Mixture-of-Prefetchers/artifacts/athena_traces/ligra_PageRankDelta.com-lj.ungraph.gcc_6.3.0_O3.drop_1250M.length_250M.champsimtrace.xz,/home/barry/projects/github/Mixture-of-Prefetchers/results/mop_lite_search/logs/ligra_PageRankDelta.com-lj.ungraph.gcc_6.3.0_O3.drop_1250M.length_250M__SMS.out,/home/barry/projects/github/Mixture-of-Prefetchers/results/mop_lite_search/logs/ligra_PageRankDelta.com-lj.ungraph.gcc_6.3.0_O3.drop_1250M.length_250M__SMS.err,/home/barry/projects/github/Mixture-of-Prefetchers/results/mop_lite_search/metrics/ligra_PageRankDelta.com-lj.ungraph.gcc_6.3.0_O3.drop_1250M.length_250M__SMS.json,,"--warmup_instructions=5000000 --simulation_instructions=10000000 --llc_replacement_type=ship --config=/home/barry/projects/github/Mixture-of-Prefetchers/external/athena/config/nopref.ini --rob_partition_size=64,128,320 --rob_frontal_partition_ids=0 --rob_dorsal_partition_ids=2 --dram_io_freq=400 --l2c_prefetcher_types=sms --config=/home/barry/projects/github/Mixture-of-Prefetchers/external/athena/config/sms.ini --l2c_prefetcher_force_prefetch_at_llc=true",5872.0
legacy,ligra_PageRankDelta.com-lj.ungraph.gcc_6.3.0_O3.drop_1250M.length_250M,LIGRA,train,MoPLite,router,MoPLite,,Pythia,SPP+PPF,1,1.08215,1.0000092409484909,1.0,1.08214,1.08215,1.0,23488.0,2.3487988256005874,40960.0,40960.0,0.0,0.0,0.0,0.36064453125,11320.0,22144.0,11318.0,22144.0,39346.0,22094.0,30.0,30.0,0.9998233215547703,1.0,23488.0,14772.0,23488.0,0.0,0.0,0.0,216.0,730.0,0.0,3.95,9240881.0,10000005.0,5000000,10000000,500000,2048,30,50,"1.0,0.25,1.0",search_mode,GS24473,5490cd9f7f689da7bf9a3be9cb9546d5a1100a63,32.901623,2026-04-17T15:06:09.523818+00:00,2026-04-17T15:06:42.425441+00:00,/home/barry/projects/github/Mixture-of-Prefetchers/artifacts/athena_traces/ligra_PageRankDelta.com-lj.ungraph.gcc_6.3.0_O3.drop_1250M.length_250M.champsimtrace.xz,/home/barry/projects/github/Mixture-of-Prefetchers/results/mop_lite_search/logs/ligra_PageRankDelta.com-lj.ungraph.gcc_6.3.0_O3.drop_1250M.length_250M__MoPLite.out,/home/barry/projects/github/Mixture-of-Prefetchers/results/mop_lite_search/logs/ligra_PageRankDelta.com-lj.ungraph.gcc_6.3.0_O3.drop_1250M.length_250M__MoPLite.err,/home/barry/projects/github/Mixture-of-Prefetchers/results/mop_lite_search/metrics/ligra_PageRankDelta.com-lj.ungraph.gcc_6.3.0_O3.drop_1250M.length_250M__MoPLite.json,,"--warmup_instructions=5000000 --simulation_instructions=10000000 --llc_replacement_type=ship --config=/home/barry/projects/github/Mixture-of-Prefetchers/external/athena/config/nopref.ini --rob_partition_size=64,128,320 --rob_frontal_partition_ids=0 --rob_dorsal_partition_ids=2 --dram_io_freq=400 --config=/home/barry/projects/github/Mixture-of-Prefetchers/external/athena/config/mop_lite.ini --mop_router_type=4 --mop_seed=1 --l2c_prefetcher_types=scooby --config=/home/barry/projects/github/Mixture-of-Prefetchers/external/athena/config/pythia.ini --l2c_prefetcher_types=spp_ppf_dev --config=/home/barry/projects/github/Mixture-of-Prefetchers/external/athena/config/spp_ppf_dev.ini --l2c_prefetcher_force_prefetch_at_llc=true",14772.0
legacy,ligra_CF.com-lj.ungraph.gcc_6.3.0_O3.drop_154750M.length_250M,LIGRA,train,Pythia,single,,,,,,0.48569,0.9797865687599605,1.0,0.49571,0.48569,1.0,165225.0,16.522498347750165,396695.0,396695.0,0.0,0.0,0.0,0.16617552527760623,0.0,0.0,0.0,0.0,0.0,0.0,0.0,0.0,0.0,0.0,174788.0,65921.0,165229.0,0.0,0.0,0.0,144596.0,213360.0,0.0,1.26,20589429.0,10000001.0,5000000,10000000,,,,,,search_mode,GS24473,5490cd9f7f689da7bf9a3be9cb9546d5a1100a63,82.254358,2026-04-17T15:05:22.906373+00:00,2026-04-17T15:06:45.160731+00:00,/home/barry/projects/github/Mixture-of-Prefetchers/artifacts/athena_traces/ligra_CF.com-lj.ungraph.gcc_6.3.0_O3.drop_154750M.length_250M.champsimtrace.xz,/home/barry/projects/github/Mixture-of-Prefetchers/results/mop_lite_search/logs/ligra_CF.com-lj.ungraph.gcc_6.3.0_O3.drop_154750M.length_250M__Pythia.out,/home/barry/projects/github/Mixture-of-Prefetchers/results/mop_lite_search/logs/ligra_CF.com-lj.ungraph.gcc_6.3.0_O3.drop_154750M.length_250M__Pythia.err,/home/barry/projects/github/Mixture-of-Prefetchers/results/mop_lite_search/metrics/ligra_CF.com-lj.ungraph.gcc_6.3.0_O3.drop_154750M.length_250M__Pythia.json,,"--warmup_instructions=5000000 --simulation_instructions=10000000 --llc_replacement_type=ship --config=/home/barry/projects/github/Mixture-of-Prefetchers/external/athena/config/nopref.ini --rob_partition_size=64,128,320 --rob_frontal_partition_ids=0 --rob_dorsal_partition_ids=2 --dram_io_freq=400 --l2c_prefetcher_types=scooby --config=/home/barry/projects/github/Mixture-of-Prefetchers/external/athena/config/pythia.ini --l2c_prefetcher_force_prefetch_at_llc=true",65921.0
legacy,ligra_PageRankDelta.com-lj.ungraph.gcc_6.3.0_O3.drop_1250M.length_250M,LIGRA,train,FixedSplit,router,FixedSplit,,Pythia,SPP+PPF,1,1.08215,1.0000092409484909,1.0,1.08214,1.08215,1.0,23488.0,2.3487988256005874,40960.0,40960.0,0.0,0.0,0.0,0.5005126953125,8860.0,30720.0,8858.0,30720.0,30720.0,30720.0,30.0,30.0,0.9997742663656884,1.0,23488.0,20501.0,23488.0,0.0,0.0,0.0,232.0,764.0,0.0,3.95,9240881.0,10000005.0,5000000,10000000,500000,2048,30,50,"1.0,0.25,1.0",search_mode,GS24473,5490cd9f7f689da7bf9a3be9cb9546d5a1100a63,30.50369,2026-04-17T15:06:16.554975+00:00,2026-04-17T15:06:47.058665+00:00,/home/barry/projects/github/Mixture-of-Prefetchers/artifacts/athena_traces/ligra_PageRankDelta.com-lj.ungraph.gcc_6.3.0_O3.drop_1250M.length_250M.champsimtrace.xz,/home/barry/projects/github/Mixture-of-Prefetchers/results/mop_lite_search/logs/ligra_PageRankDelta.com-lj.ungraph.gcc_6.3.0_O3.drop_1250M.length_250M__FixedSplit.out,/home/barry/projects/github/Mixture-of-Prefetchers/results/mop_lite_search/logs/ligra_PageRankDelta.com-lj.ungraph.gcc_6.3.0_O3.drop_1250M.length_250M__FixedSplit.err,/home/barry/projects/github/Mixture-of-Prefetchers/results/mop_lite_search/metrics/ligra_PageRankDelta.com-lj.ungraph.gcc_6.3.0_O3.drop_1250M.length_250M__FixedSplit.json,,"--warmup_instructions=5000000 --simulation_instructions=10000000 --llc_replacement_type=ship --config=/home/barry/projects/github/Mixture-of-Prefetchers/external/athena/config/nopref.ini --rob_partition_size=64,128,320 --rob_frontal_partition_ids=0 --rob_dorsal_partition_ids=2 --dram_io_freq=400 --config=/home/barry/projects/github/Mixture-of-Prefetchers/external/athena/config/mop_lite.ini --mop_router_type=0 --mop_seed=1 --l2c_prefetcher_types=scooby --config=/home/barry/projects/github/Mixture-of-Prefetchers/external/athena/config/pythia.ini --l2c_prefetcher_types=spp_ppf_dev --config=/home/barry/projects/github/Mixture-of-Prefetchers/external/athena/config/spp_ppf_dev.ini --l2c_prefetcher_force_prefetch_at_llc=true",20501.0
legacy,ligra_CF.com-lj.ungraph.gcc_6.3.0_O3.drop_154750M.length_250M,LIGRA,train,SMS,single,,,,,,0.46709,0.942264630529947,0.9617039675513187,0.49571,0.48569,1.0,165196.0,16.519598348040166,87862.0,87862.0,0.0,0.0,0.0,0.2737247046504746,0.0,0.0,0.0,0.0,0.0,0.0,0.0,0.0,0.0,0.0,174781.0,24050.0,165200.0,0.0,0.0,0.0,132053.0,198533.0,0.0,1.26,21409205.0,10000001.0,5000000,10000000,,,,,,search_mode,GS24473,5490cd9f7f689da7bf9a3be9cb9546d5a1100a63,78.008018,2026-04-17T15:05:30.996406+00:00,2026-04-17T15:06:49.004424+00:00,/home/barry/projects/github/Mixture-of-Prefetchers/artifacts/athena_traces/ligra_CF.com-lj.ungraph.gcc_6.3.0_O3.drop_154750M.length_250M.champsimtrace.xz,/home/barry/projects/github/Mixture-of-Prefetchers/results/mop_lite_search/logs/ligra_CF.com-lj.ungraph.gcc_6.3.0_O3.drop_154750M.length_250M__SMS.out,/home/barry/projects/github/Mixture-of-Prefetchers/results/mop_lite_search/logs/ligra_CF.com-lj.ungraph.gcc_6.3.0_O3.drop_154750M.length_250M__SMS.err,/home/barry/projects/github/Mixture-of-Prefetchers/results/mop_lite_search/metrics/ligra_CF.com-lj.ungraph.gcc_6.3.0_O3.drop_154750M.length_250M__SMS.json,,"--warmup_instructions=5000000 --simulation_instructions=10000000 --llc_replacement_type=ship --config=/home/barry/projects/github/Mixture-of-Prefetchers/external/athena/config/nopref.ini --rob_partition_size=64,128,320 --rob_frontal_partition_ids=0 --rob_dorsal_partition_ids=2 --dram_io_freq=400 --l2c_prefetcher_types=sms --config=/home/barry/projects/github/Mixture-of-Prefetchers/external/athena/config/sms.ini --l2c_prefetcher_force_prefetch_at_llc=true",24050.0
legacy,ligra_CF.com-lj.ungraph.gcc_6.3.0_O3.drop_154750M.length_250M,LIGRA,train,MoPLite,router,MoPLite,,Pythia,SPP+PPF,1,0.49403,0.9966109217082569,1.0171714468076345,0.49571,0.48569,1.0,165340.0,16.534,0.0,7454.0,0.0,0.0,0.0,0.0016098738932116983,3049.0,4405.0,2550.0,3684.0,6695.0,3545.0,5.0,4.0,0.8363397835355855,0.836322360953462,174779.0,12.0,165344.0,0.0,0.0,0.0,116688.0,158958.0,0.0,1.26,20241757.0,10000000.0,5000000,10000000,500000,2048,30,50,"1.0,0.25,1.0",search_mode,GS24473,5490cd9f7f689da7bf9a3be9cb9546d5a1100a63,79.008014,2026-04-17T15:05:33.012922+00:00,2026-04-17T15:06:52.020936+00:00,/home/barry/projects/github/Mixture-of-Prefetchers/artifacts/athena_traces/ligra_CF.com-lj.ungraph.gcc_6.3.0_O3.drop_154750M.length_250M.champsimtrace.xz,/home/barry/projects/github/Mixture-of-Prefetchers/results/mop_lite_search/logs/ligra_CF.com-lj.ungraph.gcc_6.3.0_O3.drop_154750M.length_250M__MoPLite.out,/home/barry/projects/github/Mixture-of-Prefetchers/results/mop_lite_search/logs/ligra_CF.com-lj.ungraph.gcc_6.3.0_O3.drop_154750M.length_250M__MoPLite.err,/home/barry/projects/github/Mixture-of-Prefetchers/results/mop_lite_search/metrics/ligra_CF.com-lj.ungraph.gcc_6.3.0_O3.drop_154750M.length_250M__MoPLite.json,,"--warmup_instructions=5000000 --simulation_instructions=10000000 --llc_replacement_type=ship --config=/home/barry/projects/github/Mixture-of-Prefetchers/external/athena/config/nopref.ini --rob_partition_size=64,128,320 --rob_frontal_partition_ids=0 --rob_dorsal_partition_ids=2 --dram_io_freq=400 --config=/home/barry/projects/github/Mixture-of-Prefetchers/external/athena/config/mop_lite.ini --mop_router_type=4 --mop_seed=1 --l2c_prefetcher_types=scooby --config=/home/barry/projects/github/Mixture-of-Prefetchers/external/athena/config/pythia.ini --l2c_prefetcher_types=spp_ppf_dev --config=/home/barry/projects/github/Mixture-of-Prefetchers/external/athena/config/spp_ppf_dev.ini --l2c_prefetcher_force_prefetch_at_llc=true",12.0
legacy,ligra_CF.com-lj.ungraph.gcc_6.3.0_O3.drop_154750M.length_250M,LIGRA,train,FixedSplit,router,FixedSplit,,Pythia,SPP+PPF,1,0.48748,0.9833975509874726,1.0036854783915667,0.49571,0.48569,1.0,165318.0,16.531798346820164,40960.0,40960.0,0.0,0.0,0.0,0.1651611328125,13136.0,28950.0,11051.0,23855.0,30720.0,30720.0,30.0,30.0,0.8412758830694276,0.8240069084628671,174782.0,6765.0,165322.0,0.0,0.0,0.0,126734.0,173769.0,0.0,1.26,20513835.0,10000001.0,5000000,10000000,500000,2048,30,50,"1.0,0.25,1.0",search_mode,GS24473,5490cd9f7f689da7bf9a3be9cb9546d5a1100a63,79.579319,2026-04-17T15:05:34.247660+00:00,2026-04-17T15:06:53.826979+00:00,/home/barry/projects/github/Mixture-of-Prefetchers/artifacts/athena_traces/ligra_CF.com-lj.ungraph.gcc_6.3.0_O3.drop_154750M.length_250M.champsimtrace.xz,/home/barry/projects/github/Mixture-of-Prefetchers/results/mop_lite_search/logs/ligra_CF.com-lj.ungraph.gcc_6.3.0_O3.drop_154750M.length_250M__FixedSplit.out,/home/barry/projects/github/Mixture-of-Prefetchers/results/mop_lite_search/logs/ligra_CF.com-lj.ungraph.gcc_6.3.0_O3.drop_154750M.length_250M__FixedSplit.err,/home/barry/projects/github/Mixture-of-Prefetchers/results/mop_lite_search/metrics/ligra_CF.com-lj.ungraph.gcc_6.3.0_O3.drop_154750M.length_250M__FixedSplit.json,,"--warmup_instructions=5000000 --simulation_instructions=10000000 --llc_replacement_type=ship --config=/home/barry/projects/github/Mixture-of-Prefetchers/external/athena/config/nopref.ini --rob_partition_size=64,128,320 --rob_frontal_partition_ids=0 --rob_dorsal_partition_ids=2 --dram_io_freq=400 --config=/home/barry/projects/github/Mixture-of-Prefetchers/external/athena/config/mop_lite.ini --mop_router_type=0 --mop_seed=1 --l2c_prefetcher_types=scooby --config=/home/barry/projects/github/Mixture-of-Prefetchers/external/athena/config/pythia.ini --l2c_prefetcher_types=spp_ppf_dev --config=/home/barry/projects/github/Mixture-of-Prefetchers/external/athena/config/spp_ppf_dev.ini --l2c_prefetcher_force_prefetch_at_llc=true",6765.0
legacy,ligra_CF.com-lj.ungraph.gcc_6.3.0_O3.drop_154750M.length_250M,LIGRA,train,SPP+PPF,single,,,,,,0.45941,0.926771701196264,0.9458914122176697,0.49571,0.48569,1.0,165256.0,16.525598347440166,159544.0,159544.0,0.0,0.0,0.0,0.22281000852429425,0.0,0.0,0.0,0.0,0.0,0.0,0.0,0.0,0.0,0.0,174781.0,35548.0,165260.0,0.0,0.0,0.0,156308.0,209453.0,0.0,1.26,21766869.0,10000001.0,5000000,10000000,,,,,,search_mode,GS24473,5490cd9f7f689da7bf9a3be9cb9546d5a1100a63,82.178564,2026-04-17T15:05:31.768467+00:00,2026-04-17T15:06:53.947031+00:00,/home/barry/projects/github/Mixture-of-Prefetchers/artifacts/athena_traces/ligra_CF.com-lj.ungraph.gcc_6.3.0_O3.drop_154750M.length_250M.champsimtrace.xz,/home/barry/projects/github/Mixture-of-Prefetchers/results/mop_lite_search/logs/ligra_CF.com-lj.ungraph.gcc_6.3.0_O3.drop_154750M.length_250M__SPPplusPPF.out,/home/barry/projects/github/Mixture-of-Prefetchers/results/mop_lite_search/logs/ligra_CF.com-lj.ungraph.gcc_6.3.0_O3.drop_154750M.length_250M__SPPplusPPF.err,/home/barry/projects/github/Mixture-of-Prefetchers/results/mop_lite_search/metrics/ligra_CF.com-lj.ungraph.gcc_6.3.0_O3.drop_154750M.length_250M__SPPplusPPF.json,,"--warmup_instructions=5000000 --simulation_instructions=10000000 --llc_replacement_type=ship --config=/home/barry/projects/github/Mixture-of-Prefetchers/external/athena/config/nopref.ini --rob_partition_size=64,128,320 --rob_frontal_partition_ids=0 --rob_dorsal_partition_ids=2 --dram_io_freq=400 --l2c_prefetcher_types=spp_ppf_dev --config=/home/barry/projects/github/Mixture-of-Prefetchers/external/athena/config/spp_ppf_dev.ini --l2c_prefetcher_force_prefetch_at_llc=true",35548.0
legacy,ligra_PageRankDelta.com-lj.ungraph.gcc_6.3.0_O3.drop_1250M.length_250M,LIGRA,train,WinnerTakeAll,router,WinnerTakeAll,,Pythia,SPP+PPF,1,1.08215,1.0000092409484909,1.0,1.08214,1.08215,1.0,23488.0,2.3487988256005874,40960.0,40960.0,0.0,0.0,0.0,0.287158203125,17354.0,1024.0,17352.0,1024.0,61440.0,0.0,30.0,0.0,0.9998847527947448,1.0,23488.0,11762.0,23488.0,0.0,0.0,0.0,208.0,858.0,0.0,3.95,9240881.0,10000005.0,5000000,10000000,500000,2048,30,50,"1.0,0.25,1.0",search_mode,GS24473,5490cd9f7f689da7bf9a3be9cb9546d5a1100a63,30.387586,2026-04-17T15:06:23.934161+00:00,2026-04-17T15:06:54.321747+00:00,/home/barry/projects/github/Mixture-of-Prefetchers/artifacts/athena_traces/ligra_PageRankDelta.com-lj.ungraph.gcc_6.3.0_O3.drop_1250M.length_250M.champsimtrace.xz,/home/barry/projects/github/Mixture-of-Prefetchers/results/mop_lite_search/logs/ligra_PageRankDelta.com-lj.ungraph.gcc_6.3.0_O3.drop_1250M.length_250M__WinnerTakeAll.out,/home/barry/projects/github/Mixture-of-Prefetchers/results/mop_lite_search/logs/ligra_PageRankDelta.com-lj.ungraph.gcc_6.3.0_O3.drop_1250M.length_250M__WinnerTakeAll.err,/home/barry/projects/github/Mixture-of-Prefetchers/results/mop_lite_search/metrics/ligra_PageRankDelta.com-lj.ungraph.gcc_6.3.0_O3.drop_1250M.length_250M__WinnerTakeAll.json,,"--warmup_instructions=5000000 --simulation_instructions=10000000 --llc_replacement_type=ship --config=/home/barry/projects/github/Mixture-of-Prefetchers/external/athena/config/nopref.ini --rob_partition_size=64,128,320 --rob_frontal_partition_ids=0 --rob_dorsal_partition_ids=2 --dram_io_freq=400 --config=/home/barry/projects/github/Mixture-of-Prefetchers/external/athena/config/mop_lite.ini --mop_router_type=1 --mop_seed=1 --l2c_prefetcher_types=scooby --config=/home/barry/projects/github/Mixture-of-Prefetchers/external/athena/config/pythia.ini --l2c_prefetcher_types=spp_ppf_dev --config=/home/barry/projects/github/Mixture-of-Prefetchers/external/athena/config/spp_ppf_dev.ini --l2c_prefetcher_force_prefetch_at_llc=true",11762.0
legacy,ligra_CF.com-lj.ungraph.gcc_6.3.0_O3.drop_154750M.length_250M,LIGRA,train,MLOP,single,,,,,,0.29162,0.5882875068084162,0.6004241388540015,0.49571,0.48569,1.0,165319.0,16.531898346810166,330626.0,330626.0,0.0,0.0,0.0,0.27205664406308033,0.0,0.0,0.0,0.0,0.0,0.0,0.0,0.0,0.0,0.0,174788.0,89949.0,165323.0,0.0,0.0,0.0,150452.0,394815.0,0.0,1.26,34291067.0,10000001.0,5000000,10000000,,,,,,search_mode,GS24473,5490cd9f7f689da7bf9a3be9cb9546d5a1100a63,96.960606,2026-04-17T15:05:20.330758+00:00,2026-04-17T15:06:57.291364+00:00,/home/barry/projects/github/Mixture-of-Prefetchers/artifacts/athena_traces/ligra_CF.com-lj.ungraph.gcc_6.3.0_O3.drop_154750M.length_250M.champsimtrace.xz,/home/barry/projects/github/Mixture-of-Prefetchers/results/mop_lite_search/logs/ligra_CF.com-lj.ungraph.gcc_6.3.0_O3.drop_154750M.length_250M__MLOP.out,/home/barry/projects/github/Mixture-of-Prefetchers/results/mop_lite_search/logs/ligra_CF.com-lj.ungraph.gcc_6.3.0_O3.drop_154750M.length_250M__MLOP.err,/home/barry/projects/github/Mixture-of-Prefetchers/results/mop_lite_search/metrics/ligra_CF.com-lj.ungraph.gcc_6.3.0_O3.drop_154750M.length_250M__MLOP.json,,"--warmup_instructions=5000000 --simulation_instructions=10000000 --llc_replacement_type=ship --config=/home/barry/projects/github/Mixture-of-Prefetchers/external/athena/config/nopref.ini --rob_partition_size=64,128,320 --rob_frontal_partition_ids=0 --rob_dorsal_partition_ids=2 --dram_io_freq=400 --l2c_prefetcher_types=mlop --config=/home/barry/projects/github/Mixture-of-Prefetchers/external/athena/config/mlop.ini --l2c_prefetcher_force_prefetch_at_llc=true",89949.0
legacy,ligra_CF.com-lj.ungraph.gcc_6.3.0_O3.drop_154750M.length_250M,LIGRA,train,WinnerTakeAll,router,WinnerTakeAll,,Pythia,SPP+PPF,1,0.48537,0.9791410300377238,0.9993411435277646,0.49571,0.48569,1.0,165311.0,16.531098346890165,40960.0,40960.0,0.0,0.0,0.0,0.2036865234375,13282.0,28018.0,11193.0,22514.0,32768.0,28672.0,16.0,14.0,0.8427194699593434,0.8035548575915483,174781.0,8343.0,165315.0,0.0,0.0,0.0,129019.0,177023.0,0.0,1.26,20602775.0,10000001.0,5000000,10000000,500000,2048,30,50,"1.0,0.25,1.0",search_mode,GS24473,5490cd9f7f689da7bf9a3be9cb9546d5a1100a63,82.620867,2026-04-17T15:05:34.921790+00:00,2026-04-17T15:06:57.542657+00:00,/home/barry/projects/github/Mixture-of-Prefetchers/artifacts/athena_traces/ligra_CF.com-lj.ungraph.gcc_6.3.0_O3.drop_154750M.length_250M.champsimtrace.xz,/home/barry/projects/github/Mixture-of-Prefetchers/results/mop_lite_search/logs/ligra_CF.com-lj.ungraph.gcc_6.3.0_O3.drop_154750M.length_250M__WinnerTakeAll.out,/home/barry/projects/github/Mixture-of-Prefetchers/results/mop_lite_search/logs/ligra_CF.com-lj.ungraph.gcc_6.3.0_O3.drop_154750M.length_250M__WinnerTakeAll.err,/home/barry/projects/github/Mixture-of-Prefetchers/results/mop_lite_search/metrics/ligra_CF.com-lj.ungraph.gcc_6.3.0_O3.drop_154750M.length_250M__WinnerTakeAll.json,,"--warmup_instructions=5000000 --simulation_instructions=10000000 --llc_replacement_type=ship --config=/home/barry/projects/github/Mixture-of-Prefetchers/external/athena/config/nopref.ini --rob_partition_size=64,128,320 --rob_frontal_partition_ids=0 --rob_dorsal_partition_ids=2 --dram_io_freq=400 --config=/home/barry/projects/github/Mixture-of-Prefetchers/external/athena/config/mop_lite.ini --mop_router_type=1 --mop_seed=1 --l2c_prefetcher_types=scooby --config=/home/barry/projects/github/Mixture-of-Prefetchers/external/athena/config/pythia.ini --l2c_prefetcher_types=spp_ppf_dev --config=/home/barry/projects/github/Mixture-of-Prefetchers/external/athena/config/spp_ppf_dev.ini --l2c_prefetcher_force_prefetch_at_llc=true",8343.0
legacy,ligra_PageRankDelta.com-lj.ungraph.gcc_6.3.0_O3.drop_1250M.length_250M,LIGRA,train,AthenaMAB,builtin,,AthenaMAB,Pythia,SPP+PPF,,1.08215,1.0000092409484909,1.0,1.08214,1.08215,1.0,23488.0,2.3488,83085.0,83085.0,0.0,0.0,0.0,0.23657699945838598,23157.0,23001.0,23087.0,22981.0,0.0,0.0,0.0,0.0,0.9969771559355702,0.9991304725881484,23488.0,19656.0,23488.0,0.0,0.0,0.0,208.0,1256.0,0.0,3.95,9240868.0,10000000.0,5000000,10000000,500000,,,,,search_mode,GS24473,5490cd9f7f689da7bf9a3be9cb9546d5a1100a63,28.231217,2026-04-17T15:06:33.055962+00:00,2026-04-17T15:07:01.287179+00:00,/home/barry/projects/github/Mixture-of-Prefetchers/artifacts/athena_traces/ligra_PageRankDelta.com-lj.ungraph.gcc_6.3.0_O3.drop_1250M.length_250M.champsimtrace.xz,/home/barry/projects/github/Mixture-of-Prefetchers/results/mop_lite_search/logs/ligra_PageRankDelta.com-lj.ungraph.gcc_6.3.0_O3.drop_1250M.length_250M__AthenaMAB.out,/home/barry/projects/github/Mixture-of-Prefetchers/results/mop_lite_search/logs/ligra_PageRankDelta.com-lj.ungraph.gcc_6.3.0_O3.drop_1250M.length_250M__AthenaMAB.err,/home/barry/projects/github/Mixture-of-Prefetchers/results/mop_lite_search/metrics/ligra_PageRankDelta.com-lj.ungraph.gcc_6.3.0_O3.drop_1250M.length_250M__AthenaMAB.json,,"--warmup_instructions=5000000 --simulation_instructions=10000000 --llc_replacement_type=ship --config=/home/barry/projects/github/Mixture-of-Prefetchers/external/athena/config/nopref.ini --rob_partition_size=64,128,320 --rob_frontal_partition_ids=0 --rob_dorsal_partition_ids=2 --dram_io_freq=400 --config=/home/barry/projects/github/Mixture-of-Prefetchers/external/athena/config/mop_lite_mab.ini --l2c_prefetcher_types=scooby --config=/home/barry/projects/github/Mixture-of-Prefetchers/external/athena/config/pythia.ini --l2c_prefetcher_types=spp_ppf_dev --config=/home/barry/projects/github/Mixture-of-Prefetchers/external/athena/config/spp_ppf_dev.ini --l2c_prefetcher_force_prefetch_at_llc=true",19656.0
legacy,ligra_CF.com-lj.ungraph.gcc_6.3.0_O3.drop_154750M.length_250M,LIGRA,train,AthenaMAB,builtin,,AthenaMAB,Pythia,SPP+PPF,,0.49529,0.9991527304270642,1.0197656941670612,0.49571,0.48569,1.0,165312.0,16.531198346880164,50519.0,50519.0,0.0,0.0,0.0,0.16150359270769413,48807.0,40929.0,39318.0,32129.0,0.0,0.0,0.0,0.0,0.8055811666359334,0.7849935253732072,174785.0,8159.0,165316.0,0.0,0.0,0.0,119887.0,161940.0,0.0,1.26,20190369.0,10000001.0,5000000,10000000,500000,,,,,search_mode,GS24473,5490cd9f7f689da7bf9a3be9cb9546d5a1100a63,77.383693,2026-04-17T15:05:46.024624+00:00,2026-04-17T15:07:03.408317+00:00,/home/barry/projects/github/Mixture-of-Prefetchers/artifacts/athena_traces/ligra_CF.com-lj.ungraph.gcc_6.3.0_O3.drop_154750M.length_250M.champsimtrace.xz,/home/barry/projects/github/Mixture-of-Prefetchers/results/mop_lite_search/logs/ligra_CF.com-lj.ungraph.gcc_6.3.0_O3.drop_154750M.length_250M__AthenaMAB.out,/home/barry/projects/github/Mixture-of-Prefetchers/results/mop_lite_search/logs/ligra_CF.com-lj.ungraph.gcc_6.3.0_O3.drop_154750M.length_250M__AthenaMAB.err,/home/barry/projects/github/Mixture-of-Prefetchers/results/mop_lite_search/metrics/ligra_CF.com-lj.ungraph.gcc_6.3.0_O3.drop_154750M.length_250M__AthenaMAB.json,,"--warmup_instructions=5000000 --simulation_instructions=10000000 --llc_replacement_type=ship --config=/home/barry/projects/github/Mixture-of-Prefetchers/external/athena/config/nopref.ini --rob_partition_size=64,128,320 --rob_frontal_partition_ids=0 --rob_dorsal_partition_ids=2 --dram_io_freq=400 --config=/home/barry/projects/github/Mixture-of-Prefetchers/external/athena/config/mop_lite_mab.ini --l2c_prefetcher_types=scooby --config=/home/barry/projects/github/Mixture-of-Prefetchers/external/athena/config/pythia.ini --l2c_prefetcher_types=spp_ppf_dev --config=/home/barry/projects/github/Mixture-of-Prefetchers/external/athena/config/spp_ppf_dev.ini --l2c_prefetcher_force_prefetch_at_llc=true",8159.0
legacy,secret_compute_fp_45,CVP,train,Baseline,baseline,,,,,,0.13502,1.0,0.8651246235663486,0.13502,0.15607,0.0,587899.0,58.78988236303529,0.0,0.0,0.0,0.0,0.0,0.0,0.0,0.0,0.0,0.0,0.0,0.0,0.0,0.0,0.0,0.0,587298.0,0.0,587954.0,0.0,0.0,0.0,332787.0,656712.0,0.0,0.34,74065725.0,10000003.0,5000000,10000000,,,,,,search_mode,GS24473,5490cd9f7f689da7bf9a3be9cb9546d5a1100a63,171.551509,2026-04-17T15:06:36.615609+00:00,2026-04-17T15:09:28.167118+00:00,/home/barry/projects/github/Mixture-of-Prefetchers/artifacts/athena_traces/compute_fp_45.champsim.gz,/home/barry/projects/github/Mixture-of-Prefetchers/results/mop_lite_search/logs/secret_compute_fp_45__Baseline.out,/home/barry/projects/github/Mixture-of-Prefetchers/results/mop_lite_search/logs/secret_compute_fp_45__Baseline.err,/home/barry/projects/github/Mixture-of-Prefetchers/results/mop_lite_search/metrics/secret_compute_fp_45__Baseline.json,,"--warmup_instructions=5000000 --simulation_instructions=10000000 --llc_replacement_type=ship --config=/home/barry/projects/github/Mixture-of-Prefetchers/external/athena/config/nopref.ini --rob_partition_size=64,128,320 --rob_frontal_partition_ids=0 --rob_dorsal_partition_ids=2 --dram_io_freq=400",0.0
legacy,secret_compute_fp_45,CVP,train,MLOP,single,,,,,,0.15901,1.1776773811287218,1.0188377010315885,0.13502,0.15607,1.0,587898.0,58.78978236306529,466230.0,466230.0,0.0,0.0,0.0,0.8826587735666945,0.0,0.0,0.0,0.0,0.0,0.0,0.0,0.0,0.0,0.0,587297.0,411522.0,587953.0,0.0,0.0,0.0,240354.0,692592.0,0.0,0.34,62889795.0,10000003.0,5000000,10000000,,,,,,search_mode,GS24473,5490cd9f7f689da7bf9a3be9cb9546d5a1100a63,169.400825,2026-04-17T15:06:39.181512+00:00,2026-04-17T15:09:28.582337+00:00,/home/barry/projects/github/Mixture-of-Prefetchers/artifacts/athena_traces/compute_fp_45.champsim.gz,/home/barry/projects/github/Mixture-of-Prefetchers/results/mop_lite_search/logs/secret_compute_fp_45__MLOP.out,/home/barry/projects/github/Mixture-of-Prefetchers/results/mop_lite_search/logs/secret_compute_fp_45__MLOP.err,/home/barry/projects/github/Mixture-of-Prefetchers/results/mop_lite_search/metrics/secret_compute_fp_45__MLOP.json,,"--warmup_instructions=5000000 --simulation_instructions=10000000 --llc_replacement_type=ship --config=/home/barry/projects/github/Mixture-of-Prefetchers/external/athena/config/nopref.ini --rob_partition_size=64,128,320 --rob_frontal_partition_ids=0 --rob_dorsal_partition_ids=2 --dram_io_freq=400 --l2c_prefetcher_types=mlop --config=/home/barry/projects/github/Mixture-of-Prefetchers/external/athena/config/mlop.ini --l2c_prefetcher_force_prefetch_at_llc=true",411522.0
legacy,secret_compute_fp_45,CVP,train,SMS,single,,,,,,0.13585,1.0061472374463043,0.8704427500480554,0.13502,0.15607,1.0,587900.0,58.789982363005294,114287.0,114287.0,0.0,0.0,0.0,0.6298704139578429,0.0,0.0,0.0,0.0,0.0,0.0,0.0,0.0,0.0,0.0,587299.0,71986.0,587955.0,0.0,0.0,0.0,314263.0,674690.0,0.0,0.34,73612902.0,10000003.0,5000000,10000000,,,,,,search_mode,GS24473,5490cd9f7f689da7bf9a3be9cb9546d5a1100a63,172.663784,2026-04-17T15:06:42.425482+00:00,2026-04-17T15:09:35.089266+00:00,/home/barry/projects/github/Mixture-of-Prefetchers/artifacts/athena_traces/compute_fp_45.champsim.gz,/home/barry/projects/github/Mixture-of-Prefetchers/results/mop_lite_search/logs/secret_compute_fp_45__SMS.out,/home/barry/projects/github/Mixture-of-Prefetchers/results/mop_lite_search/logs/secret_compute_fp_45__SMS.err,/home/barry/projects/github/Mixture-of-Prefetchers/results/mop_lite_search/metrics/secret_compute_fp_45__SMS.json,,"--warmup_instructions=5000000 --simulation_instructions=10000000 --llc_replacement_type=ship --config=/home/barry/projects/github/Mixture-of-Prefetchers/external/athena/config/nopref.ini --rob_partition_size=64,128,320 --rob_frontal_partition_ids=0 --rob_dorsal_partition_ids=2 --dram_io_freq=400 --l2c_prefetcher_types=sms --config=/home/barry/projects/github/Mixture-of-Prefetchers/external/athena/config/sms.ini --l2c_prefetcher_force_prefetch_at_llc=true",71986.0
legacy,secret_compute_fp_45,CVP,train,SPP+PPF,single,,,,,,0.15607,1.1559028292104871,1.0,0.13502,0.15607,1.0,587898.0,58.78978236306529,646287.0,646287.0,0.0,0.0,0.0,0.39221738948795193,0.0,0.0,0.0,0.0,0.0,0.0,0.0,0.0,0.0,0.0,587297.0,253485.0,587953.0,0.0,0.0,0.0,286580.0,696860.0,0.0,0.34,64072283.0,10000003.0,5000000,10000000,,,,,,search_mode,GS24473,5490cd9f7f689da7bf9a3be9cb9546d5a1100a63,171.989358,2026-04-17T15:06:45.160788+00:00,2026-04-17T15:09:37.150146+00:00,/home/barry/projects/github/Mixture-of-Prefetchers/artifacts/athena_traces/compute_fp_45.champsim.gz,/home/barry/projects/github/Mixture-of-Prefetchers/results/mop_lite_search/logs/secret_compute_fp_45__SPPplusPPF.out,/home/barry/projects/github/Mixture-of-Prefetchers/results/mop_lite_search/logs/secret_compute_fp_45__SPPplusPPF.err,/home/barry/projects/github/Mixture-of-Prefetchers/results/mop_lite_search/metrics/secret_compute_fp_45__SPPplusPPF.json,,"--warmup_instructions=5000000 --simulation_instructions=10000000 --llc_replacement_type=ship --config=/home/barry/projects/github/Mixture-of-Prefetchers/external/athena/config/nopref.ini --rob_partition_size=64,128,320 --rob_frontal_partition_ids=0 --rob_dorsal_partition_ids=2 --dram_io_freq=400 --l2c_prefetcher_types=spp_ppf_dev --config=/home/barry/projects/github/Mixture-of-Prefetchers/external/athena/config/spp_ppf_dev.ini --l2c_prefetcher_force_prefetch_at_llc=true",253485.0
legacy,secret_compute_fp_45,CVP,train,Pythia,single,,,,,,0.15546,1.1513849800029625,0.9960914974050106,0.13502,0.15607,1.0,587898.0,58.78978236306529,1865116.0,1865116.0,0.0,0.0,0.0,0.18253020187484317,0.0,0.0,0.0,0.0,0.0,0.0,0.0,0.0,0.0,0.0,587297.0,340440.0,587953.0,0.0,0.0,0.0,272286.0,724568.0,0.0,0.34,64326729.0,10000003.0,5000000,10000000,,,,,,search_mode,GS24473,5490cd9f7f689da7bf9a3be9cb9546d5a1100a63,180.47491,2026-04-17T15:06:39.273806+00:00,2026-04-17T15:09:39.748716+00:00,/home/barry/projects/github/Mixture-of-Prefetchers/artifacts/athena_traces/compute_fp_45.champsim.gz,/home/barry/projects/github/Mixture-of-Prefetchers/results/mop_lite_search/logs/secret_compute_fp_45__Pythia.out,/home/barry/projects/github/Mixture-of-Prefetchers/results/mop_lite_search/logs/secret_compute_fp_45__Pythia.err,/home/barry/projects/github/Mixture-of-Prefetchers/results/mop_lite_search/metrics/secret_compute_fp_45__Pythia.json,,"--warmup_instructions=5000000 --simulation_instructions=10000000 --llc_replacement_type=ship --config=/home/barry/projects/github/Mixture-of-Prefetchers/external/athena/config/nopref.ini --rob_partition_size=64,128,320 --rob_frontal_partition_ids=0 --rob_dorsal_partition_ids=2 --dram_io_freq=400 --l2c_prefetcher_types=scooby --config=/home/barry/projects/github/Mixture-of-Prefetchers/external/athena/config/pythia.ini --l2c_prefetcher_force_prefetch_at_llc=true",340440.0
legacy,secret_compute_int_568,CVP,train,Baseline,baseline,,,,,,0.08659,1.0,1.0283847980997625,0.08659,0.0842,0.0,780337.0,78.03368439326312,0.0,0.0,0.0,0.0,0.0,0.0,0.0,0.0,0.0,0.0,0.0,0.0,0.0,0.0,0.0,0.0,1203128.0,0.0,794231.0,0.0,0.0,0.0,517063.0,179418.0,0.0,9.25,115480811.0,10000002.0,5000000,10000000,,,,,,search_mode,GS24473,5490cd9f7f689da7bf9a3be9cb9546d5a1100a63,168.443575,2026-04-17T15:06:53.947100+00:00,2026-04-17T15:09:42.390675+00:00,/home/barry/projects/github/Mixture-of-Prefetchers/artifacts/athena_traces/compute_int_568.champsim.gz,/home/barry/projects/github/Mixture-of-Prefetchers/results/mop_lite_search/logs/secret_compute_int_568__Baseline.out,/home/barry/projects/github/Mixture-of-Prefetchers/results/mop_lite_search/logs/secret_compute_int_568__Baseline.err,/home/barry/projects/github/Mixture-of-Prefetchers/results/mop_lite_search/metrics/secret_compute_int_568__Baseline.json,,"--warmup_instructions=5000000 --simulation_instructions=10000000 --llc_replacement_type=ship --config=/home/barry/projects/github/Mixture-of-Prefetchers/external/athena/config/nopref.ini --rob_partition_size=64,128,320 --rob_frontal_partition_ids=0 --rob_dorsal_partition_ids=2 --dram_io_freq=400",0.0
legacy,secret_compute_fp_45,CVP,train,MoPLite,router,MoPLite,,Pythia,SPP+PPF,1,0.1347,0.9976299807435934,0.8630742615493048,0.13502,0.15607,1.0,587899.0,58.78988236303529,38263.0,38263.0,0.0,0.0,0.0,0.20032407286412462,13046.0,21571.0,12434.0,21948.0,37125.0,24315.0,30.0,30.0,0.9530890694465737,1.0174771684205646,587298.0,7665.0,587954.0,0.0,0.0,0.0,332642.0,659491.0,0.0,0.34,74238243.0,10000003.0,5000000,10000000,500000,2048,30,50,"1.0,0.25,1.0",search_mode,GS24473,5490cd9f7f689da7bf9a3be9cb9546d5a1100a63,182.480814,2026-04-17T15:06:47.058726+00:00,2026-04-17T15:09:49.539540+00:00,/home/barry/projects/github/Mixture-of-Prefetchers/artifacts/athena_traces/compute_fp_45.champsim.gz,/home/barry/projects/github/Mixture-of-Prefetchers/results/mop_lite_search/logs/secret_compute_fp_45__MoPLite.out,/home/barry/projects/github/Mixture-of-Prefetchers/results/mop_lite_search/logs/secret_compute_fp_45__MoPLite.err,/home/barry/projects/github/Mixture-of-Prefetchers/results/mop_lite_search/metrics/secret_compute_fp_45__MoPLite.json,,"--warmup_instructions=5000000 --simulation_instructions=10000000 --llc_replacement_type=ship --config=/home/barry/projects/github/Mixture-of-Prefetchers/external/athena/config/nopref.ini --rob_partition_size=64,128,320 --rob_frontal_partition_ids=0 --rob_dorsal_partition_ids=2 --dram_io_freq=400 --config=/home/barry/projects/github/Mixture-of-Prefetchers/external/athena/config/mop_lite.ini --mop_router_type=4 --mop_seed=1 --l2c_prefetcher_types=scooby --config=/home/barry/projects/github/Mixture-of-Prefetchers/external/athena/config/pythia.ini --l2c_prefetcher_types=spp_ppf_dev --config=/home/barry/projects/github/Mixture-of-Prefetchers/external/athena/config/spp_ppf_dev.ini --l2c_prefetcher_force_prefetch_at_llc=true",7665.0
legacy,secret_compute_fp_45,CVP,train,FixedSplit,router,FixedSplit,,Pythia,SPP+PPF,1,0.13503,1.0000740631017628,0.8651886973793812,0.13502,0.15607,1.0,587899.0,58.78988236303529,38902.0,38902.0,0.0,0.0,0.0,0.25034702585985297,11274.0,27253.0,11079.0,27407.0,30720.0,30720.0,30.0,30.0,0.9827035657264502,1.0056507540454263,587298.0,9739.0,587954.0,0.0,0.0,0.0,333350.0,660647.0,0.0,0.34,74058077.0,10000003.0,5000000,10000000,500000,2048,30,50,"1.0,0.25,1.0",search_mode,GS24473,5490cd9f7f689da7bf9a3be9cb9546d5a1100a63,182.191744,2026-04-17T15:06:49.004510+00:00,2026-04-17T15:09:51.196254+00:00,/home/barry/projects/github/Mixture-of-Prefetchers/artifacts/athena_traces/compute_fp_45.champsim.gz,/home/barry/projects/github/Mixture-of-Prefetchers/results/mop_lite_search/logs/secret_compute_fp_45__FixedSplit.out,/home/barry/projects/github/Mixture-of-Prefetchers/results/mop_lite_search/logs/secret_compute_fp_45__FixedSplit.err,/home/barry/projects/github/Mixture-of-Prefetchers/results/mop_lite_search/metrics/secret_compute_fp_45__FixedSplit.json,,"--warmup_instructions=5000000 --simulation_instructions=10000000 --llc_replacement_type=ship --config=/home/barry/projects/github/Mixture-of-Prefetchers/external/athena/config/nopref.ini --rob_partition_size=64,128,320 --rob_frontal_partition_ids=0 --rob_dorsal_partition_ids=2 --dram_io_freq=400 --config=/home/barry/projects/github/Mixture-of-Prefetchers/external/athena/config/mop_lite.ini --mop_router_type=0 --mop_seed=1 --l2c_prefetcher_types=scooby --config=/home/barry/projects/github/Mixture-of-Prefetchers/external/athena/config/pythia.ini --l2c_prefetcher_types=spp_ppf_dev --config=/home/barry/projects/github/Mixture-of-Prefetchers/external/athena/config/spp_ppf_dev.ini --l2c_prefetcher_force_prefetch_at_llc=true",9739.0
legacy,secret_compute_fp_45,CVP,train,WinnerTakeAll,router,WinnerTakeAll,,Pythia,SPP+PPF,1,0.13553,1.0037772181898978,0.8683923880310118,0.13502,0.15607,1.0,587899.0,58.78988236303529,39393.0,39393.0,0.0,0.0,0.0,0.3052318939913183,9904.0,28099.0,9417.0,28409.0,28672.0,32768.0,14.0,16.0,0.9508279483037156,1.0110324210826007,587298.0,12024.0,587954.0,0.0,0.0,0.0,330961.0,661976.0,0.0,0.34,73783926.0,10000003.0,5000000,10000000,500000,2048,30,50,"1.0,0.25,1.0",search_mode,GS24473,5490cd9f7f689da7bf9a3be9cb9546d5a1100a63,181.580962,2026-04-17T15:06:52.021006+00:00,2026-04-17T15:09:53.601968+00:00,/home/barry/projects/github/Mixture-of-Prefetchers/artifacts/athena_traces/compute_fp_45.champsim.gz,/home/barry/projects/github/Mixture-of-Prefetchers/results/mop_lite_search/logs/secret_compute_fp_45__WinnerTakeAll.out,/home/barry/projects/github/Mixture-of-Prefetchers/results/mop_lite_search/logs/secret_compute_fp_45__WinnerTakeAll.err,/home/barry/projects/github/Mixture-of-Prefetchers/results/mop_lite_search/metrics/secret_compute_fp_45__WinnerTakeAll.json,,"--warmup_instructions=5000000 --simulation_instructions=10000000 --llc_replacement_type=ship --config=/home/barry/projects/github/Mixture-of-Prefetchers/external/athena/config/nopref.ini --rob_partition_size=64,128,320 --rob_frontal_partition_ids=0 --rob_dorsal_partition_ids=2 --dram_io_freq=400 --config=/home/barry/projects/github/Mixture-of-Prefetchers/external/athena/config/mop_lite.ini --mop_router_type=1 --mop_seed=1 --l2c_prefetcher_types=scooby --config=/home/barry/projects/github/Mixture-of-Prefetchers/external/athena/config/pythia.ini --l2c_prefetcher_types=spp_ppf_dev --config=/home/barry/projects/github/Mixture-of-Prefetchers/external/athena/config/spp_ppf_dev.ini --l2c_prefetcher_force_prefetch_at_llc=true",12024.0
legacy,secret_compute_fp_45,CVP,train,AthenaMAB,builtin,,AthenaMAB,Pythia,SPP+PPF,,0.13819,1.0234780032587765,0.885436022297687,0.13502,0.15607,1.0,587899.0,58.78988236303529,247698.0,247698.0,0.0,0.0,0.0,0.20000565204402135,186090.0,171291.0,172080.0,164483.0,0.0,0.0,0.0,0.0,0.9247138481379977,0.9602547711204908,587298.0,49541.0,587954.0,0.0,0.0,0.0,322528.0,664549.0,0.0,0.34,72362476.0,10000003.0,5000000,10000000,500000,,,,,search_mode,GS24473,5490cd9f7f689da7bf9a3be9cb9546d5a1100a63,182.866177,2026-04-17T15:06:53.827044+00:00,2026-04-17T15:09:56.693221+00:00,/home/barry/projects/github/Mixture-of-Prefetchers/artifacts/athena_traces/compute_fp_45.champsim.gz,/home/barry/projects/github/Mixture-of-Prefetchers/results/mop_lite_search/logs/secret_compute_fp_45__AthenaMAB.out,/home/barry/projects/github/Mixture-of-Prefetchers/results/mop_lite_search/logs/secret_compute_fp_45__AthenaMAB.err,/home/barry/projects/github/Mixture-of-Prefetchers/results/mop_lite_search/metrics/secret_compute_fp_45__AthenaMAB.json,,"--warmup_instructions=5000000 --simulation_instructions=10000000 --llc_replacement_type=ship --config=/home/barry/projects/github/Mixture-of-Prefetchers/external/athena/config/nopref.ini --rob_partition_size=64,128,320 --rob_frontal_partition_ids=0 --rob_dorsal_partition_ids=2 --dram_io_freq=400 --config=/home/barry/projects/github/Mixture-of-Prefetchers/external/athena/config/mop_lite_mab.ini --l2c_prefetcher_types=scooby --config=/home/barry/projects/github/Mixture-of-Prefetchers/external/athena/config/pythia.ini --l2c_prefetcher_types=spp_ppf_dev --config=/home/barry/projects/github/Mixture-of-Prefetchers/external/athena/config/spp_ppf_dev.ini --l2c_prefetcher_force_prefetch_at_llc=true",49541.0
legacy,secret_compute_int_568,CVP,train,SPP+PPF,single,,,,,,0.0816,0.9423720983947339,0.9691211401425179,0.08659,0.0842,1.0,782494.0,78.2494,662754.0,662754.0,0.0,0.0,0.0,0.1196145176038168,0.0,0.0,0.0,0.0,0.0,0.0,0.0,0.0,0.0,0.0,1203105.0,79275.0,796398.0,0.0,0.0,0.0,759155.0,579602.0,0.0,9.25,122549017.0,10000000.0,5000000,10000000,,,,,,search_mode,GS24473,5490cd9f7f689da7bf9a3be9cb9546d5a1100a63,189.243905,2026-04-17T15:07:01.287227+00:00,2026-04-17T15:10:10.531132+00:00,/home/barry/projects/github/Mixture-of-Prefetchers/artifacts/athena_traces/compute_int_568.champsim.gz,/home/barry/projects/github/Mixture-of-Prefetchers/results/mop_lite_search/logs/secret_compute_int_568__SPPplusPPF.out,/home/barry/projects/github/Mixture-of-Prefetchers/results/mop_lite_search/logs/secret_compute_int_568__SPPplusPPF.err,/home/barry/projects/github/Mixture-of-Prefetchers/results/mop_lite_search/metrics/secret_compute_int_568__SPPplusPPF.json,,"--warmup_instructions=5000000 --simulation_instructions=10000000 --llc_replacement_type=ship --config=/home/barry/projects/github/Mixture-of-Prefetchers/external/athena/config/nopref.ini --rob_partition_size=64,128,320 --rob_frontal_partition_ids=0 --rob_dorsal_partition_ids=2 --dram_io_freq=400 --l2c_prefetcher_types=spp_ppf_dev --config=/home/barry/projects/github/Mixture-of-Prefetchers/external/athena/config/spp_ppf_dev.ini --l2c_prefetcher_force_prefetch_at_llc=true",79275.0
legacy,secret_compute_int_568,CVP,train,Pythia,single,,,,,,0.0842,0.9723986603533895,1.0,0.08659,0.0842,1.0,779363.0,77.9363,343988.0,343988.0,0.0,0.0,0.0,0.10760840494435853,0.0,0.0,0.0,0.0,0.0,0.0,0.0,0.0,0.0,0.0,1203106.0,37016.0,793254.0,0.0,0.0,0.0,641781.0,382292.0,0.0,9.25,118763137.0,10000000.0,5000000,10000000,,,,,,search_mode,GS24473,5490cd9f7f689da7bf9a3be9cb9546d5a1100a63,194.225363,2026-04-17T15:06:57.291410+00:00,2026-04-17T15:10:11.516773+00:00,/home/barry/projects/github/Mixture-of-Prefetchers/artifacts/athena_traces/compute_int_568.champsim.gz,/home/barry/projects/github/Mixture-of-Prefetchers/results/mop_lite_search/logs/secret_compute_int_568__Pythia.out,/home/barry/projects/github/Mixture-of-Prefetchers/results/mop_lite_search/logs/secret_compute_int_568__Pythia.err,/home/barry/projects/github/Mixture-of-Prefetchers/results/mop_lite_search/metrics/secret_compute_int_568__Pythia.json,,"--warmup_instructions=5000000 --simulation_instructions=10000000 --llc_replacement_type=ship --config=/home/barry/projects/github/Mixture-of-Prefetchers/external/athena/config/nopref.ini --rob_partition_size=64,128,320 --rob_frontal_partition_ids=0 --rob_dorsal_partition_ids=2 --dram_io_freq=400 --l2c_prefetcher_types=scooby --config=/home/barry/projects/github/Mixture-of-Prefetchers/external/athena/config/pythia.ini --l2c_prefetcher_force_prefetch_at_llc=true",37016.0
legacy,secret_compute_int_568,CVP,train,MoPLite,router,MoPLite,,Pythia,SPP+PPF,1,0.08624,0.9959579628132579,1.024228028503563,0.08659,0.0842,1.0,780001.0,78.00008439998312,0.0,7812.0,0.0,0.0,0.0,0.0,3623.0,4189.0,3874.0,4129.0,2652.0,3492.0,2.0,3.0,1.069279602539332,0.9856767724994032,1203113.0,0.0,793823.0,0.0,0.0,0.0,520244.0,185403.0,0.0,9.25,115951259.0,10000002.0,5000000,10000000,500000,2048,30,50,"1.0,0.25,1.0",search_mode,GS24473,5490cd9f7f689da7bf9a3be9cb9546d5a1100a63,188.262124,2026-04-17T15:07:03.408526+00:00,2026-04-17T15:10:11.670650+00:00,/home/barry/projects/github/Mixture-of-Prefetchers/artifacts/athena_traces/compute_int_568.champsim.gz,/home/barry/projects/github/Mixture-of-Prefetchers/results/mop_lite_search/logs/secret_compute_int_568__MoPLite.out,/home/barry/projects/github/Mixture-of-Prefetchers/results/mop_lite_search/logs/secret_compute_int_568__MoPLite.err,/home/barry/projects/github/Mixture-of-Prefetchers/results/mop_lite_search/metrics/secret_compute_int_568__MoPLite.json,,"--warmup_instructions=5000000 --simulation_instructions=10000000 --llc_replacement_type=ship --config=/home/barry/projects/github/Mixture-of-Prefetchers/external/athena/config/nopref.ini --rob_partition_size=64,128,320 --rob_frontal_partition_ids=0 --rob_dorsal_partition_ids=2 --dram_io_freq=400 --config=/home/barry/projects/github/Mixture-of-Prefetchers/external/athena/config/mop_lite.ini --mop_router_type=4 --mop_seed=1 --l2c_prefetcher_types=scooby --config=/home/barry/projects/github/Mixture-of-Prefetchers/external/athena/config/pythia.ini --l2c_prefetcher_types=spp_ppf_dev --config=/home/barry/projects/github/Mixture-of-Prefetchers/external/athena/config/spp_ppf_dev.ini --l2c_prefetcher_force_prefetch_at_llc=true",0.0
legacy,secret_compute_int_568,CVP,train,MLOP,single,,,,,,0.07789,0.8995265042152674,0.925059382422803,0.08659,0.0842,1.0,779729.0,77.9729,674341.0,674341.0,0.0,0.0,0.0,0.3308593130181911,0.0,0.0,0.0,0.0,0.0,0.0,0.0,0.0,0.0,0.0,1202821.0,223112.0,793569.0,0.0,0.0,0.0,927348.0,1068852.0,0.0,9.25,128390590.0,10000000.0,5000000,10000000,,,,,,search_mode,GS24473,5490cd9f7f689da7bf9a3be9cb9546d5a1100a63,203.448264,2026-04-17T15:06:54.321841+00:00,2026-04-17T15:10:17.770105+00:00,/home/barry/projects/github/Mixture-of-Prefetchers/artifacts/athena_traces/compute_int_568.champsim.gz,/home/barry/projects/github/Mixture-of-Prefetchers/results/mop_lite_search/logs/secret_compute_int_568__MLOP.out,/home/barry/projects/github/Mixture-of-Prefetchers/results/mop_lite_search/logs/secret_compute_int_568__MLOP.err,/home/barry/projects/github/Mixture-of-Prefetchers/results/mop_lite_search/metrics/secret_compute_int_568__MLOP.json,,"--warmup_instructions=5000000 --simulation_instructions=10000000 --llc_replacement_type=ship --config=/home/barry/projects/github/Mixture-of-Prefetchers/external/athena/config/nopref.ini --rob_partition_size=64,128,320 --rob_frontal_partition_ids=0 --rob_dorsal_partition_ids=2 --dram_io_freq=400 --l2c_prefetcher_types=mlop --config=/home/barry/projects/github/Mixture-of-Prefetchers/external/athena/config/mlop.ini --l2c_prefetcher_force_prefetch_at_llc=true",223112.0
legacy,secret_compute_int_568,CVP,train,SMS,single,,,,,,0.0746,0.8615313546598914,0.8859857482185274,0.08659,0.0842,1.0,772991.0,77.29908454018309,1187893.0,1187893.0,0.0,0.0,0.0,0.06557408790185648,0.0,0.0,0.0,0.0,0.0,0.0,0.0,0.0,0.0,0.0,1203153.0,77895.0,786796.0,0.0,0.0,0.0,876433.0,756758.0,0.0,9.25,134054809.0,10000002.0,5000000,10000000,,,,,,search_mode,GS24473,5490cd9f7f689da7bf9a3be9cb9546d5a1100a63,203.337383,2026-04-17T15:06:57.542738+00:00,2026-04-17T15:10:20.880121+00:00,/home/barry/projects/github/Mixture-of-Prefetchers/artifacts/athena_traces/compute_int_568.champsim.gz,/home/barry/projects/github/Mixture-of-Prefetchers/results/mop_lite_search/logs/secret_compute_int_568__SMS.out,/home/barry/projects/github/Mixture-of-Prefetchers/results/mop_lite_search/logs/secret_compute_int_568__SMS.err,/home/barry/projects/github/Mixture-of-Prefetchers/results/mop_lite_search/metrics/secret_compute_int_568__SMS.json,,"--warmup_instructions=5000000 --simulation_instructions=10000000 --llc_replacement_type=ship --config=/home/barry/projects/github/Mixture-of-Prefetchers/external/athena/config/nopref.ini --rob_partition_size=64,128,320 --rob_frontal_partition_ids=0 --rob_dorsal_partition_ids=2 --dram_io_freq=400 --l2c_prefetcher_types=sms --config=/home/barry/projects/github/Mixture-of-Prefetchers/external/athena/config/sms.ini --l2c_prefetcher_force_prefetch_at_llc=true",77895.0
legacy,602.gcc_s-734B,SPEC,train,Baseline,baseline,,,,,,0.50667,1.0,0.6775474725862529,0.50667,0.7478,0.0,82631.0,8.263099173690083,0.0,0.0,0.0,0.0,0.0,0.0,0.0,0.0,0.0,0.0,0.0,0.0,0.0,0.0,0.0,0.0,163741.0,0.0,82689.0,0.0,0.0,0.0,6053.0,2769.0,0.0,0.4,19736606.0,10000001.0,5000000,10000000,,,,,,search_mode,GS24473,5490cd9f7f689da7bf9a3be9cb9546d5a1100a63,88.937249,2026-04-17T15:09:37.150188+00:00,2026-04-17T15:11:06.087437+00:00,/home/barry/projects/github/Mixture-of-Prefetchers/artifacts/athena_traces/602.gcc_s-734B.champsimtrace.xz,/home/barry/projects/github/Mixture-of-Prefetchers/results/mop_lite_search/logs/602.gcc_s-734B__Baseline.out,/home/barry/projects/github/Mixture-of-Prefetchers/results/mop_lite_search/logs/602.gcc_s-734B__Baseline.err,/home/barry/projects/github/Mixture-of-Prefetchers/results/mop_lite_search/metrics/602.gcc_s-734B__Baseline.json,,"--warmup_instructions=5000000 --simulation_instructions=10000000 --llc_replacement_type=ship --config=/home/barry/projects/github/Mixture-of-Prefetchers/external/athena/config/nopref.ini --rob_partition_size=64,128,320 --rob_frontal_partition_ids=0 --rob_dorsal_partition_ids=2 --dram_io_freq=400",0.0
legacy,602.gcc_s-734B,SPEC,train,MLOP,single,,,,,,0.69248,1.366727850474668,0.9260230008023536,0.50667,0.7478,1.0,82627.0,8.262699173730082,100391.0,100391.0,0.0,0.0,0.0,0.7832375412138538,0.0,0.0,0.0,0.0,0.0,0.0,0.0,0.0,0.0,0.0,163742.0,78630.0,82685.0,0.0,0.0,0.0,9370.0,67173.0,0.0,0.4,14440903.0,10000001.0,5000000,10000000,,,,,,search_mode,GS24473,5490cd9f7f689da7bf9a3be9cb9546d5a1100a63,86.423882,2026-04-17T15:09:39.748755+00:00,2026-04-17T15:11:06.172637+00:00,/home/barry/projects/github/Mixture-of-Prefetchers/artifacts/athena_traces/602.gcc_s-734B.champsimtrace.xz,/home/barry/projects/github/Mixture-of-Prefetchers/results/mop_lite_search/logs/602.gcc_s-734B__MLOP.out,/home/barry/projects/github/Mixture-of-Prefetchers/results/mop_lite_search/logs/602.gcc_s-734B__MLOP.err,/home/barry/projects/github/Mixture-of-Prefetchers/results/mop_lite_search/metrics/602.gcc_s-734B__MLOP.json,,"--warmup_instructions=5000000 --simulation_instructions=10000000 --llc_replacement_type=ship --config=/home/barry/projects/github/Mixture-of-Prefetchers/external/athena/config/nopref.ini --rob_partition_size=64,128,320 --rob_frontal_partition_ids=0 --rob_dorsal_partition_ids=2 --dram_io_freq=400 --l2c_prefetcher_types=mlop --config=/home/barry/projects/github/Mixture-of-Prefetchers/external/athena/config/mlop.ini --l2c_prefetcher_force_prefetch_at_llc=true",78630.0
legacy,602.gcc_s-734B,SPEC,train,Pythia,single,,,,,,0.7478,1.475911342688535,1.0,0.50667,0.7478,1.0,82605.0,8.260499173950082,560941.0,560941.0,0.0,0.0,0.0,0.13698232077883413,0.0,0.0,0.0,0.0,0.0,0.0,0.0,0.0,0.0,0.0,163742.0,76839.0,82663.0,0.0,0.0,0.0,8685.0,19262.0,0.0,0.4,13372493.0,10000001.0,5000000,10000000,,,,,,search_mode,GS24473,5490cd9f7f689da7bf9a3be9cb9546d5a1100a63,87.611301,2026-04-17T15:09:42.390718+00:00,2026-04-17T15:11:10.002019+00:00,/home/barry/projects/github/Mixture-of-Prefetchers/artifacts/athena_traces/602.gcc_s-734B.champsimtrace.xz,/home/barry/projects/github/Mixture-of-Prefetchers/results/mop_lite_search/logs/602.gcc_s-734B__Pythia.out,/home/barry/projects/github/Mixture-of-Prefetchers/results/mop_lite_search/logs/602.gcc_s-734B__Pythia.err,/home/barry/projects/github/Mixture-of-Prefetchers/results/mop_lite_search/metrics/602.gcc_s-734B__Pythia.json,,"--warmup_instructions=5000000 --simulation_instructions=10000000 --llc_replacement_type=ship --config=/home/barry/projects/github/Mixture-of-Prefetchers/external/athena/config/nopref.ini --rob_partition_size=64,128,320 --rob_frontal_partition_ids=0 --rob_dorsal_partition_ids=2 --dram_io_freq=400 --l2c_prefetcher_types=scooby --config=/home/barry/projects/github/Mixture-of-Prefetchers/external/athena/config/pythia.ini --l2c_prefetcher_force_prefetch_at_llc=true",76839.0
legacy,602.gcc_s-734B,SPEC,train,SPP+PPF,single,,,,,,0.73929,1.4591154005565754,0.9886199518587857,0.50667,0.7478,1.0,82608.0,8.260799173920082,159006.0,159006.0,0.0,0.0,0.0,0.45710224771392277,0.0,0.0,0.0,0.0,0.0,0.0,0.0,0.0,0.0,0.0,163742.0,72682.0,82666.0,0.0,0.0,0.0,7670.0,10305.0,0.0,0.4,13526446.0,10000001.0,5000000,10000000,,,,,,search_mode,GS24473,5490cd9f7f689da7bf9a3be9cb9546d5a1100a63,85.491934,2026-04-17T15:09:51.196304+00:00,2026-04-17T15:11:16.688238+00:00,/home/barry/projects/github/Mixture-of-Prefetchers/artifacts/athena_traces/602.gcc_s-734B.champsimtrace.xz,/home/barry/projects/github/Mixture-of-Prefetchers/results/mop_lite_search/logs/602.gcc_s-734B__SPPplusPPF.out,/home/barry/projects/github/Mixture-of-Prefetchers/results/mop_lite_search/logs/602.gcc_s-734B__SPPplusPPF.err,/home/barry/projects/github/Mixture-of-Prefetchers/results/mop_lite_search/metrics/602.gcc_s-734B__SPPplusPPF.json,,"--warmup_instructions=5000000 --simulation_instructions=10000000 --llc_replacement_type=ship --config=/home/barry/projects/github/Mixture-of-Prefetchers/external/athena/config/nopref.ini --rob_partition_size=64,128,320 --rob_frontal_partition_ids=0 --rob_dorsal_partition_ids=2 --dram_io_freq=400 --l2c_prefetcher_types=spp_ppf_dev --config=/home/barry/projects/github/Mixture-of-Prefetchers/external/athena/config/spp_ppf_dev.ini --l2c_prefetcher_force_prefetch_at_llc=true",72682.0
legacy,602.gcc_s-734B,SPEC,train,SMS,single,,,,,,0.5455,1.0766376536996467,0.7294731211553891,0.50667,0.7478,1.0,82605.0,8.260499173950082,39261.0,39261.0,0.0,0.0,0.0,0.5163903109956446,0.0,0.0,0.0,0.0,0.0,0.0,0.0,0.0,0.0,0.0,163741.0,20274.0,82663.0,0.0,0.0,0.0,6609.0,26939.0,0.0,0.4,18331843.0,10000001.0,5000000,10000000,,,,,,search_mode,GS24473,5490cd9f7f689da7bf9a3be9cb9546d5a1100a63,89.041315,2026-04-17T15:09:49.539587+00:00,2026-04-17T15:11:18.580902+00:00,/home/barry/projects/github/Mixture-of-Prefetchers/artifacts/athena_traces/602.gcc_s-734B.champsimtrace.xz,/home/barry/projects/github/Mixture-of-Prefetchers/results/mop_lite_search/logs/602.gcc_s-734B__SMS.out,/home/barry/projects/github/Mixture-of-Prefetchers/results/mop_lite_search/logs/602.gcc_s-734B__SMS.err,/home/barry/projects/github/Mixture-of-Prefetchers/results/mop_lite_search/metrics/602.gcc_s-734B__SMS.json,,"--warmup_instructions=5000000 --simulation_instructions=10000000 --llc_replacement_type=ship --config=/home/barry/projects/github/Mixture-of-Prefetchers/external/athena/config/nopref.ini --rob_partition_size=64,128,320 --rob_frontal_partition_ids=0 --rob_dorsal_partition_ids=2 --dram_io_freq=400 --l2c_prefetcher_types=sms --config=/home/barry/projects/github/Mixture-of-Prefetchers/external/athena/config/sms.ini --l2c_prefetcher_force_prefetch_at_llc=true",20274.0
legacy,602.gcc_s-734B,SPEC,train,MoPLite,router,MoPLite,,Pythia,SPP+PPF,1,0.52676,1.0396510549272704,0.7044129446376036,0.50667,0.7478,1.0,82622.0,8.262199173780083,40960.0,40960.0,0.0,0.0,0.0,0.219921875,9970.0,28386.0,35783.0,106813.0,32723.0,28717.0,30.0,30.0,3.5890672016048146,3.7628760656661733,163741.0,9008.0,82680.0,0.0,0.0,0.0,6378.0,4279.0,0.0,0.4,18983847.0,10000001.0,5000000,10000000,500000,2048,30,50,"1.0,0.25,1.0",search_mode,GS24473,5490cd9f7f689da7bf9a3be9cb9546d5a1100a63,93.753944,2026-04-17T15:09:53.602019+00:00,2026-04-17T15:11:27.355963+00:00,/home/barry/projects/github/Mixture-of-Prefetchers/artifacts/athena_traces/602.gcc_s-734B.champsimtrace.xz,/home/barry/projects/github/Mixture-of-Prefetchers/results/mop_lite_search/logs/602.gcc_s-734B__MoPLite.out,/home/barry/projects/github/Mixture-of-Prefetchers/results/mop_lite_search/logs/602.gcc_s-734B__MoPLite.err,/home/barry/projects/github/Mixture-of-Prefetchers/results/mop_lite_search/metrics/602.gcc_s-734B__MoPLite.json,,"--warmup_instructions=5000000 --simulation_instructions=10000000 --llc_replacement_type=ship --config=/home/barry/projects/github/Mixture-of-Prefetchers/external/athena/config/nopref.ini --rob_partition_size=64,128,320 --rob_frontal_partition_ids=0 --rob_dorsal_partition_ids=2 --dram_io_freq=400 --config=/home/barry/projects/github/Mixture-of-Prefetchers/external/athena/config/mop_lite.ini --mop_router_type=4 --mop_seed=1 --l2c_prefetcher_types=scooby --config=/home/barry/projects/github/Mixture-of-Prefetchers/external/athena/config/pythia.ini --l2c_prefetcher_types=spp_ppf_dev --config=/home/barry/projects/github/Mixture-of-Prefetchers/external/athena/config/spp_ppf_dev.ini --l2c_prefetcher_force_prefetch_at_llc=true",9008.0
legacy,602.gcc_s-734B,SPEC,train,FixedSplit,router,FixedSplit,,Pythia,SPP+PPF,1,0.52819,1.042473404780232,0.7063252206472319,0.50667,0.7478,1.0,82614.0,8.261399173860083,40960.0,40960.0,0.0,0.0,0.0,0.2316162109375,9315.0,30454.0,33732.0,114779.0,30720.0,30720.0,30.0,30.0,3.621256038647343,3.7689301897944443,163741.0,9487.0,82672.0,0.0,0.0,0.0,6198.0,4312.0,0.0,0.4,18932714.0,10000001.0,5000000,10000000,500000,2048,30,50,"1.0,0.25,1.0",search_mode,GS24473,5490cd9f7f689da7bf9a3be9cb9546d5a1100a63,92.671851,2026-04-17T15:09:56.693272+00:00,2026-04-17T15:11:29.365123+00:00,/home/barry/projects/github/Mixture-of-Prefetchers/artifacts/athena_traces/602.gcc_s-734B.champsimtrace.xz,/home/barry/projects/github/Mixture-of-Prefetchers/results/mop_lite_search/logs/602.gcc_s-734B__FixedSplit.out,/home/barry/projects/github/Mixture-of-Prefetchers/results/mop_lite_search/logs/602.gcc_s-734B__FixedSplit.err,/home/barry/projects/github/Mixture-of-Prefetchers/results/mop_lite_search/metrics/602.gcc_s-734B__FixedSplit.json,,"--warmup_instructions=5000000 --simulation_instructions=10000000 --llc_replacement_type=ship --config=/home/barry/projects/github/Mixture-of-Prefetchers/external/athena/config/nopref.ini --rob_partition_size=64,128,320 --rob_frontal_partition_ids=0 --rob_dorsal_partition_ids=2 --dram_io_freq=400 --config=/home/barry/projects/github/Mixture-of-Prefetchers/external/athena/config/mop_lite.ini --mop_router_type=0 --mop_seed=1 --l2c_prefetcher_types=scooby --config=/home/barry/projects/github/Mixture-of-Prefetchers/external/athena/config/pythia.ini --l2c_prefetcher_types=spp_ppf_dev --config=/home/barry/projects/github/Mixture-of-Prefetchers/external/athena/config/spp_ppf_dev.ini --l2c_prefetcher_force_prefetch_at_llc=true",9487.0
legacy,602.gcc_s-734B,SPEC,train,AthenaMAB,builtin,,AthenaMAB,Pythia,SPP+PPF,,0.69878,1.3791619791975054,0.9344477132923241,0.50667,0.7478,1.0,82613.0,8.261299173870082,577324.0,577324.0,0.0,0.0,0.0,0.11346488280411,98997.0,95199.0,155109.0,153838.0,0.0,0.0,0.0,0.0,1.5668050546986272,1.61596235254572,163742.0,65506.0,82671.0,0.0,0.0,0.0,8436.0,17657.0,0.0,0.4,14310715.0,10000001.0,5000000,10000000,500000,,,,,search_mode,GS24473,5490cd9f7f689da7bf9a3be9cb9546d5a1100a63,88.970926,2026-04-17T15:10:11.516866+00:00,2026-04-17T15:11:40.487792+00:00,/home/barry/projects/github/Mixture-of-Prefetchers/artifacts/athena_traces/602.gcc_s-734B.champsimtrace.xz,/home/barry/projects/github/Mixture-of-Prefetchers/results/mop_lite_search/logs/602.gcc_s-734B__AthenaMAB.out,/home/barry/projects/github/Mixture-of-Prefetchers/results/mop_lite_search/logs/602.gcc_s-734B__AthenaMAB.err,/home/barry/projects/github/Mixture-of-Prefetchers/results/mop_lite_search/metrics/602.gcc_s-734B__AthenaMAB.json,,"--warmup_instructions=5000000 --simulation_instructions=10000000 --llc_replacement_type=ship --config=/home/barry/projects/github/Mixture-of-Prefetchers/external/athena/config/nopref.ini --rob_partition_size=64,128,320 --rob_frontal_partition_ids=0 --rob_dorsal_partition_ids=2 --dram_io_freq=400 --config=/home/barry/projects/github/Mixture-of-Prefetchers/external/athena/config/mop_lite_mab.ini --l2c_prefetcher_types=scooby --config=/home/barry/projects/github/Mixture-of-Prefetchers/external/athena/config/pythia.ini --l2c_prefetcher_types=spp_ppf_dev --config=/home/barry/projects/github/Mixture-of-Prefetchers/external/athena/config/spp_ppf_dev.ini --l2c_prefetcher_force_prefetch_at_llc=true",65506.0
legacy,602.gcc_s-734B,SPEC,train,WinnerTakeAll,router,WinnerTakeAll,,Pythia,SPP+PPF,1,0.55207,1.0896046736534628,0.7382588927520727,0.50667,0.7478,1.0,82639.0,8.263899173610083,40960.0,40960.0,0.0,0.0,0.0,0.4663818359375,365.0,46896.0,1279.0,139841.0,0.0,61440.0,0.0,30.0,3.504109589041096,2.9819387581030363,163741.0,19103.0,82697.0,0.0,0.0,0.0,6421.0,4725.0,0.0,0.4,18113791.0,10000001.0,5000000,10000000,500000,2048,30,50,"1.0,0.25,1.0",search_mode,GS24473,5490cd9f7f689da7bf9a3be9cb9546d5a1100a63,91.233883,2026-04-17T15:10:10.531181+00:00,2026-04-17T15:11:41.765064+00:00,/home/barry/projects/github/Mixture-of-Prefetchers/artifacts/athena_traces/602.gcc_s-734B.champsimtrace.xz,/home/barry/projects/github/Mixture-of-Prefetchers/results/mop_lite_search/logs/602.gcc_s-734B__WinnerTakeAll.out,/home/barry/projects/github/Mixture-of-Prefetchers/results/mop_lite_search/logs/602.gcc_s-734B__WinnerTakeAll.err,/home/barry/projects/github/Mixture-of-Prefetchers/results/mop_lite_search/metrics/602.gcc_s-734B__WinnerTakeAll.json,,"--warmup_instructions=5000000 --simulation_instructions=10000000 --llc_replacement_type=ship --config=/home/barry/projects/github/Mixture-of-Prefetchers/external/athena/config/nopref.ini --rob_partition_size=64,128,320 --rob_frontal_partition_ids=0 --rob_dorsal_partition_ids=2 --dram_io_freq=400 --config=/home/barry/projects/github/Mixture-of-Prefetchers/external/athena/config/mop_lite.ini --mop_router_type=1 --mop_seed=1 --l2c_prefetcher_types=scooby --config=/home/barry/projects/github/Mixture-of-Prefetchers/external/athena/config/pythia.ini --l2c_prefetcher_types=spp_ppf_dev --config=/home/barry/projects/github/Mixture-of-Prefetchers/external/athena/config/spp_ppf_dev.ini --l2c_prefetcher_force_prefetch_at_llc=true",19103.0
legacy,605.mcf_s-472B,SPEC,train,Baseline,baseline,,,,,,0.25009,1.0,1.1869482676791645,0.25009,0.2107,0.0,434818.0,43.48178695546391,0.0,0.0,0.0,0.0,0.0,0.0,0.0,0.0,0.0,0.0,0.0,0.0,0.0,0.0,0.0,0.0,442154.0,0.0,457126.0,0.0,0.0,0.0,117220.0,243679.0,0.0,1.74,39986006.0,10000003.0,5000000,10000000,,,,,,search_mode,GS24473,5490cd9f7f689da7bf9a3be9cb9546d5a1100a63,108.915602,2026-04-17T15:10:11.670695+00:00,2026-04-17T15:12:00.586297+00:00,/home/barry/projects/github/Mixture-of-Prefetchers/artifacts/athena_traces/605.mcf_s-472B.champsimtrace.xz,/home/barry/projects/github/Mixture-of-Prefetchers/results/mop_lite_search/logs/605.mcf_s-472B__Baseline.out,/home/barry/projects/github/Mixture-of-Prefetchers/results/mop_lite_search/logs/605.mcf_s-472B__Baseline.err,/home/barry/projects/github/Mixture-of-Prefetchers/results/mop_lite_search/metrics/605.mcf_s-472B__Baseline.json,,"--warmup_instructions=5000000 --simulation_instructions=10000000 --llc_replacement_type=ship --config=/home/barry/projects/github/Mixture-of-Prefetchers/external/athena/config/nopref.ini --rob_partition_size=64,128,320 --rob_frontal_partition_ids=0 --rob_dorsal_partition_ids=2 --dram_io_freq=400",0.0
legacy,605.mcf_s-472B,SPEC,train,MLOP,single,,,,,,0.24766,0.9902834979407413,1.1754152823920265,0.25009,0.2107,1.0,434826.0,43.482586955223915,50605.0,50605.0,0.0,0.0,0.0,0.4761782432565952,0.0,0.0,0.0,0.0,0.0,0.0,0.0,0.0,0.0,0.0,442157.0,24097.0,457137.0,0.0,0.0,0.0,133855.0,344464.0,0.0,1.74,40377766.0,10000003.0,5000000,10000000,,,,,,search_mode,GS24473,5490cd9f7f689da7bf9a3be9cb9546d5a1100a63,110.353012,2026-04-17T15:10:17.770152+00:00,2026-04-17T15:12:08.123164+00:00,/home/barry/projects/github/Mixture-of-Prefetchers/artifacts/athena_traces/605.mcf_s-472B.champsimtrace.xz,/home/barry/projects/github/Mixture-of-Prefetchers/results/mop_lite_search/logs/605.mcf_s-472B__MLOP.out,/home/barry/projects/github/Mixture-of-Prefetchers/results/mop_lite_search/logs/605.mcf_s-472B__MLOP.err,/home/barry/projects/github/Mixture-of-Prefetchers/results/mop_lite_search/metrics/605.mcf_s-472B__MLOP.json,,"--warmup_instructions=5000000 --simulation_instructions=10000000 --llc_replacement_type=ship --config=/home/barry/projects/github/Mixture-of-Prefetchers/external/athena/config/nopref.ini --rob_partition_size=64,128,320 --rob_frontal_partition_ids=0 --rob_dorsal_partition_ids=2 --dram_io_freq=400 --l2c_prefetcher_types=mlop --config=/home/barry/projects/github/Mixture-of-Prefetchers/external/athena/config/mlop.ini --l2c_prefetcher_force_prefetch_at_llc=true",24097.0
legacy,secret_compute_int_568,CVP,train,WinnerTakeAll,router,WinnerTakeAll,,Pythia,SPP+PPF,1,0.08384,0.9682411363898833,0.9957244655581948,0.08659,0.0842,1.0,779934.0,77.99338440132313,40710.0,40710.0,0.0,0.0,0.0,0.11316629820682879,21395.0,33741.0,26405.0,41158.0,22528.0,38912.0,11.0,19.0,1.2341668614162187,1.21982158205151,1203134.0,4607.0,793777.0,0.0,0.0,0.0,549427.0,204338.0,0.0,9.25,119275178.0,10000002.0,5000000,10000000,500000,2048,30,50,"1.0,0.25,1.0",search_mode,GS24473,5490cd9f7f689da7bf9a3be9cb9546d5a1100a63,182.17343,2026-04-17T15:09:28.582395+00:00,2026-04-17T15:12:30.755825+00:00,/home/barry/projects/github/Mixture-of-Prefetchers/artifacts/athena_traces/compute_int_568.champsim.gz,/home/barry/projects/github/Mixture-of-Prefetchers/results/mop_lite_search/logs/secret_compute_int_568__WinnerTakeAll.out,/home/barry/projects/github/Mixture-of-Prefetchers/results/mop_lite_search/logs/secret_compute_int_568__WinnerTakeAll.err,/home/barry/projects/github/Mixture-of-Prefetchers/results/mop_lite_search/metrics/secret_compute_int_568__WinnerTakeAll.json,,"--warmup_instructions=5000000 --simulation_instructions=10000000 --llc_replacement_type=ship --config=/home/barry/projects/github/Mixture-of-Prefetchers/external/athena/config/nopref.ini --rob_partition_size=64,128,320 --rob_frontal_partition_ids=0 --rob_dorsal_partition_ids=2 --dram_io_freq=400 --config=/home/barry/projects/github/Mixture-of-Prefetchers/external/athena/config/mop_lite.ini --mop_router_type=1 --mop_seed=1 --l2c_prefetcher_types=scooby --config=/home/barry/projects/github/Mixture-of-Prefetchers/external/athena/config/pythia.ini --l2c_prefetcher_types=spp_ppf_dev --config=/home/barry/projects/github/Mixture-of-Prefetchers/external/athena/config/spp_ppf_dev.ini --l2c_prefetcher_force_prefetch_at_llc=true",4607.0
legacy,secret_compute_int_568,CVP,train,FixedSplit,router,FixedSplit,,Pythia,SPP+PPF,1,0.08383,0.9681256496131193,0.9956057007125891,0.08659,0.0842,1.0,780025.0,78.00248439950312,40622.0,40622.0,0.0,0.0,0.0,0.10949731672492738,28782.0,29335.0,48030.0,33330.0,30720.0,30720.0,30.0,30.0,1.6687513028976444,1.1361854440088632,1203138.0,4448.0,793867.0,0.0,0.0,0.0,548857.0,203511.0,0.0,9.25,119289894.0,10000002.0,5000000,10000000,500000,2048,30,50,"1.0,0.25,1.0",search_mode,GS24473,5490cd9f7f689da7bf9a3be9cb9546d5a1100a63,184.392779,2026-04-17T15:09:28.167159+00:00,2026-04-17T15:12:32.559938+00:00,/home/barry/projects/github/Mixture-of-Prefetchers/artifacts/athena_traces/compute_int_568.champsim.gz,/home/barry/projects/github/Mixture-of-Prefetchers/results/mop_lite_search/logs/secret_compute_int_568__FixedSplit.out,/home/barry/projects/github/Mixture-of-Prefetchers/results/mop_lite_search/logs/secret_compute_int_568__FixedSplit.err,/home/barry/projects/github/Mixture-of-Prefetchers/results/mop_lite_search/metrics/secret_compute_int_568__FixedSplit.json,,"--warmup_instructions=5000000 --simulation_instructions=10000000 --llc_replacement_type=ship --config=/home/barry/projects/github/Mixture-of-Prefetchers/external/athena/config/nopref.ini --rob_partition_size=64,128,320 --rob_frontal_partition_ids=0 --rob_dorsal_partition_ids=2 --dram_io_freq=400 --config=/home/barry/projects/github/Mixture-of-Prefetchers/external/athena/config/mop_lite.ini --mop_router_type=0 --mop_seed=1 --l2c_prefetcher_types=scooby --config=/home/barry/projects/github/Mixture-of-Prefetchers/external/athena/config/pythia.ini --l2c_prefetcher_types=spp_ppf_dev --config=/home/barry/projects/github/Mixture-of-Prefetchers/external/athena/config/spp_ppf_dev.ini --l2c_prefetcher_force_prefetch_at_llc=true",4448.0
legacy,605.mcf_s-472B,SPEC,train,Pythia,single,,,,,,0.17935,0.7171418289415812,0.8512102515424775,0.25009,0.2107,1.0,434812.0,43.48118695564391,882771.0,882771.0,0.0,0.0,0.0,0.12771149029589782,0.0,0.0,0.0,0.0,0.0,0.0,0.0,0.0,0.0,0.0,442158.0,112740.0,457123.0,0.0,0.0,0.0,152550.0,558923.0,0.0,1.74,55756220.0,10000003.0,5000000,10000000,,,,,,search_mode,GS24473,5490cd9f7f689da7bf9a3be9cb9546d5a1100a63,133.817909,2026-04-17T15:10:20.880245+00:00,2026-04-17T15:12:34.698154+00:00,/home/barry/projects/github/Mixture-of-Prefetchers/artifacts/athena_traces/605.mcf_s-472B.champsimtrace.xz,/home/barry/projects/github/Mixture-of-Prefetchers/results/mop_lite_search/logs/605.mcf_s-472B__Pythia.out,/home/barry/projects/github/Mixture-of-Prefetchers/results/mop_lite_search/logs/605.mcf_s-472B__Pythia.err,/home/barry/projects/github/Mixture-of-Prefetchers/results/mop_lite_search/metrics/605.mcf_s-472B__Pythia.json,,"--warmup_instructions=5000000 --simulation_instructions=10000000 --llc_replacement_type=ship --config=/home/barry/projects/github/Mixture-of-Prefetchers/external/athena/config/nopref.ini --rob_partition_size=64,128,320 --rob_frontal_partition_ids=0 --rob_dorsal_partition_ids=2 --dram_io_freq=400 --l2c_prefetcher_types=scooby --config=/home/barry/projects/github/Mixture-of-Prefetchers/external/athena/config/pythia.ini --l2c_prefetcher_force_prefetch_at_llc=true",112740.0
legacy,605.mcf_s-472B,SPEC,train,MoPLite,router,MoPLite,,Pythia,SPP+PPF,1,0.24804,0.9918029509376626,1.177218794494542,0.25009,0.2107,1.0,434827.0,43.48268695519391,0.0,4195.0,0.0,0.0,0.0,0.0,1902.0,2293.0,1113.0,2006.0,2426.0,1670.0,2.0,1.0,0.5851735015772871,0.8748364587876145,442155.0,0.0,457143.0,0.0,0.0,0.0,119678.0,242529.0,0.0,1.74,40316412.0,10000003.0,5000000,10000000,500000,2048,30,50,"1.0,0.25,1.0",search_mode,GS24473,5490cd9f7f689da7bf9a3be9cb9546d5a1100a63,94.112615,2026-04-17T15:11:10.002096+00:00,2026-04-17T15:12:44.114711+00:00,/home/barry/projects/github/Mixture-of-Prefetchers/artifacts/athena_traces/605.mcf_s-472B.champsimtrace.xz,/home/barry/projects/github/Mixture-of-Prefetchers/results/mop_lite_search/logs/605.mcf_s-472B__MoPLite.out,/home/barry/projects/github/Mixture-of-Prefetchers/results/mop_lite_search/logs/605.mcf_s-472B__MoPLite.err,/home/barry/projects/github/Mixture-of-Prefetchers/results/mop_lite_search/metrics/605.mcf_s-472B__MoPLite.json,,"--warmup_instructions=5000000 --simulation_instructions=10000000 --llc_replacement_type=ship --config=/home/barry/projects/github/Mixture-of-Prefetchers/external/athena/config/nopref.ini --rob_partition_size=64,128,320 --rob_frontal_partition_ids=0 --rob_dorsal_partition_ids=2 --dram_io_freq=400 --config=/home/barry/projects/github/Mixture-of-Prefetchers/external/athena/config/mop_lite.ini --mop_router_type=4 --mop_seed=1 --l2c_prefetcher_types=scooby --config=/home/barry/projects/github/Mixture-of-Prefetchers/external/athena/config/pythia.ini --l2c_prefetcher_types=spp_ppf_dev --config=/home/barry/projects/github/Mixture-of-Prefetchers/external/athena/config/spp_ppf_dev.ini --l2c_prefetcher_force_prefetch_at_llc=true",0.0
legacy,605.mcf_s-472B,SPEC,train,SMS,single,,,,,,0.21756,0.8699268263425168,1.0325581395348837,0.25009,0.2107,1.0,434820.0,43.48198695540391,181690.0,181690.0,0.0,0.0,0.0,0.517656447795696,0.0,0.0,0.0,0.0,0.0,0.0,0.0,0.0,0.0,0.0,442155.0,94053.0,457133.0,0.0,0.0,0.0,150022.0,342982.0,0.0,1.74,45963731.0,10000003.0,5000000,10000000,,,,,,search_mode,GS24473,5490cd9f7f689da7bf9a3be9cb9546d5a1100a63,98.06656,2026-04-17T15:11:06.087487+00:00,2026-04-17T15:12:44.154047+00:00,/home/barry/projects/github/Mixture-of-Prefetchers/artifacts/athena_traces/605.mcf_s-472B.champsimtrace.xz,/home/barry/projects/github/Mixture-of-Prefetchers/results/mop_lite_search/logs/605.mcf_s-472B__SMS.out,/home/barry/projects/github/Mixture-of-Prefetchers/results/mop_lite_search/logs/605.mcf_s-472B__SMS.err,/home/barry/projects/github/Mixture-of-Prefetchers/results/mop_lite_search/metrics/605.mcf_s-472B__SMS.json,,"--warmup_instructions=5000000 --simulation_instructions=10000000 --llc_replacement_type=ship --config=/home/barry/projects/github/Mixture-of-Prefetchers/external/athena/config/nopref.ini --rob_partition_size=64,128,320 --rob_frontal_partition_ids=0 --rob_dorsal_partition_ids=2 --dram_io_freq=400 --l2c_prefetcher_types=sms --config=/home/barry/projects/github/Mixture-of-Prefetchers/external/athena/config/sms.ini --l2c_prefetcher_force_prefetch_at_llc=true",94053.0
legacy,secret_compute_int_568,CVP,train,AthenaMAB,builtin,,AthenaMAB,Pythia,SPP+PPF,,0.08215,0.9487238711167572,0.9756532066508314,0.08659,0.0842,1.0,778095.0,77.80948443810311,607052.0,607052.0,0.0,0.0,0.0,0.15315491918320012,227975.0,587200.0,95478.0,230671.0,0.0,0.0,0.0,0.0,0.4188090799429762,0.39283208446866485,1203066.0,92973.0,791974.0,0.0,0.0,0.0,776812.0,643956.0,0.0,9.25,121721865.0,10000002.0,5000000,10000000,500000,,,,,search_mode,GS24473,5490cd9f7f689da7bf9a3be9cb9546d5a1100a63,189.823454,2026-04-17T15:09:35.089305+00:00,2026-04-17T15:12:44.912759+00:00,/home/barry/projects/github/Mixture-of-Prefetchers/artifacts/athena_traces/compute_int_568.champsim.gz,/home/barry/projects/github/Mixture-of-Prefetchers/results/mop_lite_search/logs/secret_compute_int_568__AthenaMAB.out,/home/barry/projects/github/Mixture-of-Prefetchers/results/mop_lite_search/logs/secret_compute_int_568__AthenaMAB.err,/home/barry/projects/github/Mixture-of-Prefetchers/results/mop_lite_search/metrics/secret_compute_int_568__AthenaMAB.json,,"--warmup_instructions=5000000 --simulation_instructions=10000000 --llc_replacement_type=ship --config=/home/barry/projects/github/Mixture-of-Prefetchers/external/athena/config/nopref.ini --rob_partition_size=64,128,320 --rob_frontal_partition_ids=0 --rob_dorsal_partition_ids=2 --dram_io_freq=400 --config=/home/barry/projects/github/Mixture-of-Prefetchers/external/athena/config/mop_lite_mab.ini --l2c_prefetcher_types=scooby --config=/home/barry/projects/github/Mixture-of-Prefetchers/external/athena/config/pythia.ini --l2c_prefetcher_types=spp_ppf_dev --config=/home/barry/projects/github/Mixture-of-Prefetchers/external/athena/config/spp_ppf_dev.ini --l2c_prefetcher_force_prefetch_at_llc=true",92973.0
legacy,605.mcf_s-472B,SPEC,train,FixedSplit,router,FixedSplit,,Pythia,SPP+PPF,1,0.25121,1.004478387780399,1.1922638822971048,0.25009,0.2107,1.0,434821.0,43.482086955373916,40876.0,40876.0,0.0,0.0,0.0,0.13976416479107545,16490.0,23765.0,9841.0,18339.0,30720.0,30720.0,30.0,30.0,0.5967859308671922,0.7716810435514412,442159.0,5713.0,457133.0,0.0,0.0,0.0,124300.0,275229.0,0.0,1.74,39806840.0,10000003.0,5000000,10000000,500000,2048,30,50,"1.0,0.25,1.0",search_mode,GS24473,5490cd9f7f689da7bf9a3be9cb9546d5a1100a63,92.062822,2026-04-17T15:11:16.688295+00:00,2026-04-17T15:12:48.751117+00:00,/home/barry/projects/github/Mixture-of-Prefetchers/artifacts/athena_traces/605.mcf_s-472B.champsimtrace.xz,/home/barry/projects/github/Mixture-of-Prefetchers/results/mop_lite_search/logs/605.mcf_s-472B__FixedSplit.out,/home/barry/projects/github/Mixture-of-Prefetchers/results/mop_lite_search/logs/605.mcf_s-472B__FixedSplit.err,/home/barry/projects/github/Mixture-of-Prefetchers/results/mop_lite_search/metrics/605.mcf_s-472B__FixedSplit.json,,"--warmup_instructions=5000000 --simulation_instructions=10000000 --llc_replacement_type=ship --config=/home/barry/projects/github/Mixture-of-Prefetchers/external/athena/config/nopref.ini --rob_partition_size=64,128,320 --rob_frontal_partition_ids=0 --rob_dorsal_partition_ids=2 --dram_io_freq=400 --config=/home/barry/projects/github/Mixture-of-Prefetchers/external/athena/config/mop_lite.ini --mop_router_type=0 --mop_seed=1 --l2c_prefetcher_types=scooby --config=/home/barry/projects/github/Mixture-of-Prefetchers/external/athena/config/pythia.ini --l2c_prefetcher_types=spp_ppf_dev --config=/home/barry/projects/github/Mixture-of-Prefetchers/external/athena/config/spp_ppf_dev.ini --l2c_prefetcher_force_prefetch_at_llc=true",5713.0
legacy,605.mcf_s-472B,SPEC,train,WinnerTakeAll,router,WinnerTakeAll,,Pythia,SPP+PPF,1,0.25317,1.0123155663960974,1.2015662078785003,0.25009,0.2107,1.0,434824.0,43.482386955283914,40955.0,40955.0,0.0,0.0,0.0,0.1840068367720669,15905.0,24325.0,9324.0,19165.0,30720.0,30720.0,15.0,15.0,0.5862307450487269,0.7878725590955806,442158.0,7536.0,457140.0,0.0,0.0,0.0,123383.0,280185.0,0.0,1.74,39499288.0,10000003.0,5000000,10000000,500000,2048,30,50,"1.0,0.25,1.0",search_mode,GS24473,5490cd9f7f689da7bf9a3be9cb9546d5a1100a63,90.890874,2026-04-17T15:11:18.580936+00:00,2026-04-17T15:12:49.471810+00:00,/home/barry/projects/github/Mixture-of-Prefetchers/artifacts/athena_traces/605.mcf_s-472B.champsimtrace.xz,/home/barry/projects/github/Mixture-of-Prefetchers/results/mop_lite_search/logs/605.mcf_s-472B__WinnerTakeAll.out,/home/barry/projects/github/Mixture-of-Prefetchers/results/mop_lite_search/logs/605.mcf_s-472B__WinnerTakeAll.err,/home/barry/projects/github/Mixture-of-Prefetchers/results/mop_lite_search/metrics/605.mcf_s-472B__WinnerTakeAll.json,,"--warmup_instructions=5000000 --simulation_instructions=10000000 --llc_replacement_type=ship --config=/home/barry/projects/github/Mixture-of-Prefetchers/external/athena/config/nopref.ini --rob_partition_size=64,128,320 --rob_frontal_partition_ids=0 --rob_dorsal_partition_ids=2 --dram_io_freq=400 --config=/home/barry/projects/github/Mixture-of-Prefetchers/external/athena/config/mop_lite.ini --mop_router_type=1 --mop_seed=1 --l2c_prefetcher_types=scooby --config=/home/barry/projects/github/Mixture-of-Prefetchers/external/athena/config/pythia.ini --l2c_prefetcher_types=spp_ppf_dev --config=/home/barry/projects/github/Mixture-of-Prefetchers/external/athena/config/spp_ppf_dev.ini --l2c_prefetcher_force_prefetch_at_llc=true",7536.0
legacy,605.mcf_s-472B,SPEC,train,SPP+PPF,single,,,,,,0.2107,0.8424967011875726,1.0,0.25009,0.2107,1.0,434782.0,43.478186956543915,738008.0,738008.0,0.0,0.0,0.0,0.10131055489913389,0.0,0.0,0.0,0.0,0.0,0.0,0.0,0.0,0.0,0.0,442151.0,74768.0,457092.0,0.0,0.0,0.0,153811.0,447013.0,0.0,1.74,47460630.0,10000003.0,5000000,10000000,,,,,,search_mode,GS24473,5490cd9f7f689da7bf9a3be9cb9546d5a1100a63,103.598261,2026-04-17T15:11:06.172728+00:00,2026-04-17T15:12:49.770989+00:00,/home/barry/projects/github/Mixture-of-Prefetchers/artifacts/athena_traces/605.mcf_s-472B.champsimtrace.xz,/home/barry/projects/github/Mixture-of-Prefetchers/results/mop_lite_search/logs/605.mcf_s-472B__SPPplusPPF.out,/home/barry/projects/github/Mixture-of-Prefetchers/results/mop_lite_search/logs/605.mcf_s-472B__SPPplusPPF.err,/home/barry/projects/github/Mixture-of-Prefetchers/results/mop_lite_search/metrics/605.mcf_s-472B__SPPplusPPF.json,,"--warmup_instructions=5000000 --simulation_instructions=10000000 --llc_replacement_type=ship --config=/home/barry/projects/github/Mixture-of-Prefetchers/external/athena/config/nopref.ini --rob_partition_size=64,128,320 --rob_frontal_partition_ids=0 --rob_dorsal_partition_ids=2 --dram_io_freq=400 --l2c_prefetcher_types=spp_ppf_dev --config=/home/barry/projects/github/Mixture-of-Prefetchers/external/athena/config/spp_ppf_dev.ini --l2c_prefetcher_force_prefetch_at_llc=true",74768.0
legacy,605.mcf_s-472B,SPEC,train,AthenaMAB,builtin,,AthenaMAB,Pythia,SPP+PPF,,0.20865,0.834299652125235,0.9902705268153773,0.25009,0.2107,1.0,434788.0,43.47878695636391,805542.0,805542.0,0.0,0.0,0.0,0.09851007147982352,219326.0,535746.0,116397.0,410320.0,0.0,0.0,0.0,0.0,0.5307031542088033,0.7658853262553523,442155.0,79354.0,457090.0,0.0,0.0,0.0,145990.0,459546.0,0.0,1.74,47926480.0,10000003.0,5000000,10000000,500000,,,,,search_mode,GS24473,5490cd9f7f689da7bf9a3be9cb9546d5a1100a63,94.846045,2026-04-17T15:11:27.356028+00:00,2026-04-17T15:13:02.202073+00:00,/home/barry/projects/github/Mixture-of-Prefetchers/artifacts/athena_traces/605.mcf_s-472B.champsimtrace.xz,/home/barry/projects/github/Mixture-of-Prefetchers/results/mop_lite_search/logs/605.mcf_s-472B__AthenaMAB.out,/home/barry/projects/github/Mixture-of-Prefetchers/results/mop_lite_search/logs/605.mcf_s-472B__AthenaMAB.err,/home/barry/projects/github/Mixture-of-Prefetchers/results/mop_lite_search/metrics/605.mcf_s-472B__AthenaMAB.json,,"--warmup_instructions=5000000 --simulation_instructions=10000000 --llc_replacement_type=ship --config=/home/barry/projects/github/Mixture-of-Prefetchers/external/athena/config/nopref.ini --rob_partition_size=64,128,320 --rob_frontal_partition_ids=0 --rob_dorsal_partition_ids=2 --dram_io_freq=400 --config=/home/barry/projects/github/Mixture-of-Prefetchers/external/athena/config/mop_lite_mab.ini --l2c_prefetcher_types=scooby --config=/home/barry/projects/github/Mixture-of-Prefetchers/external/athena/config/pythia.ini --l2c_prefetcher_types=spp_ppf_dev --config=/home/barry/projects/github/Mixture-of-Prefetchers/external/athena/config/spp_ppf_dev.ini --l2c_prefetcher_force_prefetch_at_llc=true",79354.0
