run_group_id,trace,benchmark_family,split_side,experiment,experiment_kind,router,llc_prefetcher,builtin_coordinator,expert_0,expert_1,seed,ipc,speedup_vs_baseline,speedup_vs_best_single,baseline_ipc,best_single_ipc,traffic_overhead_vs_baseline,l2c_load_miss,l2c_mpki,l2c_prefetch_issued_raw,l2c_prefetch_issued,l2c_prefetch_useful,l2c_prefetch_useless,l2c_prefetch_late,llc_prefetch_issued,llc_prefetch_useful,downstream_prefetch_issued,downstream_prefetch_useful,downstream_prefetch_accuracy,pref0_issued_total,pref1_issued_total,pref0_useful_total,pref1_useful_total,pref0_budget_total,pref1_budget_total,pref0_selected_epochs,pref1_selected_epochs,pref0_accuracy,pref1_accuracy,l1d_load_miss,l2c_total_miss,l2c_rq_full,l2c_wq_full,l2c_pq_full,dram_rq_row_buffer_miss,dram_bus_congested,dram_mshr_full,branch_pred_mpki,cycles,total_instructions,warmup_instructions,simulation_instructions,epoch_len_instructions,mop_total_budget,mop_accuracy_floor,mop_fixed_split_ratio,mop_guarded_min_budget_share,mop_one_shot_epochs,mop_score_weights,mode,host,git_revision,duration_s,start_utc,end_utc,trace_path,log_path,stderr_path,metrics_path,epoch_trace_prefix,flags
20260429T034359.594397Z-1ab1,429.mcf-192B,SPEC,train,Baseline,baseline,,,,,,,0.07167,1.0,1.0001395478649175,0.07167,0.07166,0.0,81803.0,81.803,0.0,0.0,0.0,0.0,0.0,0.0,0.0,0.0,0.0,0.0,0.0,0.0,0.0,0.0,0.0,0.0,0.0,0.0,0.0,0.0,143912.0,81814.0,0.0,0.0,0.0,58095.0,4964.0,0.0,21.07,13952706.0,1000000.0,500000,1000000,,,,,,,,stage1_pair_screen_1m,MacBookPro.fios-router.home,a778f3cbe9d6a9f3bd05580ec3a2cb3c45c4b342,5.857275,2026-04-29T03:43:59.621986+00:00,2026-04-29T03:44:05.479261+00:00,/Users/barry/Library/Mobile Documents/com~apple~CloudDocs/Carnegie Mellon/15740/Proj/Mixture-of-Prefetchers/artifacts/athena_traces/429.mcf-192B.champsimtrace.xz,results/stage1_pair_screen_1m_probe1_budget8192_Pythia_SPPplusPPF/runs/20260429T034359.594397Z-1ab1/logs/429.mcf-192B__Baseline.out,results/stage1_pair_screen_1m_probe1_budget8192_Pythia_SPPplusPPF/runs/20260429T034359.594397Z-1ab1/logs/429.mcf-192B__Baseline.err,results/stage1_pair_screen_1m_probe1_budget8192_Pythia_SPPplusPPF/runs/20260429T034359.594397Z-1ab1/metrics/429.mcf-192B__Baseline.json,,"--warmup_instructions=500000 --simulation_instructions=1000000 --llc_replacement_type=ship --config='/Users/barry/Library/Mobile Documents/com~apple~CloudDocs/Carnegie Mellon/15740/Proj/Mixture-of-Prefetchers/external/athena'/config/nopref.ini --rob_partition_size=64,128,320 --rob_frontal_partition_ids=0 --rob_dorsal_partition_ids=2 --dram_io_freq=400"
20260429T034359.594397Z-1ab1,429.mcf-192B,SPEC,train,Pythia,single,,,,,,,0.06938,0.9680479977675457,0.968183086798772,0.07167,0.07166,1.0,81554.0,81.554,20569.0,20569.0,0.0,0.0,0.0,0.0,7998.0,20569.0,7998.0,0.388837571102144,0.0,0.0,0.0,0.0,0.0,0.0,0.0,0.0,0.0,0.0,143912.0,81565.0,0.0,0.0,0.0,75324.0,25541.0,0.0,21.07,14413811.0,1000000.0,500000,1000000,,,,,,,,stage1_pair_screen_1m,MacBookPro.fios-router.home,a778f3cbe9d6a9f3bd05580ec3a2cb3c45c4b342,6.888841,2026-04-29T03:44:05.479396+00:00,2026-04-29T03:44:12.368237+00:00,/Users/barry/Library/Mobile Documents/com~apple~CloudDocs/Carnegie Mellon/15740/Proj/Mixture-of-Prefetchers/artifacts/athena_traces/429.mcf-192B.champsimtrace.xz,results/stage1_pair_screen_1m_probe1_budget8192_Pythia_SPPplusPPF/runs/20260429T034359.594397Z-1ab1/logs/429.mcf-192B__Pythia.out,results/stage1_pair_screen_1m_probe1_budget8192_Pythia_SPPplusPPF/runs/20260429T034359.594397Z-1ab1/logs/429.mcf-192B__Pythia.err,results/stage1_pair_screen_1m_probe1_budget8192_Pythia_SPPplusPPF/runs/20260429T034359.594397Z-1ab1/metrics/429.mcf-192B__Pythia.json,,"--warmup_instructions=500000 --simulation_instructions=1000000 --llc_replacement_type=ship --config='/Users/barry/Library/Mobile Documents/com~apple~CloudDocs/Carnegie Mellon/15740/Proj/Mixture-of-Prefetchers/external/athena'/config/nopref.ini --rob_partition_size=64,128,320 --rob_frontal_partition_ids=0 --rob_dorsal_partition_ids=2 --dram_io_freq=400 --l2c_prefetcher_types=scooby --config='/Users/barry/Library/Mobile Documents/com~apple~CloudDocs/Carnegie Mellon/15740/Proj/Mixture-of-Prefetchers/external/athena/config/pythia.ini' --l2c_prefetcher_force_prefetch_at_llc=true"
20260429T034359.594397Z-1ab1,429.mcf-192B,SPEC,train,SPP+PPF,single,,,,,,,0.07166,0.9998604716059719,1.0,0.07167,0.07166,1.0,81815.0,81.815,2902.0,2902.0,0.0,0.0,0.0,0.0,246.0,2902.0,246.0,0.08476912474155755,0.0,0.0,0.0,0.0,0.0,0.0,0.0,0.0,0.0,0.0,143911.0,81826.0,0.0,0.0,0.0,59069.0,6048.0,0.0,21.07,13955484.0,1000000.0,500000,1000000,,,,,,,,stage1_pair_screen_1m,MacBookPro.fios-router.home,a778f3cbe9d6a9f3bd05580ec3a2cb3c45c4b342,6.828423,2026-04-29T03:44:12.368333+00:00,2026-04-29T03:44:19.196756+00:00,/Users/barry/Library/Mobile Documents/com~apple~CloudDocs/Carnegie Mellon/15740/Proj/Mixture-of-Prefetchers/artifacts/athena_traces/429.mcf-192B.champsimtrace.xz,results/stage1_pair_screen_1m_probe1_budget8192_Pythia_SPPplusPPF/runs/20260429T034359.594397Z-1ab1/logs/429.mcf-192B__SPPplusPPF.out,results/stage1_pair_screen_1m_probe1_budget8192_Pythia_SPPplusPPF/runs/20260429T034359.594397Z-1ab1/logs/429.mcf-192B__SPPplusPPF.err,results/stage1_pair_screen_1m_probe1_budget8192_Pythia_SPPplusPPF/runs/20260429T034359.594397Z-1ab1/metrics/429.mcf-192B__SPPplusPPF.json,,"--warmup_instructions=500000 --simulation_instructions=1000000 --llc_replacement_type=ship --config='/Users/barry/Library/Mobile Documents/com~apple~CloudDocs/Carnegie Mellon/15740/Proj/Mixture-of-Prefetchers/external/athena'/config/nopref.ini --rob_partition_size=64,128,320 --rob_frontal_partition_ids=0 --rob_dorsal_partition_ids=2 --dram_io_freq=400 --l2c_prefetcher_types=spp_ppf_dev --config='/Users/barry/Library/Mobile Documents/com~apple~CloudDocs/Carnegie Mellon/15740/Proj/Mixture-of-Prefetchers/external/athena/config/spp_ppf_dev.ini' --l2c_prefetcher_force_prefetch_at_llc=true"
20260429T034359.594397Z-1ab1,429.mcf-192B,SPEC,train,MoP-V0,router,MoP-V0,,,Pythia,SPP+PPF,1,0.07156,0.99846518766569,0.9986045213508233,0.07167,0.07166,1.0,81716.0,81.716,1632.0,1632.0,0.0,0.0,0.0,0.0,315.0,1632.0,315.0,0.19301470588235295,3923.0,2463.0,2583.0,1431.0,0.0,8192.0,0.0,1.0,0.6584246749936273,0.5809987819732034,143914.0,81727.0,0.0,0.0,0.0,58991.0,5765.0,0.0,21.07,13975048.0,1000000.0,500000,1000000,500000,8192,30,50,10,1,"1.0,0.25,1.0",stage1_pair_screen_1m,MacBookPro.fios-router.home,a778f3cbe9d6a9f3bd05580ec3a2cb3c45c4b342,7.122078,2026-04-29T03:44:19.196847+00:00,2026-04-29T03:44:26.318925+00:00,/Users/barry/Library/Mobile Documents/com~apple~CloudDocs/Carnegie Mellon/15740/Proj/Mixture-of-Prefetchers/artifacts/athena_traces/429.mcf-192B.champsimtrace.xz,results/stage1_pair_screen_1m_probe1_budget8192_Pythia_SPPplusPPF/runs/20260429T034359.594397Z-1ab1/logs/429.mcf-192B__MoP-V0.out,results/stage1_pair_screen_1m_probe1_budget8192_Pythia_SPPplusPPF/runs/20260429T034359.594397Z-1ab1/logs/429.mcf-192B__MoP-V0.err,results/stage1_pair_screen_1m_probe1_budget8192_Pythia_SPPplusPPF/runs/20260429T034359.594397Z-1ab1/metrics/429.mcf-192B__MoP-V0.json,results/stage1_pair_screen_1m_probe1_budget8192_Pythia_SPPplusPPF/runs/20260429T034359.594397Z-1ab1/epoch_logs/429.mcf-192B__MoP-V0,"--warmup_instructions=500000 --simulation_instructions=1000000 --llc_replacement_type=ship --config='/Users/barry/Library/Mobile Documents/com~apple~CloudDocs/Carnegie Mellon/15740/Proj/Mixture-of-Prefetchers/external/athena'/config/nopref.ini --rob_partition_size=64,128,320 --rob_frontal_partition_ids=0 --rob_dorsal_partition_ids=2 --dram_io_freq=400 --config='/Users/barry/Library/Mobile Documents/com~apple~CloudDocs/Carnegie Mellon/15740/Proj/Mixture-of-Prefetchers/external/athena/config/mop_lite.ini' --mop_router_type=4 --mop_seed=1 --l2c_prefetcher_types=scooby --config='/Users/barry/Library/Mobile Documents/com~apple~CloudDocs/Carnegie Mellon/15740/Proj/Mixture-of-Prefetchers/external/athena/config/pythia.ini' --l2c_prefetcher_types=spp_ppf_dev --config='/Users/barry/Library/Mobile Documents/com~apple~CloudDocs/Carnegie Mellon/15740/Proj/Mixture-of-Prefetchers/external/athena/config/spp_ppf_dev.ini' --l2c_prefetcher_force_prefetch_at_llc=true --mop_epoch_trace=results/stage1_pair_screen_1m_probe1_budget8192_Pythia_SPPplusPPF/runs/20260429T034359.594397Z-1ab1/epoch_logs/429.mcf-192B__MoP-V0 --mop_total_budget=8192 --mop_one_shot_epochs=1"
20260429T034359.594397Z-1ab1,429.mcf-192B,SPEC,train,MoP-V1.1,router,MoP-V1.1,,,Pythia,SPP+PPF,1,0.07264,1.013534254220734,1.0136756907619313,0.07167,0.07166,1.0,81634.0,81.634,7123.0,7123.0,0.0,0.0,0.0,0.0,2227.0,7123.0,2227.0,0.3126491646778043,7835.0,3502.0,5499.0,2307.0,4915.0,19661.0,2.0,3.0,0.7018506700701979,0.6587664191890349,143911.0,81645.0,0.0,0.0,0.0,60860.0,9894.0,0.0,21.07,13767310.0,1000000.0,500000,1000000,500000,8192,30,50,10,1,"1.0,0.25,1.0",stage1_pair_screen_1m,MacBookPro.fios-router.home,a778f3cbe9d6a9f3bd05580ec3a2cb3c45c4b342,7.077002,2026-04-29T03:44:26.319009+00:00,2026-04-29T03:44:33.396011+00:00,/Users/barry/Library/Mobile Documents/com~apple~CloudDocs/Carnegie Mellon/15740/Proj/Mixture-of-Prefetchers/artifacts/athena_traces/429.mcf-192B.champsimtrace.xz,results/stage1_pair_screen_1m_probe1_budget8192_Pythia_SPPplusPPF/runs/20260429T034359.594397Z-1ab1/logs/429.mcf-192B__MoP-V1.1.out,results/stage1_pair_screen_1m_probe1_budget8192_Pythia_SPPplusPPF/runs/20260429T034359.594397Z-1ab1/logs/429.mcf-192B__MoP-V1.1.err,results/stage1_pair_screen_1m_probe1_budget8192_Pythia_SPPplusPPF/runs/20260429T034359.594397Z-1ab1/metrics/429.mcf-192B__MoP-V1.1.json,results/stage1_pair_screen_1m_probe1_budget8192_Pythia_SPPplusPPF/runs/20260429T034359.594397Z-1ab1/epoch_logs/429.mcf-192B__MoP-V1.1,"--warmup_instructions=500000 --simulation_instructions=1000000 --llc_replacement_type=ship --config='/Users/barry/Library/Mobile Documents/com~apple~CloudDocs/Carnegie Mellon/15740/Proj/Mixture-of-Prefetchers/external/athena'/config/nopref.ini --rob_partition_size=64,128,320 --rob_frontal_partition_ids=0 --rob_dorsal_partition_ids=2 --dram_io_freq=400 --config='/Users/barry/Library/Mobile Documents/com~apple~CloudDocs/Carnegie Mellon/15740/Proj/Mixture-of-Prefetchers/external/athena/config/mop_lite.ini' --mop_router_type=5 --mop_seed=1 --l2c_prefetcher_types=scooby --config='/Users/barry/Library/Mobile Documents/com~apple~CloudDocs/Carnegie Mellon/15740/Proj/Mixture-of-Prefetchers/external/athena/config/pythia.ini' --l2c_prefetcher_types=spp_ppf_dev --config='/Users/barry/Library/Mobile Documents/com~apple~CloudDocs/Carnegie Mellon/15740/Proj/Mixture-of-Prefetchers/external/athena/config/spp_ppf_dev.ini' --l2c_prefetcher_force_prefetch_at_llc=true --mop_epoch_trace=results/stage1_pair_screen_1m_probe1_budget8192_Pythia_SPPplusPPF/runs/20260429T034359.594397Z-1ab1/epoch_logs/429.mcf-192B__MoP-V1.1 --mop_total_budget=8192 --mop_one_shot_epochs=1"
20260429T034359.594397Z-1ab1,429.mcf-192B,SPEC,train,MoP-V1.2,router,MoP-V1.2,,,Pythia,SPP+PPF,1,0.07381,1.0298590763220317,1.0300027909572984,0.07167,0.07166,1.0,81782.0,81.782,9737.0,9737.0,0.0,0.0,0.0,0.0,4110.0,9737.0,4110.0,0.42210126322275854,11603.0,2016.0,7620.0,1007.0,8192.0,16384.0,1.0,2.0,0.6567267086098423,0.49950396825396826,143903.0,81793.0,0.0,0.0,0.0,61617.0,12637.0,0.0,21.07,13547457.0,1000000.0,500000,1000000,500000,8192,30,50,10,1,"1.0,0.25,1.0",stage1_pair_screen_1m,MacBookPro.fios-router.home,a778f3cbe9d6a9f3bd05580ec3a2cb3c45c4b342,7.056052,2026-04-29T03:44:33.396091+00:00,2026-04-29T03:44:40.452143+00:00,/Users/barry/Library/Mobile Documents/com~apple~CloudDocs/Carnegie Mellon/15740/Proj/Mixture-of-Prefetchers/artifacts/athena_traces/429.mcf-192B.champsimtrace.xz,results/stage1_pair_screen_1m_probe1_budget8192_Pythia_SPPplusPPF/runs/20260429T034359.594397Z-1ab1/logs/429.mcf-192B__MoP-V1.2.out,results/stage1_pair_screen_1m_probe1_budget8192_Pythia_SPPplusPPF/runs/20260429T034359.594397Z-1ab1/logs/429.mcf-192B__MoP-V1.2.err,results/stage1_pair_screen_1m_probe1_budget8192_Pythia_SPPplusPPF/runs/20260429T034359.594397Z-1ab1/metrics/429.mcf-192B__MoP-V1.2.json,results/stage1_pair_screen_1m_probe1_budget8192_Pythia_SPPplusPPF/runs/20260429T034359.594397Z-1ab1/epoch_logs/429.mcf-192B__MoP-V1.2,"--warmup_instructions=500000 --simulation_instructions=1000000 --llc_replacement_type=ship --config='/Users/barry/Library/Mobile Documents/com~apple~CloudDocs/Carnegie Mellon/15740/Proj/Mixture-of-Prefetchers/external/athena'/config/nopref.ini --rob_partition_size=64,128,320 --rob_frontal_partition_ids=0 --rob_dorsal_partition_ids=2 --dram_io_freq=400 --config='/Users/barry/Library/Mobile Documents/com~apple~CloudDocs/Carnegie Mellon/15740/Proj/Mixture-of-Prefetchers/external/athena/config/mop_lite.ini' --mop_router_type=6 --mop_seed=1 --l2c_prefetcher_types=scooby --config='/Users/barry/Library/Mobile Documents/com~apple~CloudDocs/Carnegie Mellon/15740/Proj/Mixture-of-Prefetchers/external/athena/config/pythia.ini' --l2c_prefetcher_types=spp_ppf_dev --config='/Users/barry/Library/Mobile Documents/com~apple~CloudDocs/Carnegie Mellon/15740/Proj/Mixture-of-Prefetchers/external/athena/config/spp_ppf_dev.ini' --l2c_prefetcher_force_prefetch_at_llc=true --mop_epoch_trace=results/stage1_pair_screen_1m_probe1_budget8192_Pythia_SPPplusPPF/runs/20260429T034359.594397Z-1ab1/epoch_logs/429.mcf-192B__MoP-V1.2 --mop_total_budget=8192 --mop_one_shot_epochs=1"
20260429T034359.594397Z-1ab1,429.mcf-192B,SPEC,train,WinnerTakeAll,router,WinnerTakeAll,,,Pythia,SPP+PPF,1,0.07366,1.027766150411609,1.0279095729835335,0.07167,0.07166,1.0,81753.0,81.753,9547.0,9547.0,0.0,0.0,0.0,0.0,4157.0,9547.0,4157.0,0.43542474075625853,11609.0,2022.0,7527.0,1220.0,8192.0,16384.0,1.0,2.0,0.6483762597984323,0.6033630069238378,143914.0,81764.0,0.0,0.0,0.0,61966.0,12903.0,0.0,21.07,13576461.0,1000000.0,500000,1000000,500000,8192,30,50,10,1,"1.0,0.25,1.0",stage1_pair_screen_1m,MacBookPro.fios-router.home,a778f3cbe9d6a9f3bd05580ec3a2cb3c45c4b342,7.186068,2026-04-29T03:44:40.452209+00:00,2026-04-29T03:44:47.638277+00:00,/Users/barry/Library/Mobile Documents/com~apple~CloudDocs/Carnegie Mellon/15740/Proj/Mixture-of-Prefetchers/artifacts/athena_traces/429.mcf-192B.champsimtrace.xz,results/stage1_pair_screen_1m_probe1_budget8192_Pythia_SPPplusPPF/runs/20260429T034359.594397Z-1ab1/logs/429.mcf-192B__WinnerTakeAll.out,results/stage1_pair_screen_1m_probe1_budget8192_Pythia_SPPplusPPF/runs/20260429T034359.594397Z-1ab1/logs/429.mcf-192B__WinnerTakeAll.err,results/stage1_pair_screen_1m_probe1_budget8192_Pythia_SPPplusPPF/runs/20260429T034359.594397Z-1ab1/metrics/429.mcf-192B__WinnerTakeAll.json,results/stage1_pair_screen_1m_probe1_budget8192_Pythia_SPPplusPPF/runs/20260429T034359.594397Z-1ab1/epoch_logs/429.mcf-192B__WinnerTakeAll,"--warmup_instructions=500000 --simulation_instructions=1000000 --llc_replacement_type=ship --config='/Users/barry/Library/Mobile Documents/com~apple~CloudDocs/Carnegie Mellon/15740/Proj/Mixture-of-Prefetchers/external/athena'/config/nopref.ini --rob_partition_size=64,128,320 --rob_frontal_partition_ids=0 --rob_dorsal_partition_ids=2 --dram_io_freq=400 --config='/Users/barry/Library/Mobile Documents/com~apple~CloudDocs/Carnegie Mellon/15740/Proj/Mixture-of-Prefetchers/external/athena/config/mop_lite.ini' --mop_router_type=1 --mop_seed=1 --l2c_prefetcher_types=scooby --config='/Users/barry/Library/Mobile Documents/com~apple~CloudDocs/Carnegie Mellon/15740/Proj/Mixture-of-Prefetchers/external/athena/config/pythia.ini' --l2c_prefetcher_types=spp_ppf_dev --config='/Users/barry/Library/Mobile Documents/com~apple~CloudDocs/Carnegie Mellon/15740/Proj/Mixture-of-Prefetchers/external/athena/config/spp_ppf_dev.ini' --l2c_prefetcher_force_prefetch_at_llc=true --mop_epoch_trace=results/stage1_pair_screen_1m_probe1_budget8192_Pythia_SPPplusPPF/runs/20260429T034359.594397Z-1ab1/epoch_logs/429.mcf-192B__WinnerTakeAll --mop_total_budget=8192 --mop_one_shot_epochs=1"
20260429T034359.594397Z-1ab1,429.mcf-192B,SPEC,train,OneShotFit,router,OneShotFit,,,Pythia,SPP+PPF,1,0.0715,0.9976280173015208,0.9977672341613172,0.07167,0.07166,1.0,81758.0,81.758,3518.0,3518.0,0.0,0.0,0.0,0.0,440.0,3518.0,440.0,0.12507106310403637,3926.0,3811.0,2493.0,2327.0,0.0,24576.0,0.0,3.0,0.6349974528782476,0.6106008921542903,143909.0,81769.0,0.0,0.0,0.0,59473.0,6385.0,0.0,21.07,13985963.0,1000000.0,500000,1000000,500000,8192,30,50,10,1,"1.0,0.25,1.0",stage1_pair_screen_1m,MacBookPro.fios-router.home,a778f3cbe9d6a9f3bd05580ec3a2cb3c45c4b342,6.996876,2026-04-29T03:44:47.638354+00:00,2026-04-29T03:44:54.635230+00:00,/Users/barry/Library/Mobile Documents/com~apple~CloudDocs/Carnegie Mellon/15740/Proj/Mixture-of-Prefetchers/artifacts/athena_traces/429.mcf-192B.champsimtrace.xz,results/stage1_pair_screen_1m_probe1_budget8192_Pythia_SPPplusPPF/runs/20260429T034359.594397Z-1ab1/logs/429.mcf-192B__OneShotFit.out,results/stage1_pair_screen_1m_probe1_budget8192_Pythia_SPPplusPPF/runs/20260429T034359.594397Z-1ab1/logs/429.mcf-192B__OneShotFit.err,results/stage1_pair_screen_1m_probe1_budget8192_Pythia_SPPplusPPF/runs/20260429T034359.594397Z-1ab1/metrics/429.mcf-192B__OneShotFit.json,results/stage1_pair_screen_1m_probe1_budget8192_Pythia_SPPplusPPF/runs/20260429T034359.594397Z-1ab1/epoch_logs/429.mcf-192B__OneShotFit,"--warmup_instructions=500000 --simulation_instructions=1000000 --llc_replacement_type=ship --config='/Users/barry/Library/Mobile Documents/com~apple~CloudDocs/Carnegie Mellon/15740/Proj/Mixture-of-Prefetchers/external/athena'/config/nopref.ini --rob_partition_size=64,128,320 --rob_frontal_partition_ids=0 --rob_dorsal_partition_ids=2 --dram_io_freq=400 --config='/Users/barry/Library/Mobile Documents/com~apple~CloudDocs/Carnegie Mellon/15740/Proj/Mixture-of-Prefetchers/external/athena/config/mop_lite.ini' --mop_router_type=3 --mop_seed=1 --l2c_prefetcher_types=scooby --config='/Users/barry/Library/Mobile Documents/com~apple~CloudDocs/Carnegie Mellon/15740/Proj/Mixture-of-Prefetchers/external/athena/config/pythia.ini' --l2c_prefetcher_types=spp_ppf_dev --config='/Users/barry/Library/Mobile Documents/com~apple~CloudDocs/Carnegie Mellon/15740/Proj/Mixture-of-Prefetchers/external/athena/config/spp_ppf_dev.ini' --l2c_prefetcher_force_prefetch_at_llc=true --mop_epoch_trace=results/stage1_pair_screen_1m_probe1_budget8192_Pythia_SPPplusPPF/runs/20260429T034359.594397Z-1ab1/epoch_logs/429.mcf-192B__OneShotFit --mop_total_budget=8192 --mop_one_shot_epochs=1"
20260429T034359.594397Z-1ab1,429.mcf-192B,SPEC,train,AthenaMAB,builtin,,,AthenaMAB,Pythia,SPP+PPF,,0.07162,0.9993023580298591,0.9994418085403294,0.07167,0.07166,1.0,81799.0,81.799,1398.0,1398.0,0.0,0.0,0.0,0.0,89.0,1398.0,89.0,0.06366237482117311,0.0,1273.0,0.0,873.0,0.0,0.0,0.0,0.0,0.0,0.6857816182246661,143913.0,81810.0,0.0,0.0,0.0,58647.0,5413.0,0.0,21.07,13962551.0,1000000.0,500000,1000000,500000,,,,,,,stage1_pair_screen_1m,MacBookPro.fios-router.home,a778f3cbe9d6a9f3bd05580ec3a2cb3c45c4b342,7.28852,2026-04-29T03:44:54.635299+00:00,2026-04-29T03:45:01.923819+00:00,/Users/barry/Library/Mobile Documents/com~apple~CloudDocs/Carnegie Mellon/15740/Proj/Mixture-of-Prefetchers/artifacts/athena_traces/429.mcf-192B.champsimtrace.xz,results/stage1_pair_screen_1m_probe1_budget8192_Pythia_SPPplusPPF/runs/20260429T034359.594397Z-1ab1/logs/429.mcf-192B__AthenaMAB.out,results/stage1_pair_screen_1m_probe1_budget8192_Pythia_SPPplusPPF/runs/20260429T034359.594397Z-1ab1/logs/429.mcf-192B__AthenaMAB.err,results/stage1_pair_screen_1m_probe1_budget8192_Pythia_SPPplusPPF/runs/20260429T034359.594397Z-1ab1/metrics/429.mcf-192B__AthenaMAB.json,results/stage1_pair_screen_1m_probe1_budget8192_Pythia_SPPplusPPF/runs/20260429T034359.594397Z-1ab1/epoch_logs/429.mcf-192B__AthenaMAB,"--warmup_instructions=500000 --simulation_instructions=1000000 --llc_replacement_type=ship --config='/Users/barry/Library/Mobile Documents/com~apple~CloudDocs/Carnegie Mellon/15740/Proj/Mixture-of-Prefetchers/external/athena'/config/nopref.ini --rob_partition_size=64,128,320 --rob_frontal_partition_ids=0 --rob_dorsal_partition_ids=2 --dram_io_freq=400 --config='/Users/barry/Library/Mobile Documents/com~apple~CloudDocs/Carnegie Mellon/15740/Proj/Mixture-of-Prefetchers/external/athena/config/mop_lite_mab.ini' --l2c_prefetcher_types=scooby --config='/Users/barry/Library/Mobile Documents/com~apple~CloudDocs/Carnegie Mellon/15740/Proj/Mixture-of-Prefetchers/external/athena/config/pythia.ini' --l2c_prefetcher_types=spp_ppf_dev --config='/Users/barry/Library/Mobile Documents/com~apple~CloudDocs/Carnegie Mellon/15740/Proj/Mixture-of-Prefetchers/external/athena/config/spp_ppf_dev.ini' --l2c_prefetcher_force_prefetch_at_llc=true --mop_epoch_trace=results/stage1_pair_screen_1m_probe1_budget8192_Pythia_SPPplusPPF/runs/20260429T034359.594397Z-1ab1/epoch_logs/429.mcf-192B__AthenaMAB"
20260429T034359.594397Z-1ab1,450.soplex-92B,SPEC,train,Baseline,baseline,,,,,,,0.46381,1.0,0.9183992713159874,0.46381,0.50502,0.0,10899.0,10.899,0.0,0.0,0.0,0.0,0.0,0.0,0.0,0.0,0.0,0.0,0.0,0.0,0.0,0.0,0.0,0.0,0.0,0.0,0.0,0.0,30214.0,16532.0,0.0,0.0,0.0,6799.0,11939.0,0.0,6.58,2156074.0,1000000.0,500000,1000000,,,,,,,,stage1_pair_screen_1m,MacBookPro.fios-router.home,a778f3cbe9d6a9f3bd05580ec3a2cb3c45c4b342,4.383139,2026-04-29T03:45:01.923910+00:00,2026-04-29T03:45:06.307049+00:00,/Users/barry/Library/Mobile Documents/com~apple~CloudDocs/Carnegie Mellon/15740/Proj/Mixture-of-Prefetchers/artifacts/athena_traces/450.soplex-92B.champsimtrace.xz,results/stage1_pair_screen_1m_probe1_budget8192_Pythia_SPPplusPPF/runs/20260429T034359.594397Z-1ab1/logs/450.soplex-92B__Baseline.out,results/stage1_pair_screen_1m_probe1_budget8192_Pythia_SPPplusPPF/runs/20260429T034359.594397Z-1ab1/logs/450.soplex-92B__Baseline.err,results/stage1_pair_screen_1m_probe1_budget8192_Pythia_SPPplusPPF/runs/20260429T034359.594397Z-1ab1/metrics/450.soplex-92B__Baseline.json,,"--warmup_instructions=500000 --simulation_instructions=1000000 --llc_replacement_type=ship --config='/Users/barry/Library/Mobile Documents/com~apple~CloudDocs/Carnegie Mellon/15740/Proj/Mixture-of-Prefetchers/external/athena'/config/nopref.ini --rob_partition_size=64,128,320 --rob_frontal_partition_ids=0 --rob_dorsal_partition_ids=2 --dram_io_freq=400"
20260429T034359.594397Z-1ab1,450.soplex-92B,SPEC,train,Pythia,single,,,,,,,0.50502,1.088851038140618,1.0,0.46381,0.50502,1.0,10900.0,10.9,52058.0,52058.0,0.0,0.0,0.0,0.0,5839.0,52058.0,5839.0,0.11216335625648316,0.0,0.0,0.0,0.0,0.0,0.0,0.0,0.0,0.0,0.0,30213.0,16533.0,0.0,0.0,0.0,7047.0,15255.0,0.0,6.58,1980115.0,1000000.0,500000,1000000,,,,,,,,stage1_pair_screen_1m,MacBookPro.fios-router.home,a778f3cbe9d6a9f3bd05580ec3a2cb3c45c4b342,4.389708,2026-04-29T03:45:06.307146+00:00,2026-04-29T03:45:10.696854+00:00,/Users/barry/Library/Mobile Documents/com~apple~CloudDocs/Carnegie Mellon/15740/Proj/Mixture-of-Prefetchers/artifacts/athena_traces/450.soplex-92B.champsimtrace.xz,results/stage1_pair_screen_1m_probe1_budget8192_Pythia_SPPplusPPF/runs/20260429T034359.594397Z-1ab1/logs/450.soplex-92B__Pythia.out,results/stage1_pair_screen_1m_probe1_budget8192_Pythia_SPPplusPPF/runs/20260429T034359.594397Z-1ab1/logs/450.soplex-92B__Pythia.err,results/stage1_pair_screen_1m_probe1_budget8192_Pythia_SPPplusPPF/runs/20260429T034359.594397Z-1ab1/metrics/450.soplex-92B__Pythia.json,,"--warmup_instructions=500000 --simulation_instructions=1000000 --llc_replacement_type=ship --config='/Users/barry/Library/Mobile Documents/com~apple~CloudDocs/Carnegie Mellon/15740/Proj/Mixture-of-Prefetchers/external/athena'/config/nopref.ini --rob_partition_size=64,128,320 --rob_frontal_partition_ids=0 --rob_dorsal_partition_ids=2 --dram_io_freq=400 --l2c_prefetcher_types=scooby --config='/Users/barry/Library/Mobile Documents/com~apple~CloudDocs/Carnegie Mellon/15740/Proj/Mixture-of-Prefetchers/external/athena/config/pythia.ini' --l2c_prefetcher_force_prefetch_at_llc=true"
20260429T034359.594397Z-1ab1,450.soplex-92B,SPEC,train,SPP+PPF,single,,,,,,,0.498,1.073715530066191,0.9860995604134489,0.46381,0.50502,1.0,10904.0,10.904,22485.0,22485.0,0.0,0.0,0.0,0.0,3295.0,22485.0,3295.0,0.1465421392039137,0.0,0.0,0.0,0.0,0.0,0.0,0.0,0.0,0.0,0.0,30211.0,16537.0,0.0,0.0,0.0,7018.0,14038.0,0.0,6.58,2008043.0,1000000.0,500000,1000000,,,,,,,,stage1_pair_screen_1m,MacBookPro.fios-router.home,a778f3cbe9d6a9f3bd05580ec3a2cb3c45c4b342,4.56606,2026-04-29T03:45:10.696919+00:00,2026-04-29T03:45:15.262979+00:00,/Users/barry/Library/Mobile Documents/com~apple~CloudDocs/Carnegie Mellon/15740/Proj/Mixture-of-Prefetchers/artifacts/athena_traces/450.soplex-92B.champsimtrace.xz,results/stage1_pair_screen_1m_probe1_budget8192_Pythia_SPPplusPPF/runs/20260429T034359.594397Z-1ab1/logs/450.soplex-92B__SPPplusPPF.out,results/stage1_pair_screen_1m_probe1_budget8192_Pythia_SPPplusPPF/runs/20260429T034359.594397Z-1ab1/logs/450.soplex-92B__SPPplusPPF.err,results/stage1_pair_screen_1m_probe1_budget8192_Pythia_SPPplusPPF/runs/20260429T034359.594397Z-1ab1/metrics/450.soplex-92B__SPPplusPPF.json,,"--warmup_instructions=500000 --simulation_instructions=1000000 --llc_replacement_type=ship --config='/Users/barry/Library/Mobile Documents/com~apple~CloudDocs/Carnegie Mellon/15740/Proj/Mixture-of-Prefetchers/external/athena'/config/nopref.ini --rob_partition_size=64,128,320 --rob_frontal_partition_ids=0 --rob_dorsal_partition_ids=2 --dram_io_freq=400 --l2c_prefetcher_types=spp_ppf_dev --config='/Users/barry/Library/Mobile Documents/com~apple~CloudDocs/Carnegie Mellon/15740/Proj/Mixture-of-Prefetchers/external/athena/config/spp_ppf_dev.ini' --l2c_prefetcher_force_prefetch_at_llc=true"
20260429T034359.594397Z-1ab1,450.soplex-92B,SPEC,train,MoP-V0,router,MoP-V0,,,Pythia,SPP+PPF,1,0.49376,1.0645738556736595,0.97770385331274,0.46381,0.50502,1.0,10901.0,10.901,14233.0,14233.0,0.0,0.0,0.0,0.0,2511.0,14233.0,2511.0,0.17642099346588913,1437.0,13230.0,263.0,16837.0,0.0,24576.0,0.0,3.0,0.18302018093249825,1.2726379440665154,30217.0,16532.0,0.0,0.0,0.0,6953.0,13759.0,0.0,6.58,2025257.0,1000000.0,500000,1000000,500000,8192,30,50,10,1,"1.0,0.25,1.0",stage1_pair_screen_1m,MacBookPro.fios-router.home,a778f3cbe9d6a9f3bd05580ec3a2cb3c45c4b342,4.76225,2026-04-29T03:45:15.263068+00:00,2026-04-29T03:45:20.025318+00:00,/Users/barry/Library/Mobile Documents/com~apple~CloudDocs/Carnegie Mellon/15740/Proj/Mixture-of-Prefetchers/artifacts/athena_traces/450.soplex-92B.champsimtrace.xz,results/stage1_pair_screen_1m_probe1_budget8192_Pythia_SPPplusPPF/runs/20260429T034359.594397Z-1ab1/logs/450.soplex-92B__MoP-V0.out,results/stage1_pair_screen_1m_probe1_budget8192_Pythia_SPPplusPPF/runs/20260429T034359.594397Z-1ab1/logs/450.soplex-92B__MoP-V0.err,results/stage1_pair_screen_1m_probe1_budget8192_Pythia_SPPplusPPF/runs/20260429T034359.594397Z-1ab1/metrics/450.soplex-92B__MoP-V0.json,results/stage1_pair_screen_1m_probe1_budget8192_Pythia_SPPplusPPF/runs/20260429T034359.594397Z-1ab1/epoch_logs/450.soplex-92B__MoP-V0,"--warmup_instructions=500000 --simulation_instructions=1000000 --llc_replacement_type=ship --config='/Users/barry/Library/Mobile Documents/com~apple~CloudDocs/Carnegie Mellon/15740/Proj/Mixture-of-Prefetchers/external/athena'/config/nopref.ini --rob_partition_size=64,128,320 --rob_frontal_partition_ids=0 --rob_dorsal_partition_ids=2 --dram_io_freq=400 --config='/Users/barry/Library/Mobile Documents/com~apple~CloudDocs/Carnegie Mellon/15740/Proj/Mixture-of-Prefetchers/external/athena/config/mop_lite.ini' --mop_router_type=4 --mop_seed=1 --l2c_prefetcher_types=scooby --config='/Users/barry/Library/Mobile Documents/com~apple~CloudDocs/Carnegie Mellon/15740/Proj/Mixture-of-Prefetchers/external/athena/config/pythia.ini' --l2c_prefetcher_types=spp_ppf_dev --config='/Users/barry/Library/Mobile Documents/com~apple~CloudDocs/Carnegie Mellon/15740/Proj/Mixture-of-Prefetchers/external/athena/config/spp_ppf_dev.ini' --l2c_prefetcher_force_prefetch_at_llc=true --mop_epoch_trace=results/stage1_pair_screen_1m_probe1_budget8192_Pythia_SPPplusPPF/runs/20260429T034359.594397Z-1ab1/epoch_logs/450.soplex-92B__MoP-V0 --mop_total_budget=8192 --mop_one_shot_epochs=1"
20260429T034359.594397Z-1ab1,450.soplex-92B,SPEC,train,MoP-V1.1,router,MoP-V1.1,,,Pythia,SPP+PPF,1,0.49421,1.0655440805502252,0.9785949071323907,0.46381,0.50502,1.0,10900.0,10.9,14205.0,14205.0,0.0,0.0,0.0,0.0,2500.0,14205.0,2500.0,0.17599436818021824,1437.0,13260.0,263.0,16784.0,0.0,24576.0,0.0,3.0,0.18302018093249825,1.265761689291101,30207.0,16533.0,0.0,0.0,0.0,6945.0,13754.0,0.0,6.58,2023448.0,1000000.0,500000,1000000,500000,8192,30,50,10,1,"1.0,0.25,1.0",stage1_pair_screen_1m,MacBookPro.fios-router.home,a778f3cbe9d6a9f3bd05580ec3a2cb3c45c4b342,4.59571,2026-04-29T03:45:20.025434+00:00,2026-04-29T03:45:24.621144+00:00,/Users/barry/Library/Mobile Documents/com~apple~CloudDocs/Carnegie Mellon/15740/Proj/Mixture-of-Prefetchers/artifacts/athena_traces/450.soplex-92B.champsimtrace.xz,results/stage1_pair_screen_1m_probe1_budget8192_Pythia_SPPplusPPF/runs/20260429T034359.594397Z-1ab1/logs/450.soplex-92B__MoP-V1.1.out,results/stage1_pair_screen_1m_probe1_budget8192_Pythia_SPPplusPPF/runs/20260429T034359.594397Z-1ab1/logs/450.soplex-92B__MoP-V1.1.err,results/stage1_pair_screen_1m_probe1_budget8192_Pythia_SPPplusPPF/runs/20260429T034359.594397Z-1ab1/metrics/450.soplex-92B__MoP-V1.1.json,results/stage1_pair_screen_1m_probe1_budget8192_Pythia_SPPplusPPF/runs/20260429T034359.594397Z-1ab1/epoch_logs/450.soplex-92B__MoP-V1.1,"--warmup_instructions=500000 --simulation_instructions=1000000 --llc_replacement_type=ship --config='/Users/barry/Library/Mobile Documents/com~apple~CloudDocs/Carnegie Mellon/15740/Proj/Mixture-of-Prefetchers/external/athena'/config/nopref.ini --rob_partition_size=64,128,320 --rob_frontal_partition_ids=0 --rob_dorsal_partition_ids=2 --dram_io_freq=400 --config='/Users/barry/Library/Mobile Documents/com~apple~CloudDocs/Carnegie Mellon/15740/Proj/Mixture-of-Prefetchers/external/athena/config/mop_lite.ini' --mop_router_type=5 --mop_seed=1 --l2c_prefetcher_types=scooby --config='/Users/barry/Library/Mobile Documents/com~apple~CloudDocs/Carnegie Mellon/15740/Proj/Mixture-of-Prefetchers/external/athena/config/pythia.ini' --l2c_prefetcher_types=spp_ppf_dev --config='/Users/barry/Library/Mobile Documents/com~apple~CloudDocs/Carnegie Mellon/15740/Proj/Mixture-of-Prefetchers/external/athena/config/spp_ppf_dev.ini' --l2c_prefetcher_force_prefetch_at_llc=true --mop_epoch_trace=results/stage1_pair_screen_1m_probe1_budget8192_Pythia_SPPplusPPF/runs/20260429T034359.594397Z-1ab1/epoch_logs/450.soplex-92B__MoP-V1.1 --mop_total_budget=8192 --mop_one_shot_epochs=1"
20260429T034359.594397Z-1ab1,450.soplex-92B,SPEC,train,MoP-V1.2,router,MoP-V1.2,,,Pythia,SPP+PPF,1,0.49263,1.0621375132058386,0.9754663181656171,0.46381,0.50502,1.0,10901.0,10.901,14245.0,14245.0,0.0,0.0,0.0,0.0,2487.0,14245.0,2487.0,0.1745875745875746,1437.0,13248.0,263.0,16852.0,0.0,24576.0,0.0,3.0,0.18302018093249825,1.2720410628019323,30211.0,16532.0,0.0,0.0,0.0,7185.0,13708.0,0.0,6.58,2029929.0,1000000.0,500000,1000000,500000,8192,30,50,10,1,"1.0,0.25,1.0",stage1_pair_screen_1m,MacBookPro.fios-router.home,a778f3cbe9d6a9f3bd05580ec3a2cb3c45c4b342,4.5786,2026-04-29T03:45:24.621222+00:00,2026-04-29T03:45:29.199822+00:00,/Users/barry/Library/Mobile Documents/com~apple~CloudDocs/Carnegie Mellon/15740/Proj/Mixture-of-Prefetchers/artifacts/athena_traces/450.soplex-92B.champsimtrace.xz,results/stage1_pair_screen_1m_probe1_budget8192_Pythia_SPPplusPPF/runs/20260429T034359.594397Z-1ab1/logs/450.soplex-92B__MoP-V1.2.out,results/stage1_pair_screen_1m_probe1_budget8192_Pythia_SPPplusPPF/runs/20260429T034359.594397Z-1ab1/logs/450.soplex-92B__MoP-V1.2.err,results/stage1_pair_screen_1m_probe1_budget8192_Pythia_SPPplusPPF/runs/20260429T034359.594397Z-1ab1/metrics/450.soplex-92B__MoP-V1.2.json,results/stage1_pair_screen_1m_probe1_budget8192_Pythia_SPPplusPPF/runs/20260429T034359.594397Z-1ab1/epoch_logs/450.soplex-92B__MoP-V1.2,"--warmup_instructions=500000 --simulation_instructions=1000000 --llc_replacement_type=ship --config='/Users/barry/Library/Mobile Documents/com~apple~CloudDocs/Carnegie Mellon/15740/Proj/Mixture-of-Prefetchers/external/athena'/config/nopref.ini --rob_partition_size=64,128,320 --rob_frontal_partition_ids=0 --rob_dorsal_partition_ids=2 --dram_io_freq=400 --config='/Users/barry/Library/Mobile Documents/com~apple~CloudDocs/Carnegie Mellon/15740/Proj/Mixture-of-Prefetchers/external/athena/config/mop_lite.ini' --mop_router_type=6 --mop_seed=1 --l2c_prefetcher_types=scooby --config='/Users/barry/Library/Mobile Documents/com~apple~CloudDocs/Carnegie Mellon/15740/Proj/Mixture-of-Prefetchers/external/athena/config/pythia.ini' --l2c_prefetcher_types=spp_ppf_dev --config='/Users/barry/Library/Mobile Documents/com~apple~CloudDocs/Carnegie Mellon/15740/Proj/Mixture-of-Prefetchers/external/athena/config/spp_ppf_dev.ini' --l2c_prefetcher_force_prefetch_at_llc=true --mop_epoch_trace=results/stage1_pair_screen_1m_probe1_budget8192_Pythia_SPPplusPPF/runs/20260429T034359.594397Z-1ab1/epoch_logs/450.soplex-92B__MoP-V1.2 --mop_total_budget=8192 --mop_one_shot_epochs=1"
20260429T034359.594397Z-1ab1,450.soplex-92B,SPEC,train,WinnerTakeAll,router,WinnerTakeAll,,,Pythia,SPP+PPF,1,0.49342,1.063840796878032,0.977030612649004,0.46381,0.50502,1.0,10901.0,10.901,14292.0,14292.0,0.0,0.0,0.0,0.0,2513.0,14292.0,2513.0,0.17583263364119786,1437.0,13263.0,263.0,16873.0,0.0,24576.0,0.0,3.0,0.18302018093249825,1.2721857799894443,30212.0,16533.0,0.0,0.0,0.0,6982.0,13732.0,0.0,6.58,2026653.0,1000000.0,500000,1000000,500000,8192,30,50,10,1,"1.0,0.25,1.0",stage1_pair_screen_1m,MacBookPro.fios-router.home,a778f3cbe9d6a9f3bd05580ec3a2cb3c45c4b342,4.626688,2026-04-29T03:45:29.199900+00:00,2026-04-29T03:45:33.826588+00:00,/Users/barry/Library/Mobile Documents/com~apple~CloudDocs/Carnegie Mellon/15740/Proj/Mixture-of-Prefetchers/artifacts/athena_traces/450.soplex-92B.champsimtrace.xz,results/stage1_pair_screen_1m_probe1_budget8192_Pythia_SPPplusPPF/runs/20260429T034359.594397Z-1ab1/logs/450.soplex-92B__WinnerTakeAll.out,results/stage1_pair_screen_1m_probe1_budget8192_Pythia_SPPplusPPF/runs/20260429T034359.594397Z-1ab1/logs/450.soplex-92B__WinnerTakeAll.err,results/stage1_pair_screen_1m_probe1_budget8192_Pythia_SPPplusPPF/runs/20260429T034359.594397Z-1ab1/metrics/450.soplex-92B__WinnerTakeAll.json,results/stage1_pair_screen_1m_probe1_budget8192_Pythia_SPPplusPPF/runs/20260429T034359.594397Z-1ab1/epoch_logs/450.soplex-92B__WinnerTakeAll,"--warmup_instructions=500000 --simulation_instructions=1000000 --llc_replacement_type=ship --config='/Users/barry/Library/Mobile Documents/com~apple~CloudDocs/Carnegie Mellon/15740/Proj/Mixture-of-Prefetchers/external/athena'/config/nopref.ini --rob_partition_size=64,128,320 --rob_frontal_partition_ids=0 --rob_dorsal_partition_ids=2 --dram_io_freq=400 --config='/Users/barry/Library/Mobile Documents/com~apple~CloudDocs/Carnegie Mellon/15740/Proj/Mixture-of-Prefetchers/external/athena/config/mop_lite.ini' --mop_router_type=1 --mop_seed=1 --l2c_prefetcher_types=scooby --config='/Users/barry/Library/Mobile Documents/com~apple~CloudDocs/Carnegie Mellon/15740/Proj/Mixture-of-Prefetchers/external/athena/config/pythia.ini' --l2c_prefetcher_types=spp_ppf_dev --config='/Users/barry/Library/Mobile Documents/com~apple~CloudDocs/Carnegie Mellon/15740/Proj/Mixture-of-Prefetchers/external/athena/config/spp_ppf_dev.ini' --l2c_prefetcher_force_prefetch_at_llc=true --mop_epoch_trace=results/stage1_pair_screen_1m_probe1_budget8192_Pythia_SPPplusPPF/runs/20260429T034359.594397Z-1ab1/epoch_logs/450.soplex-92B__WinnerTakeAll --mop_total_budget=8192 --mop_one_shot_epochs=1"
20260429T034359.594397Z-1ab1,450.soplex-92B,SPEC,train,OneShotFit,router,OneShotFit,,,Pythia,SPP+PPF,1,0.49343,1.0638623574308446,0.9770504138449961,0.46381,0.50502,1.0,10902.0,10.902,14171.0,14171.0,0.0,0.0,0.0,0.0,2497.0,14171.0,2497.0,0.17620492555218403,1437.0,13224.0,263.0,16792.0,0.0,24576.0,0.0,3.0,0.18302018093249825,1.2698124621899576,30214.0,16535.0,0.0,0.0,0.0,7041.0,13712.0,0.0,6.58,2026640.0,1000000.0,500000,1000000,500000,8192,30,50,10,1,"1.0,0.25,1.0",stage1_pair_screen_1m,MacBookPro.fios-router.home,a778f3cbe9d6a9f3bd05580ec3a2cb3c45c4b342,4.813742,2026-04-29T03:45:33.826651+00:00,2026-04-29T03:45:38.640393+00:00,/Users/barry/Library/Mobile Documents/com~apple~CloudDocs/Carnegie Mellon/15740/Proj/Mixture-of-Prefetchers/artifacts/athena_traces/450.soplex-92B.champsimtrace.xz,results/stage1_pair_screen_1m_probe1_budget8192_Pythia_SPPplusPPF/runs/20260429T034359.594397Z-1ab1/logs/450.soplex-92B__OneShotFit.out,results/stage1_pair_screen_1m_probe1_budget8192_Pythia_SPPplusPPF/runs/20260429T034359.594397Z-1ab1/logs/450.soplex-92B__OneShotFit.err,results/stage1_pair_screen_1m_probe1_budget8192_Pythia_SPPplusPPF/runs/20260429T034359.594397Z-1ab1/metrics/450.soplex-92B__OneShotFit.json,results/stage1_pair_screen_1m_probe1_budget8192_Pythia_SPPplusPPF/runs/20260429T034359.594397Z-1ab1/epoch_logs/450.soplex-92B__OneShotFit,"--warmup_instructions=500000 --simulation_instructions=1000000 --llc_replacement_type=ship --config='/Users/barry/Library/Mobile Documents/com~apple~CloudDocs/Carnegie Mellon/15740/Proj/Mixture-of-Prefetchers/external/athena'/config/nopref.ini --rob_partition_size=64,128,320 --rob_frontal_partition_ids=0 --rob_dorsal_partition_ids=2 --dram_io_freq=400 --config='/Users/barry/Library/Mobile Documents/com~apple~CloudDocs/Carnegie Mellon/15740/Proj/Mixture-of-Prefetchers/external/athena/config/mop_lite.ini' --mop_router_type=3 --mop_seed=1 --l2c_prefetcher_types=scooby --config='/Users/barry/Library/Mobile Documents/com~apple~CloudDocs/Carnegie Mellon/15740/Proj/Mixture-of-Prefetchers/external/athena/config/pythia.ini' --l2c_prefetcher_types=spp_ppf_dev --config='/Users/barry/Library/Mobile Documents/com~apple~CloudDocs/Carnegie Mellon/15740/Proj/Mixture-of-Prefetchers/external/athena/config/spp_ppf_dev.ini' --l2c_prefetcher_force_prefetch_at_llc=true --mop_epoch_trace=results/stage1_pair_screen_1m_probe1_budget8192_Pythia_SPPplusPPF/runs/20260429T034359.594397Z-1ab1/epoch_logs/450.soplex-92B__OneShotFit --mop_total_budget=8192 --mop_one_shot_epochs=1"
20260429T034359.594397Z-1ab1,450.soplex-92B,SPEC,train,AthenaMAB,builtin,,,AthenaMAB,Pythia,SPP+PPF,,0.46505,1.0026735085487593,0.9208546196190249,0.46381,0.50502,1.0,10900.0,10.9,6010.0,6010.0,0.0,0.0,0.0,0.0,78.0,6010.0,78.0,0.0129783693843594,0.0,4133.0,0.0,5246.0,0.0,0.0,0.0,0.0,0.0,1.2692959109605613,30214.0,16532.0,0.0,0.0,0.0,6842.0,11969.0,0.0,6.58,2150294.0,1000000.0,500000,1000000,500000,,,,,,,stage1_pair_screen_1m,MacBookPro.fios-router.home,a778f3cbe9d6a9f3bd05580ec3a2cb3c45c4b342,4.966973,2026-04-29T03:45:38.640477+00:00,2026-04-29T03:45:43.607450+00:00,/Users/barry/Library/Mobile Documents/com~apple~CloudDocs/Carnegie Mellon/15740/Proj/Mixture-of-Prefetchers/artifacts/athena_traces/450.soplex-92B.champsimtrace.xz,results/stage1_pair_screen_1m_probe1_budget8192_Pythia_SPPplusPPF/runs/20260429T034359.594397Z-1ab1/logs/450.soplex-92B__AthenaMAB.out,results/stage1_pair_screen_1m_probe1_budget8192_Pythia_SPPplusPPF/runs/20260429T034359.594397Z-1ab1/logs/450.soplex-92B__AthenaMAB.err,results/stage1_pair_screen_1m_probe1_budget8192_Pythia_SPPplusPPF/runs/20260429T034359.594397Z-1ab1/metrics/450.soplex-92B__AthenaMAB.json,results/stage1_pair_screen_1m_probe1_budget8192_Pythia_SPPplusPPF/runs/20260429T034359.594397Z-1ab1/epoch_logs/450.soplex-92B__AthenaMAB,"--warmup_instructions=500000 --simulation_instructions=1000000 --llc_replacement_type=ship --config='/Users/barry/Library/Mobile Documents/com~apple~CloudDocs/Carnegie Mellon/15740/Proj/Mixture-of-Prefetchers/external/athena'/config/nopref.ini --rob_partition_size=64,128,320 --rob_frontal_partition_ids=0 --rob_dorsal_partition_ids=2 --dram_io_freq=400 --config='/Users/barry/Library/Mobile Documents/com~apple~CloudDocs/Carnegie Mellon/15740/Proj/Mixture-of-Prefetchers/external/athena/config/mop_lite_mab.ini' --l2c_prefetcher_types=scooby --config='/Users/barry/Library/Mobile Documents/com~apple~CloudDocs/Carnegie Mellon/15740/Proj/Mixture-of-Prefetchers/external/athena/config/pythia.ini' --l2c_prefetcher_types=spp_ppf_dev --config='/Users/barry/Library/Mobile Documents/com~apple~CloudDocs/Carnegie Mellon/15740/Proj/Mixture-of-Prefetchers/external/athena/config/spp_ppf_dev.ini' --l2c_prefetcher_force_prefetch_at_llc=true --mop_epoch_trace=results/stage1_pair_screen_1m_probe1_budget8192_Pythia_SPPplusPPF/runs/20260429T034359.594397Z-1ab1/epoch_logs/450.soplex-92B__AthenaMAB"
20260429T034359.594397Z-1ab1,parsec_2.1.fluidanimate.simlarge.prebuilt.drop_9500M.length_250M,PARSEC,train,Baseline,baseline,,,,,,,1.0799,1.0,0.9729442397268296,1.0799,1.10993,0.0,855.0,0.855,0.0,0.0,0.0,0.0,0.0,0.0,0.0,0.0,0.0,0.0,0.0,0.0,0.0,0.0,0.0,0.0,0.0,0.0,0.0,0.0,2051.0,855.0,0.0,0.0,0.0,75.0,421.0,0.0,9.09,926009.0,1000000.0,500000,1000000,,,,,,,,stage1_pair_screen_1m,MacBookPro.fios-router.home,a778f3cbe9d6a9f3bd05580ec3a2cb3c45c4b342,3.353635,2026-04-29T03:45:43.607520+00:00,2026-04-29T03:45:46.961155+00:00,/Users/barry/Library/Mobile Documents/com~apple~CloudDocs/Carnegie Mellon/15740/Proj/Mixture-of-Prefetchers/artifacts/athena_traces/parsec_2.1.fluidanimate.simlarge.prebuilt.drop_9500M.length_250M.champsimtrace.xz,results/stage1_pair_screen_1m_probe1_budget8192_Pythia_SPPplusPPF/runs/20260429T034359.594397Z-1ab1/logs/parsec_2.1.fluidanimate.simlarge.prebuilt.drop_9500M.length_250M__Baseline.out,results/stage1_pair_screen_1m_probe1_budget8192_Pythia_SPPplusPPF/runs/20260429T034359.594397Z-1ab1/logs/parsec_2.1.fluidanimate.simlarge.prebuilt.drop_9500M.length_250M__Baseline.err,results/stage1_pair_screen_1m_probe1_budget8192_Pythia_SPPplusPPF/runs/20260429T034359.594397Z-1ab1/metrics/parsec_2.1.fluidanimate.simlarge.prebuilt.drop_9500M.length_250M__Baseline.json,,"--warmup_instructions=500000 --simulation_instructions=1000000 --llc_replacement_type=ship --config='/Users/barry/Library/Mobile Documents/com~apple~CloudDocs/Carnegie Mellon/15740/Proj/Mixture-of-Prefetchers/external/athena'/config/nopref.ini --rob_partition_size=64,128,320 --rob_frontal_partition_ids=0 --rob_dorsal_partition_ids=2 --dram_io_freq=400"
20260429T034359.594397Z-1ab1,parsec_2.1.fluidanimate.simlarge.prebuilt.drop_9500M.length_250M,PARSEC,train,Pythia,single,,,,,,,1.09261,1.0117696082970646,0.9843954123232996,1.0799,1.10993,1.0,855.0,0.855,1822.0,1822.0,0.0,0.0,0.0,0.0,267.0,1822.0,267.0,0.14654226125137212,0.0,0.0,0.0,0.0,0.0,0.0,0.0,0.0,0.0,0.0,2051.0,855.0,0.0,0.0,0.0,333.0,647.0,0.0,9.09,915236.0,1000000.0,500000,1000000,,,,,,,,stage1_pair_screen_1m,MacBookPro.fios-router.home,a778f3cbe9d6a9f3bd05580ec3a2cb3c45c4b342,3.432977,2026-04-29T03:45:46.961236+00:00,2026-04-29T03:45:50.394213+00:00,/Users/barry/Library/Mobile Documents/com~apple~CloudDocs/Carnegie Mellon/15740/Proj/Mixture-of-Prefetchers/artifacts/athena_traces/parsec_2.1.fluidanimate.simlarge.prebuilt.drop_9500M.length_250M.champsimtrace.xz,results/stage1_pair_screen_1m_probe1_budget8192_Pythia_SPPplusPPF/runs/20260429T034359.594397Z-1ab1/logs/parsec_2.1.fluidanimate.simlarge.prebuilt.drop_9500M.length_250M__Pythia.out,results/stage1_pair_screen_1m_probe1_budget8192_Pythia_SPPplusPPF/runs/20260429T034359.594397Z-1ab1/logs/parsec_2.1.fluidanimate.simlarge.prebuilt.drop_9500M.length_250M__Pythia.err,results/stage1_pair_screen_1m_probe1_budget8192_Pythia_SPPplusPPF/runs/20260429T034359.594397Z-1ab1/metrics/parsec_2.1.fluidanimate.simlarge.prebuilt.drop_9500M.length_250M__Pythia.json,,"--warmup_instructions=500000 --simulation_instructions=1000000 --llc_replacement_type=ship --config='/Users/barry/Library/Mobile Documents/com~apple~CloudDocs/Carnegie Mellon/15740/Proj/Mixture-of-Prefetchers/external/athena'/config/nopref.ini --rob_partition_size=64,128,320 --rob_frontal_partition_ids=0 --rob_dorsal_partition_ids=2 --dram_io_freq=400 --l2c_prefetcher_types=scooby --config='/Users/barry/Library/Mobile Documents/com~apple~CloudDocs/Carnegie Mellon/15740/Proj/Mixture-of-Prefetchers/external/athena/config/pythia.ini' --l2c_prefetcher_force_prefetch_at_llc=true"
20260429T034359.594397Z-1ab1,parsec_2.1.fluidanimate.simlarge.prebuilt.drop_9500M.length_250M,PARSEC,train,SPP+PPF,single,,,,,,,1.10993,1.027808130382443,1.0,1.0799,1.10993,1.0,855.0,0.855,2164.0,2164.0,0.0,0.0,0.0,0.0,381.0,2164.0,381.0,0.17606284658040666,0.0,0.0,0.0,0.0,0.0,0.0,0.0,0.0,0.0,0.0,2051.0,855.0,0.0,0.0,0.0,220.0,517.0,0.0,9.09,900960.0,1000000.0,500000,1000000,,,,,,,,stage1_pair_screen_1m,MacBookPro.fios-router.home,a778f3cbe9d6a9f3bd05580ec3a2cb3c45c4b342,3.462107,2026-04-29T03:45:50.394294+00:00,2026-04-29T03:45:53.856401+00:00,/Users/barry/Library/Mobile Documents/com~apple~CloudDocs/Carnegie Mellon/15740/Proj/Mixture-of-Prefetchers/artifacts/athena_traces/parsec_2.1.fluidanimate.simlarge.prebuilt.drop_9500M.length_250M.champsimtrace.xz,results/stage1_pair_screen_1m_probe1_budget8192_Pythia_SPPplusPPF/runs/20260429T034359.594397Z-1ab1/logs/parsec_2.1.fluidanimate.simlarge.prebuilt.drop_9500M.length_250M__SPPplusPPF.out,results/stage1_pair_screen_1m_probe1_budget8192_Pythia_SPPplusPPF/runs/20260429T034359.594397Z-1ab1/logs/parsec_2.1.fluidanimate.simlarge.prebuilt.drop_9500M.length_250M__SPPplusPPF.err,results/stage1_pair_screen_1m_probe1_budget8192_Pythia_SPPplusPPF/runs/20260429T034359.594397Z-1ab1/metrics/parsec_2.1.fluidanimate.simlarge.prebuilt.drop_9500M.length_250M__SPPplusPPF.json,,"--warmup_instructions=500000 --simulation_instructions=1000000 --llc_replacement_type=ship --config='/Users/barry/Library/Mobile Documents/com~apple~CloudDocs/Carnegie Mellon/15740/Proj/Mixture-of-Prefetchers/external/athena'/config/nopref.ini --rob_partition_size=64,128,320 --rob_frontal_partition_ids=0 --rob_dorsal_partition_ids=2 --dram_io_freq=400 --l2c_prefetcher_types=spp_ppf_dev --config='/Users/barry/Library/Mobile Documents/com~apple~CloudDocs/Carnegie Mellon/15740/Proj/Mixture-of-Prefetchers/external/athena/config/spp_ppf_dev.ini' --l2c_prefetcher_force_prefetch_at_llc=true"
20260429T034359.594397Z-1ab1,parsec_2.1.fluidanimate.simlarge.prebuilt.drop_9500M.length_250M,PARSEC,train,MoP-V0,router,MoP-V0,,,Pythia,SPP+PPF,1,1.09802,1.0167793314195759,0.9892695935779733,1.0799,1.10993,1.0,855.0,0.855,1167.0,1167.0,0.0,0.0,0.0,0.0,209.0,1167.0,209.0,0.1790916880891174,1347.0,1804.0,618.0,1642.0,0.0,8192.0,0.0,1.0,0.45879732739420936,0.9101995565410199,2051.0,855.0,0.0,0.0,0.0,107.0,463.0,0.0,9.09,910730.0,1000000.0,500000,1000000,500000,8192,30,50,10,1,"1.0,0.25,1.0",stage1_pair_screen_1m,MacBookPro.fios-router.home,a778f3cbe9d6a9f3bd05580ec3a2cb3c45c4b342,3.649458,2026-04-29T03:45:53.856488+00:00,2026-04-29T03:45:57.505946+00:00,/Users/barry/Library/Mobile Documents/com~apple~CloudDocs/Carnegie Mellon/15740/Proj/Mixture-of-Prefetchers/artifacts/athena_traces/parsec_2.1.fluidanimate.simlarge.prebuilt.drop_9500M.length_250M.champsimtrace.xz,results/stage1_pair_screen_1m_probe1_budget8192_Pythia_SPPplusPPF/runs/20260429T034359.594397Z-1ab1/logs/parsec_2.1.fluidanimate.simlarge.prebuilt.drop_9500M.length_250M__MoP-V0.out,results/stage1_pair_screen_1m_probe1_budget8192_Pythia_SPPplusPPF/runs/20260429T034359.594397Z-1ab1/logs/parsec_2.1.fluidanimate.simlarge.prebuilt.drop_9500M.length_250M__MoP-V0.err,results/stage1_pair_screen_1m_probe1_budget8192_Pythia_SPPplusPPF/runs/20260429T034359.594397Z-1ab1/metrics/parsec_2.1.fluidanimate.simlarge.prebuilt.drop_9500M.length_250M__MoP-V0.json,results/stage1_pair_screen_1m_probe1_budget8192_Pythia_SPPplusPPF/runs/20260429T034359.594397Z-1ab1/epoch_logs/parsec_2.1.fluidanimate.simlarge.prebuilt.drop_9500M.length_250M__MoP-V0,"--warmup_instructions=500000 --simulation_instructions=1000000 --llc_replacement_type=ship --config='/Users/barry/Library/Mobile Documents/com~apple~CloudDocs/Carnegie Mellon/15740/Proj/Mixture-of-Prefetchers/external/athena'/config/nopref.ini --rob_partition_size=64,128,320 --rob_frontal_partition_ids=0 --rob_dorsal_partition_ids=2 --dram_io_freq=400 --config='/Users/barry/Library/Mobile Documents/com~apple~CloudDocs/Carnegie Mellon/15740/Proj/Mixture-of-Prefetchers/external/athena/config/mop_lite.ini' --mop_router_type=4 --mop_seed=1 --l2c_prefetcher_types=scooby --config='/Users/barry/Library/Mobile Documents/com~apple~CloudDocs/Carnegie Mellon/15740/Proj/Mixture-of-Prefetchers/external/athena/config/pythia.ini' --l2c_prefetcher_types=spp_ppf_dev --config='/Users/barry/Library/Mobile Documents/com~apple~CloudDocs/Carnegie Mellon/15740/Proj/Mixture-of-Prefetchers/external/athena/config/spp_ppf_dev.ini' --l2c_prefetcher_force_prefetch_at_llc=true --mop_epoch_trace=results/stage1_pair_screen_1m_probe1_budget8192_Pythia_SPPplusPPF/runs/20260429T034359.594397Z-1ab1/epoch_logs/parsec_2.1.fluidanimate.simlarge.prebuilt.drop_9500M.length_250M__MoP-V0 --mop_total_budget=8192 --mop_one_shot_epochs=1"
20260429T034359.594397Z-1ab1,parsec_2.1.fluidanimate.simlarge.prebuilt.drop_9500M.length_250M,PARSEC,train,MoP-V1.1,router,MoP-V1.1,,,Pythia,SPP+PPF,1,1.11248,1.0301694601351976,1.0022974421810382,1.0799,1.10993,1.0,855.0,0.855,2897.0,2897.0,0.0,0.0,0.0,0.0,413.0,2897.0,413.0,0.14256127027959958,2075.0,2628.0,1193.0,2355.0,8100.0,16476.0,2.0,3.0,0.5749397590361446,0.8961187214611872,2051.0,855.0,0.0,0.0,0.0,209.0,563.0,0.0,9.09,898893.0,1000000.0,500000,1000000,500000,8192,30,50,10,1,"1.0,0.25,1.0",stage1_pair_screen_1m,MacBookPro.fios-router.home,a778f3cbe9d6a9f3bd05580ec3a2cb3c45c4b342,3.646027,2026-04-29T03:45:57.506029+00:00,2026-04-29T03:46:01.152056+00:00,/Users/barry/Library/Mobile Documents/com~apple~CloudDocs/Carnegie Mellon/15740/Proj/Mixture-of-Prefetchers/artifacts/athena_traces/parsec_2.1.fluidanimate.simlarge.prebuilt.drop_9500M.length_250M.champsimtrace.xz,results/stage1_pair_screen_1m_probe1_budget8192_Pythia_SPPplusPPF/runs/20260429T034359.594397Z-1ab1/logs/parsec_2.1.fluidanimate.simlarge.prebuilt.drop_9500M.length_250M__MoP-V1.1.out,results/stage1_pair_screen_1m_probe1_budget8192_Pythia_SPPplusPPF/runs/20260429T034359.594397Z-1ab1/logs/parsec_2.1.fluidanimate.simlarge.prebuilt.drop_9500M.length_250M__MoP-V1.1.err,results/stage1_pair_screen_1m_probe1_budget8192_Pythia_SPPplusPPF/runs/20260429T034359.594397Z-1ab1/metrics/parsec_2.1.fluidanimate.simlarge.prebuilt.drop_9500M.length_250M__MoP-V1.1.json,results/stage1_pair_screen_1m_probe1_budget8192_Pythia_SPPplusPPF/runs/20260429T034359.594397Z-1ab1/epoch_logs/parsec_2.1.fluidanimate.simlarge.prebuilt.drop_9500M.length_250M__MoP-V1.1,"--warmup_instructions=500000 --simulation_instructions=1000000 --llc_replacement_type=ship --config='/Users/barry/Library/Mobile Documents/com~apple~CloudDocs/Carnegie Mellon/15740/Proj/Mixture-of-Prefetchers/external/athena'/config/nopref.ini --rob_partition_size=64,128,320 --rob_frontal_partition_ids=0 --rob_dorsal_partition_ids=2 --dram_io_freq=400 --config='/Users/barry/Library/Mobile Documents/com~apple~CloudDocs/Carnegie Mellon/15740/Proj/Mixture-of-Prefetchers/external/athena/config/mop_lite.ini' --mop_router_type=5 --mop_seed=1 --l2c_prefetcher_types=scooby --config='/Users/barry/Library/Mobile Documents/com~apple~CloudDocs/Carnegie Mellon/15740/Proj/Mixture-of-Prefetchers/external/athena/config/pythia.ini' --l2c_prefetcher_types=spp_ppf_dev --config='/Users/barry/Library/Mobile Documents/com~apple~CloudDocs/Carnegie Mellon/15740/Proj/Mixture-of-Prefetchers/external/athena/config/spp_ppf_dev.ini' --l2c_prefetcher_force_prefetch_at_llc=true --mop_epoch_trace=results/stage1_pair_screen_1m_probe1_budget8192_Pythia_SPPplusPPF/runs/20260429T034359.594397Z-1ab1/epoch_logs/parsec_2.1.fluidanimate.simlarge.prebuilt.drop_9500M.length_250M__MoP-V1.1 --mop_total_budget=8192 --mop_one_shot_epochs=1"
20260429T034359.594397Z-1ab1,parsec_2.1.fluidanimate.simlarge.prebuilt.drop_9500M.length_250M,PARSEC,train,MoP-V1.2,router,MoP-V1.2,,,Pythia,SPP+PPF,1,1.10481,1.023066950643578,0.995387096483562,1.0799,1.10993,1.0,855.0,0.855,1904.0,1904.0,0.0,0.0,0.0,0.0,325.0,1904.0,325.0,0.17069327731092437,2075.0,1809.0,1193.0,1648.0,8192.0,16384.0,1.0,2.0,0.5749397590361446,0.9110005527915975,2051.0,855.0,0.0,0.0,0.0,155.0,529.0,0.0,9.09,905131.0,1000000.0,500000,1000000,500000,8192,30,50,10,1,"1.0,0.25,1.0",stage1_pair_screen_1m,MacBookPro.fios-router.home,a778f3cbe9d6a9f3bd05580ec3a2cb3c45c4b342,3.634756,2026-04-29T03:46:01.152113+00:00,2026-04-29T03:46:04.786869+00:00,/Users/barry/Library/Mobile Documents/com~apple~CloudDocs/Carnegie Mellon/15740/Proj/Mixture-of-Prefetchers/artifacts/athena_traces/parsec_2.1.fluidanimate.simlarge.prebuilt.drop_9500M.length_250M.champsimtrace.xz,results/stage1_pair_screen_1m_probe1_budget8192_Pythia_SPPplusPPF/runs/20260429T034359.594397Z-1ab1/logs/parsec_2.1.fluidanimate.simlarge.prebuilt.drop_9500M.length_250M__MoP-V1.2.out,results/stage1_pair_screen_1m_probe1_budget8192_Pythia_SPPplusPPF/runs/20260429T034359.594397Z-1ab1/logs/parsec_2.1.fluidanimate.simlarge.prebuilt.drop_9500M.length_250M__MoP-V1.2.err,results/stage1_pair_screen_1m_probe1_budget8192_Pythia_SPPplusPPF/runs/20260429T034359.594397Z-1ab1/metrics/parsec_2.1.fluidanimate.simlarge.prebuilt.drop_9500M.length_250M__MoP-V1.2.json,results/stage1_pair_screen_1m_probe1_budget8192_Pythia_SPPplusPPF/runs/20260429T034359.594397Z-1ab1/epoch_logs/parsec_2.1.fluidanimate.simlarge.prebuilt.drop_9500M.length_250M__MoP-V1.2,"--warmup_instructions=500000 --simulation_instructions=1000000 --llc_replacement_type=ship --config='/Users/barry/Library/Mobile Documents/com~apple~CloudDocs/Carnegie Mellon/15740/Proj/Mixture-of-Prefetchers/external/athena'/config/nopref.ini --rob_partition_size=64,128,320 --rob_frontal_partition_ids=0 --rob_dorsal_partition_ids=2 --dram_io_freq=400 --config='/Users/barry/Library/Mobile Documents/com~apple~CloudDocs/Carnegie Mellon/15740/Proj/Mixture-of-Prefetchers/external/athena/config/mop_lite.ini' --mop_router_type=6 --mop_seed=1 --l2c_prefetcher_types=scooby --config='/Users/barry/Library/Mobile Documents/com~apple~CloudDocs/Carnegie Mellon/15740/Proj/Mixture-of-Prefetchers/external/athena/config/pythia.ini' --l2c_prefetcher_types=spp_ppf_dev --config='/Users/barry/Library/Mobile Documents/com~apple~CloudDocs/Carnegie Mellon/15740/Proj/Mixture-of-Prefetchers/external/athena/config/spp_ppf_dev.ini' --l2c_prefetcher_force_prefetch_at_llc=true --mop_epoch_trace=results/stage1_pair_screen_1m_probe1_budget8192_Pythia_SPPplusPPF/runs/20260429T034359.594397Z-1ab1/epoch_logs/parsec_2.1.fluidanimate.simlarge.prebuilt.drop_9500M.length_250M__MoP-V1.2 --mop_total_budget=8192 --mop_one_shot_epochs=1"
20260429T034359.594397Z-1ab1,parsec_2.1.fluidanimate.simlarge.prebuilt.drop_9500M.length_250M,PARSEC,train,WinnerTakeAll,router,WinnerTakeAll,,,Pythia,SPP+PPF,1,1.10481,1.023066950643578,0.995387096483562,1.0799,1.10993,1.0,855.0,0.855,1904.0,1904.0,0.0,0.0,0.0,0.0,325.0,1904.0,325.0,0.17069327731092437,2075.0,1809.0,1193.0,1648.0,8192.0,16384.0,1.0,2.0,0.5749397590361446,0.9110005527915975,2051.0,855.0,0.0,0.0,0.0,155.0,529.0,0.0,9.09,905131.0,1000000.0,500000,1000000,500000,8192,30,50,10,1,"1.0,0.25,1.0",stage1_pair_screen_1m,MacBookPro.fios-router.home,a778f3cbe9d6a9f3bd05580ec3a2cb3c45c4b342,3.474786,2026-04-29T03:46:04.786923+00:00,2026-04-29T03:46:08.261709+00:00,/Users/barry/Library/Mobile Documents/com~apple~CloudDocs/Carnegie Mellon/15740/Proj/Mixture-of-Prefetchers/artifacts/athena_traces/parsec_2.1.fluidanimate.simlarge.prebuilt.drop_9500M.length_250M.champsimtrace.xz,results/stage1_pair_screen_1m_probe1_budget8192_Pythia_SPPplusPPF/runs/20260429T034359.594397Z-1ab1/logs/parsec_2.1.fluidanimate.simlarge.prebuilt.drop_9500M.length_250M__WinnerTakeAll.out,results/stage1_pair_screen_1m_probe1_budget8192_Pythia_SPPplusPPF/runs/20260429T034359.594397Z-1ab1/logs/parsec_2.1.fluidanimate.simlarge.prebuilt.drop_9500M.length_250M__WinnerTakeAll.err,results/stage1_pair_screen_1m_probe1_budget8192_Pythia_SPPplusPPF/runs/20260429T034359.594397Z-1ab1/metrics/parsec_2.1.fluidanimate.simlarge.prebuilt.drop_9500M.length_250M__WinnerTakeAll.json,results/stage1_pair_screen_1m_probe1_budget8192_Pythia_SPPplusPPF/runs/20260429T034359.594397Z-1ab1/epoch_logs/parsec_2.1.fluidanimate.simlarge.prebuilt.drop_9500M.length_250M__WinnerTakeAll,"--warmup_instructions=500000 --simulation_instructions=1000000 --llc_replacement_type=ship --config='/Users/barry/Library/Mobile Documents/com~apple~CloudDocs/Carnegie Mellon/15740/Proj/Mixture-of-Prefetchers/external/athena'/config/nopref.ini --rob_partition_size=64,128,320 --rob_frontal_partition_ids=0 --rob_dorsal_partition_ids=2 --dram_io_freq=400 --config='/Users/barry/Library/Mobile Documents/com~apple~CloudDocs/Carnegie Mellon/15740/Proj/Mixture-of-Prefetchers/external/athena/config/mop_lite.ini' --mop_router_type=1 --mop_seed=1 --l2c_prefetcher_types=scooby --config='/Users/barry/Library/Mobile Documents/com~apple~CloudDocs/Carnegie Mellon/15740/Proj/Mixture-of-Prefetchers/external/athena/config/pythia.ini' --l2c_prefetcher_types=spp_ppf_dev --config='/Users/barry/Library/Mobile Documents/com~apple~CloudDocs/Carnegie Mellon/15740/Proj/Mixture-of-Prefetchers/external/athena/config/spp_ppf_dev.ini' --l2c_prefetcher_force_prefetch_at_llc=true --mop_epoch_trace=results/stage1_pair_screen_1m_probe1_budget8192_Pythia_SPPplusPPF/runs/20260429T034359.594397Z-1ab1/epoch_logs/parsec_2.1.fluidanimate.simlarge.prebuilt.drop_9500M.length_250M__WinnerTakeAll --mop_total_budget=8192 --mop_one_shot_epochs=1"
20260429T034359.594397Z-1ab1,parsec_2.1.fluidanimate.simlarge.prebuilt.drop_9500M.length_250M,PARSEC,train,OneShotFit,router,OneShotFit,,,Pythia,SPP+PPF,1,1.11286,1.0305213445689414,1.002639806113899,1.0799,1.10993,1.0,855.0,0.855,2166.0,2166.0,0.0,0.0,0.0,0.0,387.0,2166.0,387.0,0.1786703601108033,1347.0,2629.0,618.0,2354.0,0.0,24576.0,0.0,3.0,0.45879732739420936,0.895397489539749,2051.0,855.0,0.0,0.0,0.0,169.0,522.0,0.0,9.09,898589.0,1000000.0,500000,1000000,500000,8192,30,50,10,1,"1.0,0.25,1.0",stage1_pair_screen_1m,MacBookPro.fios-router.home,a778f3cbe9d6a9f3bd05580ec3a2cb3c45c4b342,3.570532,2026-04-29T03:46:08.261765+00:00,2026-04-29T03:46:11.832297+00:00,/Users/barry/Library/Mobile Documents/com~apple~CloudDocs/Carnegie Mellon/15740/Proj/Mixture-of-Prefetchers/artifacts/athena_traces/parsec_2.1.fluidanimate.simlarge.prebuilt.drop_9500M.length_250M.champsimtrace.xz,results/stage1_pair_screen_1m_probe1_budget8192_Pythia_SPPplusPPF/runs/20260429T034359.594397Z-1ab1/logs/parsec_2.1.fluidanimate.simlarge.prebuilt.drop_9500M.length_250M__OneShotFit.out,results/stage1_pair_screen_1m_probe1_budget8192_Pythia_SPPplusPPF/runs/20260429T034359.594397Z-1ab1/logs/parsec_2.1.fluidanimate.simlarge.prebuilt.drop_9500M.length_250M__OneShotFit.err,results/stage1_pair_screen_1m_probe1_budget8192_Pythia_SPPplusPPF/runs/20260429T034359.594397Z-1ab1/metrics/parsec_2.1.fluidanimate.simlarge.prebuilt.drop_9500M.length_250M__OneShotFit.json,results/stage1_pair_screen_1m_probe1_budget8192_Pythia_SPPplusPPF/runs/20260429T034359.594397Z-1ab1/epoch_logs/parsec_2.1.fluidanimate.simlarge.prebuilt.drop_9500M.length_250M__OneShotFit,"--warmup_instructions=500000 --simulation_instructions=1000000 --llc_replacement_type=ship --config='/Users/barry/Library/Mobile Documents/com~apple~CloudDocs/Carnegie Mellon/15740/Proj/Mixture-of-Prefetchers/external/athena'/config/nopref.ini --rob_partition_size=64,128,320 --rob_frontal_partition_ids=0 --rob_dorsal_partition_ids=2 --dram_io_freq=400 --config='/Users/barry/Library/Mobile Documents/com~apple~CloudDocs/Carnegie Mellon/15740/Proj/Mixture-of-Prefetchers/external/athena/config/mop_lite.ini' --mop_router_type=3 --mop_seed=1 --l2c_prefetcher_types=scooby --config='/Users/barry/Library/Mobile Documents/com~apple~CloudDocs/Carnegie Mellon/15740/Proj/Mixture-of-Prefetchers/external/athena/config/pythia.ini' --l2c_prefetcher_types=spp_ppf_dev --config='/Users/barry/Library/Mobile Documents/com~apple~CloudDocs/Carnegie Mellon/15740/Proj/Mixture-of-Prefetchers/external/athena/config/spp_ppf_dev.ini' --l2c_prefetcher_force_prefetch_at_llc=true --mop_epoch_trace=results/stage1_pair_screen_1m_probe1_budget8192_Pythia_SPPplusPPF/runs/20260429T034359.594397Z-1ab1/epoch_logs/parsec_2.1.fluidanimate.simlarge.prebuilt.drop_9500M.length_250M__OneShotFit --mop_total_budget=8192 --mop_one_shot_epochs=1"
20260429T034359.594397Z-1ab1,parsec_2.1.fluidanimate.simlarge.prebuilt.drop_9500M.length_250M,PARSEC,train,AthenaMAB,builtin,,,AthenaMAB,Pythia,SPP+PPF,,1.09319,1.0123066950643578,0.9849179677997711,1.0799,1.10993,1.0,855.0,0.855,993.0,993.0,0.0,0.0,0.0,0.0,178.0,993.0,178.0,0.17925478348439072,0.0,819.0,0.0,707.0,0.0,0.0,0.0,0.0,0.0,0.8632478632478633,2051.0,855.0,0.0,0.0,0.0,156.0,481.0,0.0,9.09,914756.0,1000000.0,500000,1000000,500000,,,,,,,stage1_pair_screen_1m,MacBookPro.fios-router.home,a778f3cbe9d6a9f3bd05580ec3a2cb3c45c4b342,3.486582,2026-04-29T03:46:11.832353+00:00,2026-04-29T03:46:15.318935+00:00,/Users/barry/Library/Mobile Documents/com~apple~CloudDocs/Carnegie Mellon/15740/Proj/Mixture-of-Prefetchers/artifacts/athena_traces/parsec_2.1.fluidanimate.simlarge.prebuilt.drop_9500M.length_250M.champsimtrace.xz,results/stage1_pair_screen_1m_probe1_budget8192_Pythia_SPPplusPPF/runs/20260429T034359.594397Z-1ab1/logs/parsec_2.1.fluidanimate.simlarge.prebuilt.drop_9500M.length_250M__AthenaMAB.out,results/stage1_pair_screen_1m_probe1_budget8192_Pythia_SPPplusPPF/runs/20260429T034359.594397Z-1ab1/logs/parsec_2.1.fluidanimate.simlarge.prebuilt.drop_9500M.length_250M__AthenaMAB.err,results/stage1_pair_screen_1m_probe1_budget8192_Pythia_SPPplusPPF/runs/20260429T034359.594397Z-1ab1/metrics/parsec_2.1.fluidanimate.simlarge.prebuilt.drop_9500M.length_250M__AthenaMAB.json,results/stage1_pair_screen_1m_probe1_budget8192_Pythia_SPPplusPPF/runs/20260429T034359.594397Z-1ab1/epoch_logs/parsec_2.1.fluidanimate.simlarge.prebuilt.drop_9500M.length_250M__AthenaMAB,"--warmup_instructions=500000 --simulation_instructions=1000000 --llc_replacement_type=ship --config='/Users/barry/Library/Mobile Documents/com~apple~CloudDocs/Carnegie Mellon/15740/Proj/Mixture-of-Prefetchers/external/athena'/config/nopref.ini --rob_partition_size=64,128,320 --rob_frontal_partition_ids=0 --rob_dorsal_partition_ids=2 --dram_io_freq=400 --config='/Users/barry/Library/Mobile Documents/com~apple~CloudDocs/Carnegie Mellon/15740/Proj/Mixture-of-Prefetchers/external/athena/config/mop_lite_mab.ini' --l2c_prefetcher_types=scooby --config='/Users/barry/Library/Mobile Documents/com~apple~CloudDocs/Carnegie Mellon/15740/Proj/Mixture-of-Prefetchers/external/athena/config/pythia.ini' --l2c_prefetcher_types=spp_ppf_dev --config='/Users/barry/Library/Mobile Documents/com~apple~CloudDocs/Carnegie Mellon/15740/Proj/Mixture-of-Prefetchers/external/athena/config/spp_ppf_dev.ini' --l2c_prefetcher_force_prefetch_at_llc=true --mop_epoch_trace=results/stage1_pair_screen_1m_probe1_budget8192_Pythia_SPPplusPPF/runs/20260429T034359.594397Z-1ab1/epoch_logs/parsec_2.1.fluidanimate.simlarge.prebuilt.drop_9500M.length_250M__AthenaMAB"
20260429T034359.594397Z-1ab1,parsec_2.1.raytrace.simlarge.prebuilt.drop_23500M.length_250M,PARSEC,train,Baseline,baseline,,,,,,,1.59139,1.0,0.7943287545421875,1.59139,2.00344,0.0,2570.0,2.5699948600102798,0.0,0.0,0.0,0.0,0.0,0.0,0.0,0.0,0.0,0.0,0.0,0.0,0.0,0.0,0.0,0.0,0.0,0.0,0.0,0.0,3502.0,4355.0,0.0,0.0,0.0,1207.0,1726.0,0.0,0.0,628383.0,1000002.0,500000,1000000,,,,,,,,stage1_pair_screen_1m,MacBookPro.fios-router.home,a778f3cbe9d6a9f3bd05580ec3a2cb3c45c4b342,4.280047,2026-04-29T03:46:15.319007+00:00,2026-04-29T03:46:19.599054+00:00,/Users/barry/Library/Mobile Documents/com~apple~CloudDocs/Carnegie Mellon/15740/Proj/Mixture-of-Prefetchers/artifacts/athena_traces/parsec_2.1.raytrace.simlarge.prebuilt.drop_23500M.length_250M.champsimtrace.xz,results/stage1_pair_screen_1m_probe1_budget8192_Pythia_SPPplusPPF/runs/20260429T034359.594397Z-1ab1/logs/parsec_2.1.raytrace.simlarge.prebuilt.drop_23500M.length_250M__Baseline.out,results/stage1_pair_screen_1m_probe1_budget8192_Pythia_SPPplusPPF/runs/20260429T034359.594397Z-1ab1/logs/parsec_2.1.raytrace.simlarge.prebuilt.drop_23500M.length_250M__Baseline.err,results/stage1_pair_screen_1m_probe1_budget8192_Pythia_SPPplusPPF/runs/20260429T034359.594397Z-1ab1/metrics/parsec_2.1.raytrace.simlarge.prebuilt.drop_23500M.length_250M__Baseline.json,,"--warmup_instructions=500000 --simulation_instructions=1000000 --llc_replacement_type=ship --config='/Users/barry/Library/Mobile Documents/com~apple~CloudDocs/Carnegie Mellon/15740/Proj/Mixture-of-Prefetchers/external/athena'/config/nopref.ini --rob_partition_size=64,128,320 --rob_frontal_partition_ids=0 --rob_dorsal_partition_ids=2 --dram_io_freq=400"
20260429T034359.594397Z-1ab1,parsec_2.1.raytrace.simlarge.prebuilt.drop_23500M.length_250M,PARSEC,train,Pythia,single,,,,,,,2.00344,1.2589245879388458,1.0,1.59139,2.00344,1.0,2570.0,2.57,11279.0,11279.0,0.0,0.0,0.0,0.0,2381.0,11279.0,2381.0,0.2111002748470609,0.0,0.0,0.0,0.0,0.0,0.0,0.0,0.0,0.0,0.0,3502.0,4355.0,0.0,0.0,0.0,916.0,2672.0,0.0,0.0,499141.0,1000000.0,500000,1000000,,,,,,,,stage1_pair_screen_1m,MacBookPro.fios-router.home,a778f3cbe9d6a9f3bd05580ec3a2cb3c45c4b342,3.311062,2026-04-29T03:46:19.599107+00:00,2026-04-29T03:46:22.910169+00:00,/Users/barry/Library/Mobile Documents/com~apple~CloudDocs/Carnegie Mellon/15740/Proj/Mixture-of-Prefetchers/artifacts/athena_traces/parsec_2.1.raytrace.simlarge.prebuilt.drop_23500M.length_250M.champsimtrace.xz,results/stage1_pair_screen_1m_probe1_budget8192_Pythia_SPPplusPPF/runs/20260429T034359.594397Z-1ab1/logs/parsec_2.1.raytrace.simlarge.prebuilt.drop_23500M.length_250M__Pythia.out,results/stage1_pair_screen_1m_probe1_budget8192_Pythia_SPPplusPPF/runs/20260429T034359.594397Z-1ab1/logs/parsec_2.1.raytrace.simlarge.prebuilt.drop_23500M.length_250M__Pythia.err,results/stage1_pair_screen_1m_probe1_budget8192_Pythia_SPPplusPPF/runs/20260429T034359.594397Z-1ab1/metrics/parsec_2.1.raytrace.simlarge.prebuilt.drop_23500M.length_250M__Pythia.json,,"--warmup_instructions=500000 --simulation_instructions=1000000 --llc_replacement_type=ship --config='/Users/barry/Library/Mobile Documents/com~apple~CloudDocs/Carnegie Mellon/15740/Proj/Mixture-of-Prefetchers/external/athena'/config/nopref.ini --rob_partition_size=64,128,320 --rob_frontal_partition_ids=0 --rob_dorsal_partition_ids=2 --dram_io_freq=400 --l2c_prefetcher_types=scooby --config='/Users/barry/Library/Mobile Documents/com~apple~CloudDocs/Carnegie Mellon/15740/Proj/Mixture-of-Prefetchers/external/athena/config/pythia.ini' --l2c_prefetcher_force_prefetch_at_llc=true"
20260429T034359.594397Z-1ab1,parsec_2.1.raytrace.simlarge.prebuilt.drop_23500M.length_250M,PARSEC,train,SPP+PPF,single,,,,,,,1.94762,1.2238483338465114,0.9721379227728307,1.59139,2.00344,1.0,2570.0,2.57,2750.0,2750.0,0.0,0.0,0.0,0.0,2161.0,2750.0,2161.0,0.7858181818181819,0.0,0.0,0.0,0.0,0.0,0.0,0.0,0.0,0.0,0.0,3502.0,4355.0,0.0,0.0,0.0,882.0,2169.0,0.0,0.0,513447.0,1000000.0,500000,1000000,,,,,,,,stage1_pair_screen_1m,MacBookPro.fios-router.home,a778f3cbe9d6a9f3bd05580ec3a2cb3c45c4b342,3.53792,2026-04-29T03:46:22.910598+00:00,2026-04-29T03:46:26.448518+00:00,/Users/barry/Library/Mobile Documents/com~apple~CloudDocs/Carnegie Mellon/15740/Proj/Mixture-of-Prefetchers/artifacts/athena_traces/parsec_2.1.raytrace.simlarge.prebuilt.drop_23500M.length_250M.champsimtrace.xz,results/stage1_pair_screen_1m_probe1_budget8192_Pythia_SPPplusPPF/runs/20260429T034359.594397Z-1ab1/logs/parsec_2.1.raytrace.simlarge.prebuilt.drop_23500M.length_250M__SPPplusPPF.out,results/stage1_pair_screen_1m_probe1_budget8192_Pythia_SPPplusPPF/runs/20260429T034359.594397Z-1ab1/logs/parsec_2.1.raytrace.simlarge.prebuilt.drop_23500M.length_250M__SPPplusPPF.err,results/stage1_pair_screen_1m_probe1_budget8192_Pythia_SPPplusPPF/runs/20260429T034359.594397Z-1ab1/metrics/parsec_2.1.raytrace.simlarge.prebuilt.drop_23500M.length_250M__SPPplusPPF.json,,"--warmup_instructions=500000 --simulation_instructions=1000000 --llc_replacement_type=ship --config='/Users/barry/Library/Mobile Documents/com~apple~CloudDocs/Carnegie Mellon/15740/Proj/Mixture-of-Prefetchers/external/athena'/config/nopref.ini --rob_partition_size=64,128,320 --rob_frontal_partition_ids=0 --rob_dorsal_partition_ids=2 --dram_io_freq=400 --l2c_prefetcher_types=spp_ppf_dev --config='/Users/barry/Library/Mobile Documents/com~apple~CloudDocs/Carnegie Mellon/15740/Proj/Mixture-of-Prefetchers/external/athena/config/spp_ppf_dev.ini' --l2c_prefetcher_force_prefetch_at_llc=true"
20260429T034359.594397Z-1ab1,parsec_2.1.raytrace.simlarge.prebuilt.drop_23500M.length_250M,PARSEC,train,MoP-V0,router,MoP-V0,,,Pythia,SPP+PPF,1,1.99791,1.2554496383664595,0.9972397476340695,1.59139,2.00344,1.0,2570.0,2.57,9841.0,9841.0,0.0,0.0,0.0,0.0,2369.0,9841.0,2369.0,0.24072756833655115,3671.0,3726.0,3129.0,3588.0,10724.0,13852.0,3.0,3.0,0.8523563061836013,0.9629629629629629,3502.0,4355.0,0.0,0.0,0.0,1019.0,2662.0,0.0,0.0,500524.0,1000000.0,500000,1000000,500000,8192,30,50,10,1,"1.0,0.25,1.0",stage1_pair_screen_1m,MacBookPro.fios-router.home,a778f3cbe9d6a9f3bd05580ec3a2cb3c45c4b342,3.328072,2026-04-29T03:46:26.448592+00:00,2026-04-29T03:46:29.776664+00:00,/Users/barry/Library/Mobile Documents/com~apple~CloudDocs/Carnegie Mellon/15740/Proj/Mixture-of-Prefetchers/artifacts/athena_traces/parsec_2.1.raytrace.simlarge.prebuilt.drop_23500M.length_250M.champsimtrace.xz,results/stage1_pair_screen_1m_probe1_budget8192_Pythia_SPPplusPPF/runs/20260429T034359.594397Z-1ab1/logs/parsec_2.1.raytrace.simlarge.prebuilt.drop_23500M.length_250M__MoP-V0.out,results/stage1_pair_screen_1m_probe1_budget8192_Pythia_SPPplusPPF/runs/20260429T034359.594397Z-1ab1/logs/parsec_2.1.raytrace.simlarge.prebuilt.drop_23500M.length_250M__MoP-V0.err,results/stage1_pair_screen_1m_probe1_budget8192_Pythia_SPPplusPPF/runs/20260429T034359.594397Z-1ab1/metrics/parsec_2.1.raytrace.simlarge.prebuilt.drop_23500M.length_250M__MoP-V0.json,results/stage1_pair_screen_1m_probe1_budget8192_Pythia_SPPplusPPF/runs/20260429T034359.594397Z-1ab1/epoch_logs/parsec_2.1.raytrace.simlarge.prebuilt.drop_23500M.length_250M__MoP-V0,"--warmup_instructions=500000 --simulation_instructions=1000000 --llc_replacement_type=ship --config='/Users/barry/Library/Mobile Documents/com~apple~CloudDocs/Carnegie Mellon/15740/Proj/Mixture-of-Prefetchers/external/athena'/config/nopref.ini --rob_partition_size=64,128,320 --rob_frontal_partition_ids=0 --rob_dorsal_partition_ids=2 --dram_io_freq=400 --config='/Users/barry/Library/Mobile Documents/com~apple~CloudDocs/Carnegie Mellon/15740/Proj/Mixture-of-Prefetchers/external/athena/config/mop_lite.ini' --mop_router_type=4 --mop_seed=1 --l2c_prefetcher_types=scooby --config='/Users/barry/Library/Mobile Documents/com~apple~CloudDocs/Carnegie Mellon/15740/Proj/Mixture-of-Prefetchers/external/athena/config/pythia.ini' --l2c_prefetcher_types=spp_ppf_dev --config='/Users/barry/Library/Mobile Documents/com~apple~CloudDocs/Carnegie Mellon/15740/Proj/Mixture-of-Prefetchers/external/athena/config/spp_ppf_dev.ini' --l2c_prefetcher_force_prefetch_at_llc=true --mop_epoch_trace=results/stage1_pair_screen_1m_probe1_budget8192_Pythia_SPPplusPPF/runs/20260429T034359.594397Z-1ab1/epoch_logs/parsec_2.1.raytrace.simlarge.prebuilt.drop_23500M.length_250M__MoP-V0 --mop_total_budget=8192 --mop_one_shot_epochs=1"
20260429T034359.594397Z-1ab1,parsec_2.1.raytrace.simlarge.prebuilt.drop_23500M.length_250M,PARSEC,train,MoP-V1.1,router,MoP-V1.1,,,Pythia,SPP+PPF,1,2.00144,1.2576678249831907,0.9990017170466798,1.59139,2.00344,1.0,2570.0,2.57,9820.0,9820.0,0.0,0.0,0.0,0.0,2374.0,9820.0,2374.0,0.24175152749490836,3671.0,3718.0,3129.0,3581.0,10706.0,13870.0,3.0,3.0,0.8523563061836013,0.9631522323830016,3502.0,4355.0,0.0,0.0,0.0,722.0,2649.0,0.0,0.0,499640.0,1000000.0,500000,1000000,500000,8192,30,50,10,1,"1.0,0.25,1.0",stage1_pair_screen_1m,MacBookPro.fios-router.home,a778f3cbe9d6a9f3bd05580ec3a2cb3c45c4b342,3.19636,2026-04-29T03:46:29.776736+00:00,2026-04-29T03:46:32.973096+00:00,/Users/barry/Library/Mobile Documents/com~apple~CloudDocs/Carnegie Mellon/15740/Proj/Mixture-of-Prefetchers/artifacts/athena_traces/parsec_2.1.raytrace.simlarge.prebuilt.drop_23500M.length_250M.champsimtrace.xz,results/stage1_pair_screen_1m_probe1_budget8192_Pythia_SPPplusPPF/runs/20260429T034359.594397Z-1ab1/logs/parsec_2.1.raytrace.simlarge.prebuilt.drop_23500M.length_250M__MoP-V1.1.out,results/stage1_pair_screen_1m_probe1_budget8192_Pythia_SPPplusPPF/runs/20260429T034359.594397Z-1ab1/logs/parsec_2.1.raytrace.simlarge.prebuilt.drop_23500M.length_250M__MoP-V1.1.err,results/stage1_pair_screen_1m_probe1_budget8192_Pythia_SPPplusPPF/runs/20260429T034359.594397Z-1ab1/metrics/parsec_2.1.raytrace.simlarge.prebuilt.drop_23500M.length_250M__MoP-V1.1.json,results/stage1_pair_screen_1m_probe1_budget8192_Pythia_SPPplusPPF/runs/20260429T034359.594397Z-1ab1/epoch_logs/parsec_2.1.raytrace.simlarge.prebuilt.drop_23500M.length_250M__MoP-V1.1,"--warmup_instructions=500000 --simulation_instructions=1000000 --llc_replacement_type=ship --config='/Users/barry/Library/Mobile Documents/com~apple~CloudDocs/Carnegie Mellon/15740/Proj/Mixture-of-Prefetchers/external/athena'/config/nopref.ini --rob_partition_size=64,128,320 --rob_frontal_partition_ids=0 --rob_dorsal_partition_ids=2 --dram_io_freq=400 --config='/Users/barry/Library/Mobile Documents/com~apple~CloudDocs/Carnegie Mellon/15740/Proj/Mixture-of-Prefetchers/external/athena/config/mop_lite.ini' --mop_router_type=5 --mop_seed=1 --l2c_prefetcher_types=scooby --config='/Users/barry/Library/Mobile Documents/com~apple~CloudDocs/Carnegie Mellon/15740/Proj/Mixture-of-Prefetchers/external/athena/config/pythia.ini' --l2c_prefetcher_types=spp_ppf_dev --config='/Users/barry/Library/Mobile Documents/com~apple~CloudDocs/Carnegie Mellon/15740/Proj/Mixture-of-Prefetchers/external/athena/config/spp_ppf_dev.ini' --l2c_prefetcher_force_prefetch_at_llc=true --mop_epoch_trace=results/stage1_pair_screen_1m_probe1_budget8192_Pythia_SPPplusPPF/runs/20260429T034359.594397Z-1ab1/epoch_logs/parsec_2.1.raytrace.simlarge.prebuilt.drop_23500M.length_250M__MoP-V1.1 --mop_total_budget=8192 --mop_one_shot_epochs=1"
20260429T034359.594397Z-1ab1,parsec_2.1.raytrace.simlarge.prebuilt.drop_23500M.length_250M,PARSEC,train,MoP-V1.2,router,MoP-V1.2,,,Pythia,SPP+PPF,1,1.93067,1.2131972677973344,0.9636774747434413,1.59139,2.00344,1.0,2570.0,2.57,6916.0,6916.0,0.0,0.0,0.0,0.0,2159.0,6916.0,2159.0,0.31217466743782535,3118.0,2497.0,2665.0,2420.0,8192.0,16384.0,1.0,2.0,0.8547145606157793,0.9691629955947136,3502.0,4355.0,0.0,0.0,0.0,990.0,2251.0,0.0,0.0,517955.0,1000000.0,500000,1000000,500000,8192,30,50,10,1,"1.0,0.25,1.0",stage1_pair_screen_1m,MacBookPro.fios-router.home,a778f3cbe9d6a9f3bd05580ec3a2cb3c45c4b342,3.203484,2026-04-29T03:46:32.973167+00:00,2026-04-29T03:46:36.176651+00:00,/Users/barry/Library/Mobile Documents/com~apple~CloudDocs/Carnegie Mellon/15740/Proj/Mixture-of-Prefetchers/artifacts/athena_traces/parsec_2.1.raytrace.simlarge.prebuilt.drop_23500M.length_250M.champsimtrace.xz,results/stage1_pair_screen_1m_probe1_budget8192_Pythia_SPPplusPPF/runs/20260429T034359.594397Z-1ab1/logs/parsec_2.1.raytrace.simlarge.prebuilt.drop_23500M.length_250M__MoP-V1.2.out,results/stage1_pair_screen_1m_probe1_budget8192_Pythia_SPPplusPPF/runs/20260429T034359.594397Z-1ab1/logs/parsec_2.1.raytrace.simlarge.prebuilt.drop_23500M.length_250M__MoP-V1.2.err,results/stage1_pair_screen_1m_probe1_budget8192_Pythia_SPPplusPPF/runs/20260429T034359.594397Z-1ab1/metrics/parsec_2.1.raytrace.simlarge.prebuilt.drop_23500M.length_250M__MoP-V1.2.json,results/stage1_pair_screen_1m_probe1_budget8192_Pythia_SPPplusPPF/runs/20260429T034359.594397Z-1ab1/epoch_logs/parsec_2.1.raytrace.simlarge.prebuilt.drop_23500M.length_250M__MoP-V1.2,"--warmup_instructions=500000 --simulation_instructions=1000000 --llc_replacement_type=ship --config='/Users/barry/Library/Mobile Documents/com~apple~CloudDocs/Carnegie Mellon/15740/Proj/Mixture-of-Prefetchers/external/athena'/config/nopref.ini --rob_partition_size=64,128,320 --rob_frontal_partition_ids=0 --rob_dorsal_partition_ids=2 --dram_io_freq=400 --config='/Users/barry/Library/Mobile Documents/com~apple~CloudDocs/Carnegie Mellon/15740/Proj/Mixture-of-Prefetchers/external/athena/config/mop_lite.ini' --mop_router_type=6 --mop_seed=1 --l2c_prefetcher_types=scooby --config='/Users/barry/Library/Mobile Documents/com~apple~CloudDocs/Carnegie Mellon/15740/Proj/Mixture-of-Prefetchers/external/athena/config/pythia.ini' --l2c_prefetcher_types=spp_ppf_dev --config='/Users/barry/Library/Mobile Documents/com~apple~CloudDocs/Carnegie Mellon/15740/Proj/Mixture-of-Prefetchers/external/athena/config/spp_ppf_dev.ini' --l2c_prefetcher_force_prefetch_at_llc=true --mop_epoch_trace=results/stage1_pair_screen_1m_probe1_budget8192_Pythia_SPPplusPPF/runs/20260429T034359.594397Z-1ab1/epoch_logs/parsec_2.1.raytrace.simlarge.prebuilt.drop_23500M.length_250M__MoP-V1.2 --mop_total_budget=8192 --mop_one_shot_epochs=1"
20260429T034359.594397Z-1ab1,parsec_2.1.raytrace.simlarge.prebuilt.drop_23500M.length_250M,PARSEC,train,WinnerTakeAll,router,WinnerTakeAll,,,Pythia,SPP+PPF,1,1.93391,1.2152332237854957,0.9652946931278202,1.59139,2.00344,1.0,2570.0,2.57,6915.0,6915.0,0.0,0.0,0.0,0.0,2161.0,6915.0,2161.0,0.31250903832248733,3118.0,2496.0,2665.0,2419.0,8192.0,16384.0,1.0,2.0,0.8547145606157793,0.9691506410256411,3502.0,4355.0,0.0,0.0,0.0,947.0,2248.0,0.0,0.0,517088.0,1000000.0,500000,1000000,500000,8192,30,50,10,1,"1.0,0.25,1.0",stage1_pair_screen_1m,MacBookPro.fios-router.home,a778f3cbe9d6a9f3bd05580ec3a2cb3c45c4b342,3.198863,2026-04-29T03:46:36.176703+00:00,2026-04-29T03:46:39.375566+00:00,/Users/barry/Library/Mobile Documents/com~apple~CloudDocs/Carnegie Mellon/15740/Proj/Mixture-of-Prefetchers/artifacts/athena_traces/parsec_2.1.raytrace.simlarge.prebuilt.drop_23500M.length_250M.champsimtrace.xz,results/stage1_pair_screen_1m_probe1_budget8192_Pythia_SPPplusPPF/runs/20260429T034359.594397Z-1ab1/logs/parsec_2.1.raytrace.simlarge.prebuilt.drop_23500M.length_250M__WinnerTakeAll.out,results/stage1_pair_screen_1m_probe1_budget8192_Pythia_SPPplusPPF/runs/20260429T034359.594397Z-1ab1/logs/parsec_2.1.raytrace.simlarge.prebuilt.drop_23500M.length_250M__WinnerTakeAll.err,results/stage1_pair_screen_1m_probe1_budget8192_Pythia_SPPplusPPF/runs/20260429T034359.594397Z-1ab1/metrics/parsec_2.1.raytrace.simlarge.prebuilt.drop_23500M.length_250M__WinnerTakeAll.json,results/stage1_pair_screen_1m_probe1_budget8192_Pythia_SPPplusPPF/runs/20260429T034359.594397Z-1ab1/epoch_logs/parsec_2.1.raytrace.simlarge.prebuilt.drop_23500M.length_250M__WinnerTakeAll,"--warmup_instructions=500000 --simulation_instructions=1000000 --llc_replacement_type=ship --config='/Users/barry/Library/Mobile Documents/com~apple~CloudDocs/Carnegie Mellon/15740/Proj/Mixture-of-Prefetchers/external/athena'/config/nopref.ini --rob_partition_size=64,128,320 --rob_frontal_partition_ids=0 --rob_dorsal_partition_ids=2 --dram_io_freq=400 --config='/Users/barry/Library/Mobile Documents/com~apple~CloudDocs/Carnegie Mellon/15740/Proj/Mixture-of-Prefetchers/external/athena/config/mop_lite.ini' --mop_router_type=1 --mop_seed=1 --l2c_prefetcher_types=scooby --config='/Users/barry/Library/Mobile Documents/com~apple~CloudDocs/Carnegie Mellon/15740/Proj/Mixture-of-Prefetchers/external/athena/config/pythia.ini' --l2c_prefetcher_types=spp_ppf_dev --config='/Users/barry/Library/Mobile Documents/com~apple~CloudDocs/Carnegie Mellon/15740/Proj/Mixture-of-Prefetchers/external/athena/config/spp_ppf_dev.ini' --l2c_prefetcher_force_prefetch_at_llc=true --mop_epoch_trace=results/stage1_pair_screen_1m_probe1_budget8192_Pythia_SPPplusPPF/runs/20260429T034359.594397Z-1ab1/epoch_logs/parsec_2.1.raytrace.simlarge.prebuilt.drop_23500M.length_250M__WinnerTakeAll --mop_total_budget=8192 --mop_one_shot_epochs=1"
20260429T034359.594397Z-1ab1,parsec_2.1.raytrace.simlarge.prebuilt.drop_23500M.length_250M,PARSEC,train,OneShotFit,router,OneShotFit,,,Pythia,SPP+PPF,1,1.93832,1.2180043861027152,0.9674959070398914,1.59139,2.00344,1.0,2570.0,2.57,2740.0,2740.0,0.0,0.0,0.0,0.0,2156.0,2740.0,2156.0,0.7868613138686131,1322.0,3714.0,1161.0,3577.0,0.0,24576.0,0.0,3.0,0.8782148260211801,0.9631125471190092,3502.0,4355.0,0.0,0.0,0.0,896.0,2159.0,0.0,0.0,515911.0,1000000.0,500000,1000000,500000,8192,30,50,10,1,"1.0,0.25,1.0",stage1_pair_screen_1m,MacBookPro.fios-router.home,a778f3cbe9d6a9f3bd05580ec3a2cb3c45c4b342,3.521547,2026-04-29T03:46:39.375632+00:00,2026-04-29T03:46:42.897179+00:00,/Users/barry/Library/Mobile Documents/com~apple~CloudDocs/Carnegie Mellon/15740/Proj/Mixture-of-Prefetchers/artifacts/athena_traces/parsec_2.1.raytrace.simlarge.prebuilt.drop_23500M.length_250M.champsimtrace.xz,results/stage1_pair_screen_1m_probe1_budget8192_Pythia_SPPplusPPF/runs/20260429T034359.594397Z-1ab1/logs/parsec_2.1.raytrace.simlarge.prebuilt.drop_23500M.length_250M__OneShotFit.out,results/stage1_pair_screen_1m_probe1_budget8192_Pythia_SPPplusPPF/runs/20260429T034359.594397Z-1ab1/logs/parsec_2.1.raytrace.simlarge.prebuilt.drop_23500M.length_250M__OneShotFit.err,results/stage1_pair_screen_1m_probe1_budget8192_Pythia_SPPplusPPF/runs/20260429T034359.594397Z-1ab1/metrics/parsec_2.1.raytrace.simlarge.prebuilt.drop_23500M.length_250M__OneShotFit.json,results/stage1_pair_screen_1m_probe1_budget8192_Pythia_SPPplusPPF/runs/20260429T034359.594397Z-1ab1/epoch_logs/parsec_2.1.raytrace.simlarge.prebuilt.drop_23500M.length_250M__OneShotFit,"--warmup_instructions=500000 --simulation_instructions=1000000 --llc_replacement_type=ship --config='/Users/barry/Library/Mobile Documents/com~apple~CloudDocs/Carnegie Mellon/15740/Proj/Mixture-of-Prefetchers/external/athena'/config/nopref.ini --rob_partition_size=64,128,320 --rob_frontal_partition_ids=0 --rob_dorsal_partition_ids=2 --dram_io_freq=400 --config='/Users/barry/Library/Mobile Documents/com~apple~CloudDocs/Carnegie Mellon/15740/Proj/Mixture-of-Prefetchers/external/athena/config/mop_lite.ini' --mop_router_type=3 --mop_seed=1 --l2c_prefetcher_types=scooby --config='/Users/barry/Library/Mobile Documents/com~apple~CloudDocs/Carnegie Mellon/15740/Proj/Mixture-of-Prefetchers/external/athena/config/pythia.ini' --l2c_prefetcher_types=spp_ppf_dev --config='/Users/barry/Library/Mobile Documents/com~apple~CloudDocs/Carnegie Mellon/15740/Proj/Mixture-of-Prefetchers/external/athena/config/spp_ppf_dev.ini' --l2c_prefetcher_force_prefetch_at_llc=true --mop_epoch_trace=results/stage1_pair_screen_1m_probe1_budget8192_Pythia_SPPplusPPF/runs/20260429T034359.594397Z-1ab1/epoch_logs/parsec_2.1.raytrace.simlarge.prebuilt.drop_23500M.length_250M__OneShotFit --mop_total_budget=8192 --mop_one_shot_epochs=1"
20260429T034359.594397Z-1ab1,parsec_2.1.raytrace.simlarge.prebuilt.drop_23500M.length_250M,PARSEC,train,AthenaMAB,builtin,,,AthenaMAB,Pythia,SPP+PPF,,1.70004,1.0682736475659642,0.8485604759813122,1.59139,2.00344,1.0,2570.0,2.57,1291.0,1291.0,0.0,0.0,0.0,0.0,984.0,1291.0,984.0,0.7621998450813323,0.0,1223.0,0.0,1163.0,0.0,0.0,0.0,0.0,0.0,0.9509403107113655,3502.0,4355.0,0.0,0.0,0.0,1019.0,1796.0,0.0,0.0,588220.0,1000000.0,500000,1000000,500000,,,,,,,stage1_pair_screen_1m,MacBookPro.fios-router.home,a778f3cbe9d6a9f3bd05580ec3a2cb3c45c4b342,3.493433,2026-04-29T03:46:42.897261+00:00,2026-04-29T03:46:46.390694+00:00,/Users/barry/Library/Mobile Documents/com~apple~CloudDocs/Carnegie Mellon/15740/Proj/Mixture-of-Prefetchers/artifacts/athena_traces/parsec_2.1.raytrace.simlarge.prebuilt.drop_23500M.length_250M.champsimtrace.xz,results/stage1_pair_screen_1m_probe1_budget8192_Pythia_SPPplusPPF/runs/20260429T034359.594397Z-1ab1/logs/parsec_2.1.raytrace.simlarge.prebuilt.drop_23500M.length_250M__AthenaMAB.out,results/stage1_pair_screen_1m_probe1_budget8192_Pythia_SPPplusPPF/runs/20260429T034359.594397Z-1ab1/logs/parsec_2.1.raytrace.simlarge.prebuilt.drop_23500M.length_250M__AthenaMAB.err,results/stage1_pair_screen_1m_probe1_budget8192_Pythia_SPPplusPPF/runs/20260429T034359.594397Z-1ab1/metrics/parsec_2.1.raytrace.simlarge.prebuilt.drop_23500M.length_250M__AthenaMAB.json,results/stage1_pair_screen_1m_probe1_budget8192_Pythia_SPPplusPPF/runs/20260429T034359.594397Z-1ab1/epoch_logs/parsec_2.1.raytrace.simlarge.prebuilt.drop_23500M.length_250M__AthenaMAB,"--warmup_instructions=500000 --simulation_instructions=1000000 --llc_replacement_type=ship --config='/Users/barry/Library/Mobile Documents/com~apple~CloudDocs/Carnegie Mellon/15740/Proj/Mixture-of-Prefetchers/external/athena'/config/nopref.ini --rob_partition_size=64,128,320 --rob_frontal_partition_ids=0 --rob_dorsal_partition_ids=2 --dram_io_freq=400 --config='/Users/barry/Library/Mobile Documents/com~apple~CloudDocs/Carnegie Mellon/15740/Proj/Mixture-of-Prefetchers/external/athena/config/mop_lite_mab.ini' --l2c_prefetcher_types=scooby --config='/Users/barry/Library/Mobile Documents/com~apple~CloudDocs/Carnegie Mellon/15740/Proj/Mixture-of-Prefetchers/external/athena/config/pythia.ini' --l2c_prefetcher_types=spp_ppf_dev --config='/Users/barry/Library/Mobile Documents/com~apple~CloudDocs/Carnegie Mellon/15740/Proj/Mixture-of-Prefetchers/external/athena/config/spp_ppf_dev.ini' --l2c_prefetcher_force_prefetch_at_llc=true --mop_epoch_trace=results/stage1_pair_screen_1m_probe1_budget8192_Pythia_SPPplusPPF/runs/20260429T034359.594397Z-1ab1/epoch_logs/parsec_2.1.raytrace.simlarge.prebuilt.drop_23500M.length_250M__AthenaMAB"
20260429T034359.594397Z-1ab1,ligra_CF.com-lj.ungraph.gcc_6.3.0_O3.drop_154750M.length_250M,LIGRA,train,Baseline,baseline,,,,,,,0.51418,1.0,0.9221801746865864,0.51418,0.55757,0.0,15645.0,15.64496871006258,0.0,0.0,0.0,0.0,0.0,0.0,0.0,0.0,0.0,0.0,0.0,0.0,0.0,0.0,0.0,0.0,0.0,0.0,0.0,0.0,15806.0,15645.0,0.0,0.0,0.0,9930.0,11766.0,0.0,1.18,1944861.0,1000002.0,500000,1000000,,,,,,,,stage1_pair_screen_1m,MacBookPro.fios-router.home,a778f3cbe9d6a9f3bd05580ec3a2cb3c45c4b342,4.386106,2026-04-29T03:46:46.390778+00:00,2026-04-29T03:46:50.776884+00:00,/Users/barry/Library/Mobile Documents/com~apple~CloudDocs/Carnegie Mellon/15740/Proj/Mixture-of-Prefetchers/artifacts/athena_traces/ligra_CF.com-lj.ungraph.gcc_6.3.0_O3.drop_154750M.length_250M.champsimtrace.xz,results/stage1_pair_screen_1m_probe1_budget8192_Pythia_SPPplusPPF/runs/20260429T034359.594397Z-1ab1/logs/ligra_CF.com-lj.ungraph.gcc_6.3.0_O3.drop_154750M.length_250M__Baseline.out,results/stage1_pair_screen_1m_probe1_budget8192_Pythia_SPPplusPPF/runs/20260429T034359.594397Z-1ab1/logs/ligra_CF.com-lj.ungraph.gcc_6.3.0_O3.drop_154750M.length_250M__Baseline.err,results/stage1_pair_screen_1m_probe1_budget8192_Pythia_SPPplusPPF/runs/20260429T034359.594397Z-1ab1/metrics/ligra_CF.com-lj.ungraph.gcc_6.3.0_O3.drop_154750M.length_250M__Baseline.json,,"--warmup_instructions=500000 --simulation_instructions=1000000 --llc_replacement_type=ship --config='/Users/barry/Library/Mobile Documents/com~apple~CloudDocs/Carnegie Mellon/15740/Proj/Mixture-of-Prefetchers/external/athena'/config/nopref.ini --rob_partition_size=64,128,320 --rob_frontal_partition_ids=0 --rob_dorsal_partition_ids=2 --dram_io_freq=400"
20260429T034359.594397Z-1ab1,ligra_CF.com-lj.ungraph.gcc_6.3.0_O3.drop_154750M.length_250M,LIGRA,train,Pythia,single,,,,,,,0.55757,1.0843867906180715,1.0,0.51418,0.55757,1.0,15642.0,15.642,37121.0,37121.0,0.0,0.0,0.0,0.0,6933.0,37121.0,6933.0,0.18676759785566122,0.0,0.0,0.0,0.0,0.0,0.0,0.0,0.0,0.0,0.0,15807.0,15642.0,0.0,0.0,0.0,10630.0,16811.0,0.0,1.18,1793499.0,1000000.0,500000,1000000,,,,,,,,stage1_pair_screen_1m,MacBookPro.fios-router.home,a778f3cbe9d6a9f3bd05580ec3a2cb3c45c4b342,4.356044,2026-04-29T03:46:50.776938+00:00,2026-04-29T03:46:55.132982+00:00,/Users/barry/Library/Mobile Documents/com~apple~CloudDocs/Carnegie Mellon/15740/Proj/Mixture-of-Prefetchers/artifacts/athena_traces/ligra_CF.com-lj.ungraph.gcc_6.3.0_O3.drop_154750M.length_250M.champsimtrace.xz,results/stage1_pair_screen_1m_probe1_budget8192_Pythia_SPPplusPPF/runs/20260429T034359.594397Z-1ab1/logs/ligra_CF.com-lj.ungraph.gcc_6.3.0_O3.drop_154750M.length_250M__Pythia.out,results/stage1_pair_screen_1m_probe1_budget8192_Pythia_SPPplusPPF/runs/20260429T034359.594397Z-1ab1/logs/ligra_CF.com-lj.ungraph.gcc_6.3.0_O3.drop_154750M.length_250M__Pythia.err,results/stage1_pair_screen_1m_probe1_budget8192_Pythia_SPPplusPPF/runs/20260429T034359.594397Z-1ab1/metrics/ligra_CF.com-lj.ungraph.gcc_6.3.0_O3.drop_154750M.length_250M__Pythia.json,,"--warmup_instructions=500000 --simulation_instructions=1000000 --llc_replacement_type=ship --config='/Users/barry/Library/Mobile Documents/com~apple~CloudDocs/Carnegie Mellon/15740/Proj/Mixture-of-Prefetchers/external/athena'/config/nopref.ini --rob_partition_size=64,128,320 --rob_frontal_partition_ids=0 --rob_dorsal_partition_ids=2 --dram_io_freq=400 --l2c_prefetcher_types=scooby --config='/Users/barry/Library/Mobile Documents/com~apple~CloudDocs/Carnegie Mellon/15740/Proj/Mixture-of-Prefetchers/external/athena/config/pythia.ini' --l2c_prefetcher_force_prefetch_at_llc=true"
20260429T034359.594397Z-1ab1,ligra_CF.com-lj.ungraph.gcc_6.3.0_O3.drop_154750M.length_250M,LIGRA,train,SPP+PPF,single,,,,,,,0.51434,1.0003111750748765,0.9224671341714942,0.51418,0.55757,1.0,15651.0,15.650968698062604,14243.0,14243.0,0.0,0.0,0.0,0.0,3785.0,14243.0,3785.0,0.26574457628308645,0.0,0.0,0.0,0.0,0.0,0.0,0.0,0.0,0.0,0.0,15806.0,15651.0,0.0,0.0,0.0,10267.0,15466.0,0.0,1.18,1944246.0,1000002.0,500000,1000000,,,,,,,,stage1_pair_screen_1m,MacBookPro.fios-router.home,a778f3cbe9d6a9f3bd05580ec3a2cb3c45c4b342,4.442738,2026-04-29T03:46:55.133038+00:00,2026-04-29T03:46:59.575776+00:00,/Users/barry/Library/Mobile Documents/com~apple~CloudDocs/Carnegie Mellon/15740/Proj/Mixture-of-Prefetchers/artifacts/athena_traces/ligra_CF.com-lj.ungraph.gcc_6.3.0_O3.drop_154750M.length_250M.champsimtrace.xz,results/stage1_pair_screen_1m_probe1_budget8192_Pythia_SPPplusPPF/runs/20260429T034359.594397Z-1ab1/logs/ligra_CF.com-lj.ungraph.gcc_6.3.0_O3.drop_154750M.length_250M__SPPplusPPF.out,results/stage1_pair_screen_1m_probe1_budget8192_Pythia_SPPplusPPF/runs/20260429T034359.594397Z-1ab1/logs/ligra_CF.com-lj.ungraph.gcc_6.3.0_O3.drop_154750M.length_250M__SPPplusPPF.err,results/stage1_pair_screen_1m_probe1_budget8192_Pythia_SPPplusPPF/runs/20260429T034359.594397Z-1ab1/metrics/ligra_CF.com-lj.ungraph.gcc_6.3.0_O3.drop_154750M.length_250M__SPPplusPPF.json,,"--warmup_instructions=500000 --simulation_instructions=1000000 --llc_replacement_type=ship --config='/Users/barry/Library/Mobile Documents/com~apple~CloudDocs/Carnegie Mellon/15740/Proj/Mixture-of-Prefetchers/external/athena'/config/nopref.ini --rob_partition_size=64,128,320 --rob_frontal_partition_ids=0 --rob_dorsal_partition_ids=2 --dram_io_freq=400 --l2c_prefetcher_types=spp_ppf_dev --config='/Users/barry/Library/Mobile Documents/com~apple~CloudDocs/Carnegie Mellon/15740/Proj/Mixture-of-Prefetchers/external/athena/config/spp_ppf_dev.ini' --l2c_prefetcher_force_prefetch_at_llc=true"
20260429T034359.594397Z-1ab1,ligra_CF.com-lj.ungraph.gcc_6.3.0_O3.drop_154750M.length_250M,LIGRA,train,MoP-V0,router,MoP-V0,,,Pythia,SPP+PPF,1,0.52218,1.015558753743825,0.9365281489319726,0.51418,0.55757,1.0,15644.0,15.643968712062575,16384.0,16384.0,0.0,0.0,0.0,0.0,2766.0,16384.0,2766.0,0.1688232421875,5627.0,10401.0,4539.0,8253.0,17797.0,6779.0,3.0,3.0,0.8066465256797583,0.7934813960196135,15806.0,15644.0,0.0,0.0,0.0,9928.0,14261.0,0.0,1.18,1915035.0,1000002.0,500000,1000000,500000,8192,30,50,10,1,"1.0,0.25,1.0",stage1_pair_screen_1m,MacBookPro.fios-router.home,a778f3cbe9d6a9f3bd05580ec3a2cb3c45c4b342,4.504174,2026-04-29T03:46:59.575838+00:00,2026-04-29T03:47:04.080012+00:00,/Users/barry/Library/Mobile Documents/com~apple~CloudDocs/Carnegie Mellon/15740/Proj/Mixture-of-Prefetchers/artifacts/athena_traces/ligra_CF.com-lj.ungraph.gcc_6.3.0_O3.drop_154750M.length_250M.champsimtrace.xz,results/stage1_pair_screen_1m_probe1_budget8192_Pythia_SPPplusPPF/runs/20260429T034359.594397Z-1ab1/logs/ligra_CF.com-lj.ungraph.gcc_6.3.0_O3.drop_154750M.length_250M__MoP-V0.out,results/stage1_pair_screen_1m_probe1_budget8192_Pythia_SPPplusPPF/runs/20260429T034359.594397Z-1ab1/logs/ligra_CF.com-lj.ungraph.gcc_6.3.0_O3.drop_154750M.length_250M__MoP-V0.err,results/stage1_pair_screen_1m_probe1_budget8192_Pythia_SPPplusPPF/runs/20260429T034359.594397Z-1ab1/metrics/ligra_CF.com-lj.ungraph.gcc_6.3.0_O3.drop_154750M.length_250M__MoP-V0.json,results/stage1_pair_screen_1m_probe1_budget8192_Pythia_SPPplusPPF/runs/20260429T034359.594397Z-1ab1/epoch_logs/ligra_CF.com-lj.ungraph.gcc_6.3.0_O3.drop_154750M.length_250M__MoP-V0,"--warmup_instructions=500000 --simulation_instructions=1000000 --llc_replacement_type=ship --config='/Users/barry/Library/Mobile Documents/com~apple~CloudDocs/Carnegie Mellon/15740/Proj/Mixture-of-Prefetchers/external/athena'/config/nopref.ini --rob_partition_size=64,128,320 --rob_frontal_partition_ids=0 --rob_dorsal_partition_ids=2 --dram_io_freq=400 --config='/Users/barry/Library/Mobile Documents/com~apple~CloudDocs/Carnegie Mellon/15740/Proj/Mixture-of-Prefetchers/external/athena/config/mop_lite.ini' --mop_router_type=4 --mop_seed=1 --l2c_prefetcher_types=scooby --config='/Users/barry/Library/Mobile Documents/com~apple~CloudDocs/Carnegie Mellon/15740/Proj/Mixture-of-Prefetchers/external/athena/config/pythia.ini' --l2c_prefetcher_types=spp_ppf_dev --config='/Users/barry/Library/Mobile Documents/com~apple~CloudDocs/Carnegie Mellon/15740/Proj/Mixture-of-Prefetchers/external/athena/config/spp_ppf_dev.ini' --l2c_prefetcher_force_prefetch_at_llc=true --mop_epoch_trace=results/stage1_pair_screen_1m_probe1_budget8192_Pythia_SPPplusPPF/runs/20260429T034359.594397Z-1ab1/epoch_logs/ligra_CF.com-lj.ungraph.gcc_6.3.0_O3.drop_154750M.length_250M__MoP-V0 --mop_total_budget=8192 --mop_one_shot_epochs=1"
20260429T034359.594397Z-1ab1,ligra_CF.com-lj.ungraph.gcc_6.3.0_O3.drop_154750M.length_250M,LIGRA,train,MoP-V1.1,router,MoP-V1.1,,,Pythia,SPP+PPF,1,0.5193,1.0099576023960481,0.9313628782036336,0.51418,0.55757,1.0,15639.0,15.638968722062556,16384.0,16384.0,0.0,0.0,0.0,0.0,2774.0,16384.0,2774.0,0.1693115234375,5627.0,10408.0,4540.0,8267.0,17029.0,7547.0,3.0,3.0,0.8068242402701262,0.7942928516525749,15806.0,15639.0,0.0,0.0,0.0,10161.0,14275.0,0.0,1.18,1925677.0,1000002.0,500000,1000000,500000,8192,30,50,10,1,"1.0,0.25,1.0",stage1_pair_screen_1m,MacBookPro.fios-router.home,a778f3cbe9d6a9f3bd05580ec3a2cb3c45c4b342,4.477619,2026-04-29T03:47:04.080077+00:00,2026-04-29T03:47:08.557696+00:00,/Users/barry/Library/Mobile Documents/com~apple~CloudDocs/Carnegie Mellon/15740/Proj/Mixture-of-Prefetchers/artifacts/athena_traces/ligra_CF.com-lj.ungraph.gcc_6.3.0_O3.drop_154750M.length_250M.champsimtrace.xz,results/stage1_pair_screen_1m_probe1_budget8192_Pythia_SPPplusPPF/runs/20260429T034359.594397Z-1ab1/logs/ligra_CF.com-lj.ungraph.gcc_6.3.0_O3.drop_154750M.length_250M__MoP-V1.1.out,results/stage1_pair_screen_1m_probe1_budget8192_Pythia_SPPplusPPF/runs/20260429T034359.594397Z-1ab1/logs/ligra_CF.com-lj.ungraph.gcc_6.3.0_O3.drop_154750M.length_250M__MoP-V1.1.err,results/stage1_pair_screen_1m_probe1_budget8192_Pythia_SPPplusPPF/runs/20260429T034359.594397Z-1ab1/metrics/ligra_CF.com-lj.ungraph.gcc_6.3.0_O3.drop_154750M.length_250M__MoP-V1.1.json,results/stage1_pair_screen_1m_probe1_budget8192_Pythia_SPPplusPPF/runs/20260429T034359.594397Z-1ab1/epoch_logs/ligra_CF.com-lj.ungraph.gcc_6.3.0_O3.drop_154750M.length_250M__MoP-V1.1,"--warmup_instructions=500000 --simulation_instructions=1000000 --llc_replacement_type=ship --config='/Users/barry/Library/Mobile Documents/com~apple~CloudDocs/Carnegie Mellon/15740/Proj/Mixture-of-Prefetchers/external/athena'/config/nopref.ini --rob_partition_size=64,128,320 --rob_frontal_partition_ids=0 --rob_dorsal_partition_ids=2 --dram_io_freq=400 --config='/Users/barry/Library/Mobile Documents/com~apple~CloudDocs/Carnegie Mellon/15740/Proj/Mixture-of-Prefetchers/external/athena/config/mop_lite.ini' --mop_router_type=5 --mop_seed=1 --l2c_prefetcher_types=scooby --config='/Users/barry/Library/Mobile Documents/com~apple~CloudDocs/Carnegie Mellon/15740/Proj/Mixture-of-Prefetchers/external/athena/config/pythia.ini' --l2c_prefetcher_types=spp_ppf_dev --config='/Users/barry/Library/Mobile Documents/com~apple~CloudDocs/Carnegie Mellon/15740/Proj/Mixture-of-Prefetchers/external/athena/config/spp_ppf_dev.ini' --l2c_prefetcher_force_prefetch_at_llc=true --mop_epoch_trace=results/stage1_pair_screen_1m_probe1_budget8192_Pythia_SPPplusPPF/runs/20260429T034359.594397Z-1ab1/epoch_logs/ligra_CF.com-lj.ungraph.gcc_6.3.0_O3.drop_154750M.length_250M__MoP-V1.1 --mop_total_budget=8192 --mop_one_shot_epochs=1"
20260429T034359.594397Z-1ab1,ligra_CF.com-lj.ungraph.gcc_6.3.0_O3.drop_154750M.length_250M,LIGRA,train,MoP-V1.2,router,MoP-V1.2,,,Pythia,SPP+PPF,1,0.52166,1.0145474347504766,0.9355955306060225,0.51418,0.55757,1.0,15643.0,15.642968714062572,16384.0,16384.0,0.0,0.0,0.0,0.0,3689.0,16384.0,3689.0,0.22515869140625,5083.0,11714.0,4086.0,9297.0,16384.0,8192.0,2.0,1.0,0.8038559905567578,0.7936656991633942,15806.0,15643.0,0.0,0.0,0.0,10479.0,14995.0,0.0,1.18,1916975.0,1000002.0,500000,1000000,500000,8192,30,50,10,1,"1.0,0.25,1.0",stage1_pair_screen_1m,MacBookPro.fios-router.home,a778f3cbe9d6a9f3bd05580ec3a2cb3c45c4b342,4.549956,2026-04-29T03:47:08.557757+00:00,2026-04-29T03:47:13.107713+00:00,/Users/barry/Library/Mobile Documents/com~apple~CloudDocs/Carnegie Mellon/15740/Proj/Mixture-of-Prefetchers/artifacts/athena_traces/ligra_CF.com-lj.ungraph.gcc_6.3.0_O3.drop_154750M.length_250M.champsimtrace.xz,results/stage1_pair_screen_1m_probe1_budget8192_Pythia_SPPplusPPF/runs/20260429T034359.594397Z-1ab1/logs/ligra_CF.com-lj.ungraph.gcc_6.3.0_O3.drop_154750M.length_250M__MoP-V1.2.out,results/stage1_pair_screen_1m_probe1_budget8192_Pythia_SPPplusPPF/runs/20260429T034359.594397Z-1ab1/logs/ligra_CF.com-lj.ungraph.gcc_6.3.0_O3.drop_154750M.length_250M__MoP-V1.2.err,results/stage1_pair_screen_1m_probe1_budget8192_Pythia_SPPplusPPF/runs/20260429T034359.594397Z-1ab1/metrics/ligra_CF.com-lj.ungraph.gcc_6.3.0_O3.drop_154750M.length_250M__MoP-V1.2.json,results/stage1_pair_screen_1m_probe1_budget8192_Pythia_SPPplusPPF/runs/20260429T034359.594397Z-1ab1/epoch_logs/ligra_CF.com-lj.ungraph.gcc_6.3.0_O3.drop_154750M.length_250M__MoP-V1.2,"--warmup_instructions=500000 --simulation_instructions=1000000 --llc_replacement_type=ship --config='/Users/barry/Library/Mobile Documents/com~apple~CloudDocs/Carnegie Mellon/15740/Proj/Mixture-of-Prefetchers/external/athena'/config/nopref.ini --rob_partition_size=64,128,320 --rob_frontal_partition_ids=0 --rob_dorsal_partition_ids=2 --dram_io_freq=400 --config='/Users/barry/Library/Mobile Documents/com~apple~CloudDocs/Carnegie Mellon/15740/Proj/Mixture-of-Prefetchers/external/athena/config/mop_lite.ini' --mop_router_type=6 --mop_seed=1 --l2c_prefetcher_types=scooby --config='/Users/barry/Library/Mobile Documents/com~apple~CloudDocs/Carnegie Mellon/15740/Proj/Mixture-of-Prefetchers/external/athena/config/pythia.ini' --l2c_prefetcher_types=spp_ppf_dev --config='/Users/barry/Library/Mobile Documents/com~apple~CloudDocs/Carnegie Mellon/15740/Proj/Mixture-of-Prefetchers/external/athena/config/spp_ppf_dev.ini' --l2c_prefetcher_force_prefetch_at_llc=true --mop_epoch_trace=results/stage1_pair_screen_1m_probe1_budget8192_Pythia_SPPplusPPF/runs/20260429T034359.594397Z-1ab1/epoch_logs/ligra_CF.com-lj.ungraph.gcc_6.3.0_O3.drop_154750M.length_250M__MoP-V1.2 --mop_total_budget=8192 --mop_one_shot_epochs=1"
20260429T034359.594397Z-1ab1,ligra_CF.com-lj.ungraph.gcc_6.3.0_O3.drop_154750M.length_250M,LIGRA,train,WinnerTakeAll,router,WinnerTakeAll,,,Pythia,SPP+PPF,1,0.52274,1.016647866505893,0.9375325071291497,0.51418,0.55757,1.0,15654.0,15.653968692062616,16384.0,16384.0,0.0,0.0,0.0,0.0,3676.0,16384.0,3676.0,0.224365234375,5080.0,11749.0,4086.0,9301.0,16384.0,8192.0,2.0,1.0,0.8043307086614173,0.7916418418588816,15806.0,15654.0,0.0,0.0,0.0,10159.0,15113.0,0.0,1.18,1912992.0,1000002.0,500000,1000000,500000,8192,30,50,10,1,"1.0,0.25,1.0",stage1_pair_screen_1m,MacBookPro.fios-router.home,a778f3cbe9d6a9f3bd05580ec3a2cb3c45c4b342,4.591945,2026-04-29T03:47:13.107773+00:00,2026-04-29T03:47:17.699718+00:00,/Users/barry/Library/Mobile Documents/com~apple~CloudDocs/Carnegie Mellon/15740/Proj/Mixture-of-Prefetchers/artifacts/athena_traces/ligra_CF.com-lj.ungraph.gcc_6.3.0_O3.drop_154750M.length_250M.champsimtrace.xz,results/stage1_pair_screen_1m_probe1_budget8192_Pythia_SPPplusPPF/runs/20260429T034359.594397Z-1ab1/logs/ligra_CF.com-lj.ungraph.gcc_6.3.0_O3.drop_154750M.length_250M__WinnerTakeAll.out,results/stage1_pair_screen_1m_probe1_budget8192_Pythia_SPPplusPPF/runs/20260429T034359.594397Z-1ab1/logs/ligra_CF.com-lj.ungraph.gcc_6.3.0_O3.drop_154750M.length_250M__WinnerTakeAll.err,results/stage1_pair_screen_1m_probe1_budget8192_Pythia_SPPplusPPF/runs/20260429T034359.594397Z-1ab1/metrics/ligra_CF.com-lj.ungraph.gcc_6.3.0_O3.drop_154750M.length_250M__WinnerTakeAll.json,results/stage1_pair_screen_1m_probe1_budget8192_Pythia_SPPplusPPF/runs/20260429T034359.594397Z-1ab1/epoch_logs/ligra_CF.com-lj.ungraph.gcc_6.3.0_O3.drop_154750M.length_250M__WinnerTakeAll,"--warmup_instructions=500000 --simulation_instructions=1000000 --llc_replacement_type=ship --config='/Users/barry/Library/Mobile Documents/com~apple~CloudDocs/Carnegie Mellon/15740/Proj/Mixture-of-Prefetchers/external/athena'/config/nopref.ini --rob_partition_size=64,128,320 --rob_frontal_partition_ids=0 --rob_dorsal_partition_ids=2 --dram_io_freq=400 --config='/Users/barry/Library/Mobile Documents/com~apple~CloudDocs/Carnegie Mellon/15740/Proj/Mixture-of-Prefetchers/external/athena/config/mop_lite.ini' --mop_router_type=1 --mop_seed=1 --l2c_prefetcher_types=scooby --config='/Users/barry/Library/Mobile Documents/com~apple~CloudDocs/Carnegie Mellon/15740/Proj/Mixture-of-Prefetchers/external/athena/config/pythia.ini' --l2c_prefetcher_types=spp_ppf_dev --config='/Users/barry/Library/Mobile Documents/com~apple~CloudDocs/Carnegie Mellon/15740/Proj/Mixture-of-Prefetchers/external/athena/config/spp_ppf_dev.ini' --l2c_prefetcher_force_prefetch_at_llc=true --mop_epoch_trace=results/stage1_pair_screen_1m_probe1_budget8192_Pythia_SPPplusPPF/runs/20260429T034359.594397Z-1ab1/epoch_logs/ligra_CF.com-lj.ungraph.gcc_6.3.0_O3.drop_154750M.length_250M__WinnerTakeAll --mop_total_budget=8192 --mop_one_shot_epochs=1"
20260429T034359.594397Z-1ab1,ligra_CF.com-lj.ungraph.gcc_6.3.0_O3.drop_154750M.length_250M,LIGRA,train,OneShotFit,router,OneShotFit,,,Pythia,SPP+PPF,1,0.53619,1.042806021237699,0.9616550388292053,0.51418,0.55757,1.0,15647.0,15.646968706062587,16384.0,16384.0,0.0,0.0,0.0,0.0,3084.0,16384.0,3084.0,0.188232421875,8385.0,3998.0,6783.0,3223.0,24576.0,0.0,3.0,0.0,0.8089445438282648,0.8061530765382692,15806.0,15647.0,0.0,0.0,0.0,9889.0,13968.0,0.0,1.18,1865028.0,1000002.0,500000,1000000,500000,8192,30,50,10,1,"1.0,0.25,1.0",stage1_pair_screen_1m,MacBookPro.fios-router.home,a778f3cbe9d6a9f3bd05580ec3a2cb3c45c4b342,4.538385,2026-04-29T03:47:17.699779+00:00,2026-04-29T03:47:22.238164+00:00,/Users/barry/Library/Mobile Documents/com~apple~CloudDocs/Carnegie Mellon/15740/Proj/Mixture-of-Prefetchers/artifacts/athena_traces/ligra_CF.com-lj.ungraph.gcc_6.3.0_O3.drop_154750M.length_250M.champsimtrace.xz,results/stage1_pair_screen_1m_probe1_budget8192_Pythia_SPPplusPPF/runs/20260429T034359.594397Z-1ab1/logs/ligra_CF.com-lj.ungraph.gcc_6.3.0_O3.drop_154750M.length_250M__OneShotFit.out,results/stage1_pair_screen_1m_probe1_budget8192_Pythia_SPPplusPPF/runs/20260429T034359.594397Z-1ab1/logs/ligra_CF.com-lj.ungraph.gcc_6.3.0_O3.drop_154750M.length_250M__OneShotFit.err,results/stage1_pair_screen_1m_probe1_budget8192_Pythia_SPPplusPPF/runs/20260429T034359.594397Z-1ab1/metrics/ligra_CF.com-lj.ungraph.gcc_6.3.0_O3.drop_154750M.length_250M__OneShotFit.json,results/stage1_pair_screen_1m_probe1_budget8192_Pythia_SPPplusPPF/runs/20260429T034359.594397Z-1ab1/epoch_logs/ligra_CF.com-lj.ungraph.gcc_6.3.0_O3.drop_154750M.length_250M__OneShotFit,"--warmup_instructions=500000 --simulation_instructions=1000000 --llc_replacement_type=ship --config='/Users/barry/Library/Mobile Documents/com~apple~CloudDocs/Carnegie Mellon/15740/Proj/Mixture-of-Prefetchers/external/athena'/config/nopref.ini --rob_partition_size=64,128,320 --rob_frontal_partition_ids=0 --rob_dorsal_partition_ids=2 --dram_io_freq=400 --config='/Users/barry/Library/Mobile Documents/com~apple~CloudDocs/Carnegie Mellon/15740/Proj/Mixture-of-Prefetchers/external/athena/config/mop_lite.ini' --mop_router_type=3 --mop_seed=1 --l2c_prefetcher_types=scooby --config='/Users/barry/Library/Mobile Documents/com~apple~CloudDocs/Carnegie Mellon/15740/Proj/Mixture-of-Prefetchers/external/athena/config/pythia.ini' --l2c_prefetcher_types=spp_ppf_dev --config='/Users/barry/Library/Mobile Documents/com~apple~CloudDocs/Carnegie Mellon/15740/Proj/Mixture-of-Prefetchers/external/athena/config/spp_ppf_dev.ini' --l2c_prefetcher_force_prefetch_at_llc=true --mop_epoch_trace=results/stage1_pair_screen_1m_probe1_budget8192_Pythia_SPPplusPPF/runs/20260429T034359.594397Z-1ab1/epoch_logs/ligra_CF.com-lj.ungraph.gcc_6.3.0_O3.drop_154750M.length_250M__OneShotFit --mop_total_budget=8192 --mop_one_shot_epochs=1"
20260429T034359.594397Z-1ab1,ligra_CF.com-lj.ungraph.gcc_6.3.0_O3.drop_154750M.length_250M,LIGRA,train,AthenaMAB,builtin,,,AthenaMAB,Pythia,SPP+PPF,,0.50747,0.9869500952973667,0.9101458112882687,0.51418,0.55757,1.0,15648.0,15.647968704062592,9354.0,9354.0,0.0,0.0,0.0,0.0,2294.0,9354.0,2294.0,0.24524267692965576,0.0,8872.0,0.0,6928.0,0.0,0.0,0.0,0.0,0.0,0.7808836789900812,15806.0,15648.0,0.0,0.0,0.0,10463.0,14349.0,0.0,1.18,1970554.0,1000002.0,500000,1000000,500000,,,,,,,stage1_pair_screen_1m,MacBookPro.fios-router.home,a778f3cbe9d6a9f3bd05580ec3a2cb3c45c4b342,4.646444,2026-04-29T03:47:22.238236+00:00,2026-04-29T03:47:26.884680+00:00,/Users/barry/Library/Mobile Documents/com~apple~CloudDocs/Carnegie Mellon/15740/Proj/Mixture-of-Prefetchers/artifacts/athena_traces/ligra_CF.com-lj.ungraph.gcc_6.3.0_O3.drop_154750M.length_250M.champsimtrace.xz,results/stage1_pair_screen_1m_probe1_budget8192_Pythia_SPPplusPPF/runs/20260429T034359.594397Z-1ab1/logs/ligra_CF.com-lj.ungraph.gcc_6.3.0_O3.drop_154750M.length_250M__AthenaMAB.out,results/stage1_pair_screen_1m_probe1_budget8192_Pythia_SPPplusPPF/runs/20260429T034359.594397Z-1ab1/logs/ligra_CF.com-lj.ungraph.gcc_6.3.0_O3.drop_154750M.length_250M__AthenaMAB.err,results/stage1_pair_screen_1m_probe1_budget8192_Pythia_SPPplusPPF/runs/20260429T034359.594397Z-1ab1/metrics/ligra_CF.com-lj.ungraph.gcc_6.3.0_O3.drop_154750M.length_250M__AthenaMAB.json,results/stage1_pair_screen_1m_probe1_budget8192_Pythia_SPPplusPPF/runs/20260429T034359.594397Z-1ab1/epoch_logs/ligra_CF.com-lj.ungraph.gcc_6.3.0_O3.drop_154750M.length_250M__AthenaMAB,"--warmup_instructions=500000 --simulation_instructions=1000000 --llc_replacement_type=ship --config='/Users/barry/Library/Mobile Documents/com~apple~CloudDocs/Carnegie Mellon/15740/Proj/Mixture-of-Prefetchers/external/athena'/config/nopref.ini --rob_partition_size=64,128,320 --rob_frontal_partition_ids=0 --rob_dorsal_partition_ids=2 --dram_io_freq=400 --config='/Users/barry/Library/Mobile Documents/com~apple~CloudDocs/Carnegie Mellon/15740/Proj/Mixture-of-Prefetchers/external/athena/config/mop_lite_mab.ini' --l2c_prefetcher_types=scooby --config='/Users/barry/Library/Mobile Documents/com~apple~CloudDocs/Carnegie Mellon/15740/Proj/Mixture-of-Prefetchers/external/athena/config/pythia.ini' --l2c_prefetcher_types=spp_ppf_dev --config='/Users/barry/Library/Mobile Documents/com~apple~CloudDocs/Carnegie Mellon/15740/Proj/Mixture-of-Prefetchers/external/athena/config/spp_ppf_dev.ini' --l2c_prefetcher_force_prefetch_at_llc=true --mop_epoch_trace=results/stage1_pair_screen_1m_probe1_budget8192_Pythia_SPPplusPPF/runs/20260429T034359.594397Z-1ab1/epoch_logs/ligra_CF.com-lj.ungraph.gcc_6.3.0_O3.drop_154750M.length_250M__AthenaMAB"
20260429T034359.594397Z-1ab1,ligra_PageRankDelta.com-lj.ungraph.gcc_6.3.0_O3.drop_1250M.length_250M,LIGRA,train,Baseline,baseline,,,,,,,1.08186,1.0,0.99990757514141,1.08186,1.08196,0.0,2348.0,2.347995304009392,0.0,0.0,0.0,0.0,0.0,0.0,0.0,0.0,0.0,0.0,0.0,0.0,0.0,0.0,0.0,0.0,0.0,0.0,0.0,0.0,2348.0,2348.0,0.0,0.0,0.0,24.0,0.0,0.0,3.95,924334.0,1000002.0,500000,1000000,,,,,,,,stage1_pair_screen_1m,MacBookPro.fios-router.home,a778f3cbe9d6a9f3bd05580ec3a2cb3c45c4b342,2.229146,2026-04-29T03:47:26.884756+00:00,2026-04-29T03:47:29.113902+00:00,/Users/barry/Library/Mobile Documents/com~apple~CloudDocs/Carnegie Mellon/15740/Proj/Mixture-of-Prefetchers/artifacts/athena_traces/ligra_PageRankDelta.com-lj.ungraph.gcc_6.3.0_O3.drop_1250M.length_250M.champsimtrace.xz,results/stage1_pair_screen_1m_probe1_budget8192_Pythia_SPPplusPPF/runs/20260429T034359.594397Z-1ab1/logs/ligra_PageRankDelta.com-lj.ungraph.gcc_6.3.0_O3.drop_1250M.length_250M__Baseline.out,results/stage1_pair_screen_1m_probe1_budget8192_Pythia_SPPplusPPF/runs/20260429T034359.594397Z-1ab1/logs/ligra_PageRankDelta.com-lj.ungraph.gcc_6.3.0_O3.drop_1250M.length_250M__Baseline.err,results/stage1_pair_screen_1m_probe1_budget8192_Pythia_SPPplusPPF/runs/20260429T034359.594397Z-1ab1/metrics/ligra_PageRankDelta.com-lj.ungraph.gcc_6.3.0_O3.drop_1250M.length_250M__Baseline.json,,"--warmup_instructions=500000 --simulation_instructions=1000000 --llc_replacement_type=ship --config='/Users/barry/Library/Mobile Documents/com~apple~CloudDocs/Carnegie Mellon/15740/Proj/Mixture-of-Prefetchers/external/athena'/config/nopref.ini --rob_partition_size=64,128,320 --rob_frontal_partition_ids=0 --rob_dorsal_partition_ids=2 --dram_io_freq=400"
20260429T034359.594397Z-1ab1,ligra_PageRankDelta.com-lj.ungraph.gcc_6.3.0_O3.drop_1250M.length_250M,LIGRA,train,Pythia,single,,,,,,,1.08196,1.000092433401734,1.0,1.08186,1.08196,1.0,2348.0,2.348,8103.0,8103.0,0.0,0.0,0.0,0.0,2311.0,8103.0,2311.0,0.2852030112304085,0.0,0.0,0.0,0.0,0.0,0.0,0.0,0.0,0.0,0.0,2348.0,2348.0,0.0,0.0,0.0,24.0,149.0,0.0,3.95,924251.0,1000000.0,500000,1000000,,,,,,,,stage1_pair_screen_1m,MacBookPro.fios-router.home,a778f3cbe9d6a9f3bd05580ec3a2cb3c45c4b342,2.128293,2026-04-29T03:47:29.113965+00:00,2026-04-29T03:47:31.242258+00:00,/Users/barry/Library/Mobile Documents/com~apple~CloudDocs/Carnegie Mellon/15740/Proj/Mixture-of-Prefetchers/artifacts/athena_traces/ligra_PageRankDelta.com-lj.ungraph.gcc_6.3.0_O3.drop_1250M.length_250M.champsimtrace.xz,results/stage1_pair_screen_1m_probe1_budget8192_Pythia_SPPplusPPF/runs/20260429T034359.594397Z-1ab1/logs/ligra_PageRankDelta.com-lj.ungraph.gcc_6.3.0_O3.drop_1250M.length_250M__Pythia.out,results/stage1_pair_screen_1m_probe1_budget8192_Pythia_SPPplusPPF/runs/20260429T034359.594397Z-1ab1/logs/ligra_PageRankDelta.com-lj.ungraph.gcc_6.3.0_O3.drop_1250M.length_250M__Pythia.err,results/stage1_pair_screen_1m_probe1_budget8192_Pythia_SPPplusPPF/runs/20260429T034359.594397Z-1ab1/metrics/ligra_PageRankDelta.com-lj.ungraph.gcc_6.3.0_O3.drop_1250M.length_250M__Pythia.json,,"--warmup_instructions=500000 --simulation_instructions=1000000 --llc_replacement_type=ship --config='/Users/barry/Library/Mobile Documents/com~apple~CloudDocs/Carnegie Mellon/15740/Proj/Mixture-of-Prefetchers/external/athena'/config/nopref.ini --rob_partition_size=64,128,320 --rob_frontal_partition_ids=0 --rob_dorsal_partition_ids=2 --dram_io_freq=400 --l2c_prefetcher_types=scooby --config='/Users/barry/Library/Mobile Documents/com~apple~CloudDocs/Carnegie Mellon/15740/Proj/Mixture-of-Prefetchers/external/athena/config/pythia.ini' --l2c_prefetcher_force_prefetch_at_llc=true"
20260429T034359.594397Z-1ab1,ligra_PageRankDelta.com-lj.ungraph.gcc_6.3.0_O3.drop_1250M.length_250M,LIGRA,train,SPP+PPF,single,,,,,,,1.08196,1.000092433401734,1.0,1.08186,1.08196,1.0,2348.0,2.348,2310.0,2310.0,0.0,0.0,0.0,0.0,2309.0,2310.0,2309.0,0.9995670995670995,0.0,0.0,0.0,0.0,0.0,0.0,0.0,0.0,0.0,0.0,2348.0,2348.0,0.0,0.0,0.0,24.0,39.0,0.0,3.95,924251.0,1000000.0,500000,1000000,,,,,,,,stage1_pair_screen_1m,MacBookPro.fios-router.home,a778f3cbe9d6a9f3bd05580ec3a2cb3c45c4b342,2.053465,2026-04-29T03:47:31.242323+00:00,2026-04-29T03:47:33.295788+00:00,/Users/barry/Library/Mobile Documents/com~apple~CloudDocs/Carnegie Mellon/15740/Proj/Mixture-of-Prefetchers/artifacts/athena_traces/ligra_PageRankDelta.com-lj.ungraph.gcc_6.3.0_O3.drop_1250M.length_250M.champsimtrace.xz,results/stage1_pair_screen_1m_probe1_budget8192_Pythia_SPPplusPPF/runs/20260429T034359.594397Z-1ab1/logs/ligra_PageRankDelta.com-lj.ungraph.gcc_6.3.0_O3.drop_1250M.length_250M__SPPplusPPF.out,results/stage1_pair_screen_1m_probe1_budget8192_Pythia_SPPplusPPF/runs/20260429T034359.594397Z-1ab1/logs/ligra_PageRankDelta.com-lj.ungraph.gcc_6.3.0_O3.drop_1250M.length_250M__SPPplusPPF.err,results/stage1_pair_screen_1m_probe1_budget8192_Pythia_SPPplusPPF/runs/20260429T034359.594397Z-1ab1/metrics/ligra_PageRankDelta.com-lj.ungraph.gcc_6.3.0_O3.drop_1250M.length_250M__SPPplusPPF.json,,"--warmup_instructions=500000 --simulation_instructions=1000000 --llc_replacement_type=ship --config='/Users/barry/Library/Mobile Documents/com~apple~CloudDocs/Carnegie Mellon/15740/Proj/Mixture-of-Prefetchers/external/athena'/config/nopref.ini --rob_partition_size=64,128,320 --rob_frontal_partition_ids=0 --rob_dorsal_partition_ids=2 --dram_io_freq=400 --l2c_prefetcher_types=spp_ppf_dev --config='/Users/barry/Library/Mobile Documents/com~apple~CloudDocs/Carnegie Mellon/15740/Proj/Mixture-of-Prefetchers/external/athena/config/spp_ppf_dev.ini' --l2c_prefetcher_force_prefetch_at_llc=true"
20260429T034359.594397Z-1ab1,ligra_PageRankDelta.com-lj.ungraph.gcc_6.3.0_O3.drop_1250M.length_250M,LIGRA,train,MoP-V0,router,MoP-V0,,,Pythia,SPP+PPF,1,1.08196,1.000092433401734,1.0,1.08186,1.08196,1.0,2348.0,2.348,10415.0,10415.0,0.0,0.0,0.0,0.0,2311.0,10415.0,2311.0,0.22189150264042246,3475.0,3463.0,3466.0,3461.0,12242.0,12334.0,3.0,3.0,0.997410071942446,0.9994224660698816,2348.0,2348.0,0.0,0.0,0.0,32.0,149.0,0.0,3.95,924251.0,1000000.0,500000,1000000,500000,8192,30,50,10,1,"1.0,0.25,1.0",stage1_pair_screen_1m,MacBookPro.fios-router.home,a778f3cbe9d6a9f3bd05580ec3a2cb3c45c4b342,2.076718,2026-04-29T03:47:33.295867+00:00,2026-04-29T03:47:35.372585+00:00,/Users/barry/Library/Mobile Documents/com~apple~CloudDocs/Carnegie Mellon/15740/Proj/Mixture-of-Prefetchers/artifacts/athena_traces/ligra_PageRankDelta.com-lj.ungraph.gcc_6.3.0_O3.drop_1250M.length_250M.champsimtrace.xz,results/stage1_pair_screen_1m_probe1_budget8192_Pythia_SPPplusPPF/runs/20260429T034359.594397Z-1ab1/logs/ligra_PageRankDelta.com-lj.ungraph.gcc_6.3.0_O3.drop_1250M.length_250M__MoP-V0.out,results/stage1_pair_screen_1m_probe1_budget8192_Pythia_SPPplusPPF/runs/20260429T034359.594397Z-1ab1/logs/ligra_PageRankDelta.com-lj.ungraph.gcc_6.3.0_O3.drop_1250M.length_250M__MoP-V0.err,results/stage1_pair_screen_1m_probe1_budget8192_Pythia_SPPplusPPF/runs/20260429T034359.594397Z-1ab1/metrics/ligra_PageRankDelta.com-lj.ungraph.gcc_6.3.0_O3.drop_1250M.length_250M__MoP-V0.json,results/stage1_pair_screen_1m_probe1_budget8192_Pythia_SPPplusPPF/runs/20260429T034359.594397Z-1ab1/epoch_logs/ligra_PageRankDelta.com-lj.ungraph.gcc_6.3.0_O3.drop_1250M.length_250M__MoP-V0,"--warmup_instructions=500000 --simulation_instructions=1000000 --llc_replacement_type=ship --config='/Users/barry/Library/Mobile Documents/com~apple~CloudDocs/Carnegie Mellon/15740/Proj/Mixture-of-Prefetchers/external/athena'/config/nopref.ini --rob_partition_size=64,128,320 --rob_frontal_partition_ids=0 --rob_dorsal_partition_ids=2 --dram_io_freq=400 --config='/Users/barry/Library/Mobile Documents/com~apple~CloudDocs/Carnegie Mellon/15740/Proj/Mixture-of-Prefetchers/external/athena/config/mop_lite.ini' --mop_router_type=4 --mop_seed=1 --l2c_prefetcher_types=scooby --config='/Users/barry/Library/Mobile Documents/com~apple~CloudDocs/Carnegie Mellon/15740/Proj/Mixture-of-Prefetchers/external/athena/config/pythia.ini' --l2c_prefetcher_types=spp_ppf_dev --config='/Users/barry/Library/Mobile Documents/com~apple~CloudDocs/Carnegie Mellon/15740/Proj/Mixture-of-Prefetchers/external/athena/config/spp_ppf_dev.ini' --l2c_prefetcher_force_prefetch_at_llc=true --mop_epoch_trace=results/stage1_pair_screen_1m_probe1_budget8192_Pythia_SPPplusPPF/runs/20260429T034359.594397Z-1ab1/epoch_logs/ligra_PageRankDelta.com-lj.ungraph.gcc_6.3.0_O3.drop_1250M.length_250M__MoP-V0 --mop_total_budget=8192 --mop_one_shot_epochs=1"
20260429T034359.594397Z-1ab1,ligra_PageRankDelta.com-lj.ungraph.gcc_6.3.0_O3.drop_1250M.length_250M,LIGRA,train,MoP-V1.1,router,MoP-V1.1,,,Pythia,SPP+PPF,1,1.08196,1.000092433401734,1.0,1.08186,1.08196,1.0,2348.0,2.348,10414.0,10414.0,0.0,0.0,0.0,0.0,2311.0,10414.0,2311.0,0.2219128096792779,3475.0,3462.0,3466.0,3460.0,12240.0,12336.0,3.0,3.0,0.997410071942446,0.9994222992489891,2348.0,2348.0,0.0,0.0,0.0,40.0,149.0,0.0,3.95,924251.0,1000000.0,500000,1000000,500000,8192,30,50,10,1,"1.0,0.25,1.0",stage1_pair_screen_1m,MacBookPro.fios-router.home,a778f3cbe9d6a9f3bd05580ec3a2cb3c45c4b342,2.177232,2026-04-29T03:47:35.372655+00:00,2026-04-29T03:47:37.549887+00:00,/Users/barry/Library/Mobile Documents/com~apple~CloudDocs/Carnegie Mellon/15740/Proj/Mixture-of-Prefetchers/artifacts/athena_traces/ligra_PageRankDelta.com-lj.ungraph.gcc_6.3.0_O3.drop_1250M.length_250M.champsimtrace.xz,results/stage1_pair_screen_1m_probe1_budget8192_Pythia_SPPplusPPF/runs/20260429T034359.594397Z-1ab1/logs/ligra_PageRankDelta.com-lj.ungraph.gcc_6.3.0_O3.drop_1250M.length_250M__MoP-V1.1.out,results/stage1_pair_screen_1m_probe1_budget8192_Pythia_SPPplusPPF/runs/20260429T034359.594397Z-1ab1/logs/ligra_PageRankDelta.com-lj.ungraph.gcc_6.3.0_O3.drop_1250M.length_250M__MoP-V1.1.err,results/stage1_pair_screen_1m_probe1_budget8192_Pythia_SPPplusPPF/runs/20260429T034359.594397Z-1ab1/metrics/ligra_PageRankDelta.com-lj.ungraph.gcc_6.3.0_O3.drop_1250M.length_250M__MoP-V1.1.json,results/stage1_pair_screen_1m_probe1_budget8192_Pythia_SPPplusPPF/runs/20260429T034359.594397Z-1ab1/epoch_logs/ligra_PageRankDelta.com-lj.ungraph.gcc_6.3.0_O3.drop_1250M.length_250M__MoP-V1.1,"--warmup_instructions=500000 --simulation_instructions=1000000 --llc_replacement_type=ship --config='/Users/barry/Library/Mobile Documents/com~apple~CloudDocs/Carnegie Mellon/15740/Proj/Mixture-of-Prefetchers/external/athena'/config/nopref.ini --rob_partition_size=64,128,320 --rob_frontal_partition_ids=0 --rob_dorsal_partition_ids=2 --dram_io_freq=400 --config='/Users/barry/Library/Mobile Documents/com~apple~CloudDocs/Carnegie Mellon/15740/Proj/Mixture-of-Prefetchers/external/athena/config/mop_lite.ini' --mop_router_type=5 --mop_seed=1 --l2c_prefetcher_types=scooby --config='/Users/barry/Library/Mobile Documents/com~apple~CloudDocs/Carnegie Mellon/15740/Proj/Mixture-of-Prefetchers/external/athena/config/pythia.ini' --l2c_prefetcher_types=spp_ppf_dev --config='/Users/barry/Library/Mobile Documents/com~apple~CloudDocs/Carnegie Mellon/15740/Proj/Mixture-of-Prefetchers/external/athena/config/spp_ppf_dev.ini' --l2c_prefetcher_force_prefetch_at_llc=true --mop_epoch_trace=results/stage1_pair_screen_1m_probe1_budget8192_Pythia_SPPplusPPF/runs/20260429T034359.594397Z-1ab1/epoch_logs/ligra_PageRankDelta.com-lj.ungraph.gcc_6.3.0_O3.drop_1250M.length_250M__MoP-V1.1 --mop_total_budget=8192 --mop_one_shot_epochs=1"
20260429T034359.594397Z-1ab1,ligra_PageRankDelta.com-lj.ungraph.gcc_6.3.0_O3.drop_1250M.length_250M,LIGRA,train,MoP-V1.2,router,MoP-V1.2,,,Pythia,SPP+PPF,1,1.08196,1.000092433401734,1.0,1.08186,1.08196,1.0,2348.0,2.348,2310.0,2310.0,0.0,0.0,0.0,0.0,2309.0,2310.0,2309.0,0.9995670995670995,1157.0,3461.0,1156.0,3459.0,0.0,24576.0,0.0,3.0,0.9991356957649092,0.9994221323316961,2348.0,2348.0,0.0,0.0,0.0,24.0,39.0,0.0,3.95,924251.0,1000000.0,500000,1000000,500000,8192,30,50,10,1,"1.0,0.25,1.0",stage1_pair_screen_1m,MacBookPro.fios-router.home,a778f3cbe9d6a9f3bd05580ec3a2cb3c45c4b342,2.113597,2026-04-29T03:47:37.549963+00:00,2026-04-29T03:47:39.663560+00:00,/Users/barry/Library/Mobile Documents/com~apple~CloudDocs/Carnegie Mellon/15740/Proj/Mixture-of-Prefetchers/artifacts/athena_traces/ligra_PageRankDelta.com-lj.ungraph.gcc_6.3.0_O3.drop_1250M.length_250M.champsimtrace.xz,results/stage1_pair_screen_1m_probe1_budget8192_Pythia_SPPplusPPF/runs/20260429T034359.594397Z-1ab1/logs/ligra_PageRankDelta.com-lj.ungraph.gcc_6.3.0_O3.drop_1250M.length_250M__MoP-V1.2.out,results/stage1_pair_screen_1m_probe1_budget8192_Pythia_SPPplusPPF/runs/20260429T034359.594397Z-1ab1/logs/ligra_PageRankDelta.com-lj.ungraph.gcc_6.3.0_O3.drop_1250M.length_250M__MoP-V1.2.err,results/stage1_pair_screen_1m_probe1_budget8192_Pythia_SPPplusPPF/runs/20260429T034359.594397Z-1ab1/metrics/ligra_PageRankDelta.com-lj.ungraph.gcc_6.3.0_O3.drop_1250M.length_250M__MoP-V1.2.json,results/stage1_pair_screen_1m_probe1_budget8192_Pythia_SPPplusPPF/runs/20260429T034359.594397Z-1ab1/epoch_logs/ligra_PageRankDelta.com-lj.ungraph.gcc_6.3.0_O3.drop_1250M.length_250M__MoP-V1.2,"--warmup_instructions=500000 --simulation_instructions=1000000 --llc_replacement_type=ship --config='/Users/barry/Library/Mobile Documents/com~apple~CloudDocs/Carnegie Mellon/15740/Proj/Mixture-of-Prefetchers/external/athena'/config/nopref.ini --rob_partition_size=64,128,320 --rob_frontal_partition_ids=0 --rob_dorsal_partition_ids=2 --dram_io_freq=400 --config='/Users/barry/Library/Mobile Documents/com~apple~CloudDocs/Carnegie Mellon/15740/Proj/Mixture-of-Prefetchers/external/athena/config/mop_lite.ini' --mop_router_type=6 --mop_seed=1 --l2c_prefetcher_types=scooby --config='/Users/barry/Library/Mobile Documents/com~apple~CloudDocs/Carnegie Mellon/15740/Proj/Mixture-of-Prefetchers/external/athena/config/pythia.ini' --l2c_prefetcher_types=spp_ppf_dev --config='/Users/barry/Library/Mobile Documents/com~apple~CloudDocs/Carnegie Mellon/15740/Proj/Mixture-of-Prefetchers/external/athena/config/spp_ppf_dev.ini' --l2c_prefetcher_force_prefetch_at_llc=true --mop_epoch_trace=results/stage1_pair_screen_1m_probe1_budget8192_Pythia_SPPplusPPF/runs/20260429T034359.594397Z-1ab1/epoch_logs/ligra_PageRankDelta.com-lj.ungraph.gcc_6.3.0_O3.drop_1250M.length_250M__MoP-V1.2 --mop_total_budget=8192 --mop_one_shot_epochs=1"
20260429T034359.594397Z-1ab1,ligra_PageRankDelta.com-lj.ungraph.gcc_6.3.0_O3.drop_1250M.length_250M,LIGRA,train,WinnerTakeAll,router,WinnerTakeAll,,,Pythia,SPP+PPF,1,1.08196,1.000092433401734,1.0,1.08186,1.08196,1.0,2348.0,2.348,2310.0,2310.0,0.0,0.0,0.0,0.0,2309.0,2310.0,2309.0,0.9995670995670995,1157.0,3461.0,1156.0,3459.0,0.0,24576.0,0.0,3.0,0.9991356957649092,0.9994221323316961,2348.0,2348.0,0.0,0.0,0.0,32.0,39.0,0.0,3.95,924251.0,1000000.0,500000,1000000,500000,8192,30,50,10,1,"1.0,0.25,1.0",stage1_pair_screen_1m,MacBookPro.fios-router.home,a778f3cbe9d6a9f3bd05580ec3a2cb3c45c4b342,2.01508,2026-04-29T03:47:39.663616+00:00,2026-04-29T03:47:41.678696+00:00,/Users/barry/Library/Mobile Documents/com~apple~CloudDocs/Carnegie Mellon/15740/Proj/Mixture-of-Prefetchers/artifacts/athena_traces/ligra_PageRankDelta.com-lj.ungraph.gcc_6.3.0_O3.drop_1250M.length_250M.champsimtrace.xz,results/stage1_pair_screen_1m_probe1_budget8192_Pythia_SPPplusPPF/runs/20260429T034359.594397Z-1ab1/logs/ligra_PageRankDelta.com-lj.ungraph.gcc_6.3.0_O3.drop_1250M.length_250M__WinnerTakeAll.out,results/stage1_pair_screen_1m_probe1_budget8192_Pythia_SPPplusPPF/runs/20260429T034359.594397Z-1ab1/logs/ligra_PageRankDelta.com-lj.ungraph.gcc_6.3.0_O3.drop_1250M.length_250M__WinnerTakeAll.err,results/stage1_pair_screen_1m_probe1_budget8192_Pythia_SPPplusPPF/runs/20260429T034359.594397Z-1ab1/metrics/ligra_PageRankDelta.com-lj.ungraph.gcc_6.3.0_O3.drop_1250M.length_250M__WinnerTakeAll.json,results/stage1_pair_screen_1m_probe1_budget8192_Pythia_SPPplusPPF/runs/20260429T034359.594397Z-1ab1/epoch_logs/ligra_PageRankDelta.com-lj.ungraph.gcc_6.3.0_O3.drop_1250M.length_250M__WinnerTakeAll,"--warmup_instructions=500000 --simulation_instructions=1000000 --llc_replacement_type=ship --config='/Users/barry/Library/Mobile Documents/com~apple~CloudDocs/Carnegie Mellon/15740/Proj/Mixture-of-Prefetchers/external/athena'/config/nopref.ini --rob_partition_size=64,128,320 --rob_frontal_partition_ids=0 --rob_dorsal_partition_ids=2 --dram_io_freq=400 --config='/Users/barry/Library/Mobile Documents/com~apple~CloudDocs/Carnegie Mellon/15740/Proj/Mixture-of-Prefetchers/external/athena/config/mop_lite.ini' --mop_router_type=1 --mop_seed=1 --l2c_prefetcher_types=scooby --config='/Users/barry/Library/Mobile Documents/com~apple~CloudDocs/Carnegie Mellon/15740/Proj/Mixture-of-Prefetchers/external/athena/config/pythia.ini' --l2c_prefetcher_types=spp_ppf_dev --config='/Users/barry/Library/Mobile Documents/com~apple~CloudDocs/Carnegie Mellon/15740/Proj/Mixture-of-Prefetchers/external/athena/config/spp_ppf_dev.ini' --l2c_prefetcher_force_prefetch_at_llc=true --mop_epoch_trace=results/stage1_pair_screen_1m_probe1_budget8192_Pythia_SPPplusPPF/runs/20260429T034359.594397Z-1ab1/epoch_logs/ligra_PageRankDelta.com-lj.ungraph.gcc_6.3.0_O3.drop_1250M.length_250M__WinnerTakeAll --mop_total_budget=8192 --mop_one_shot_epochs=1"
20260429T034359.594397Z-1ab1,ligra_PageRankDelta.com-lj.ungraph.gcc_6.3.0_O3.drop_1250M.length_250M,LIGRA,train,OneShotFit,router,OneShotFit,,,Pythia,SPP+PPF,1,1.08196,1.000092433401734,1.0,1.08186,1.08196,1.0,2348.0,2.348,2310.0,2310.0,0.0,0.0,0.0,0.0,2309.0,2310.0,2309.0,0.9995670995670995,1157.0,3461.0,1156.0,3459.0,0.0,24576.0,0.0,3.0,0.9991356957649092,0.9994221323316961,2348.0,2348.0,0.0,0.0,0.0,24.0,39.0,0.0,3.95,924251.0,1000000.0,500000,1000000,500000,8192,30,50,10,1,"1.0,0.25,1.0",stage1_pair_screen_1m,MacBookPro.fios-router.home,a778f3cbe9d6a9f3bd05580ec3a2cb3c45c4b342,1.988723,2026-04-29T03:47:41.678795+00:00,2026-04-29T03:47:43.667518+00:00,/Users/barry/Library/Mobile Documents/com~apple~CloudDocs/Carnegie Mellon/15740/Proj/Mixture-of-Prefetchers/artifacts/athena_traces/ligra_PageRankDelta.com-lj.ungraph.gcc_6.3.0_O3.drop_1250M.length_250M.champsimtrace.xz,results/stage1_pair_screen_1m_probe1_budget8192_Pythia_SPPplusPPF/runs/20260429T034359.594397Z-1ab1/logs/ligra_PageRankDelta.com-lj.ungraph.gcc_6.3.0_O3.drop_1250M.length_250M__OneShotFit.out,results/stage1_pair_screen_1m_probe1_budget8192_Pythia_SPPplusPPF/runs/20260429T034359.594397Z-1ab1/logs/ligra_PageRankDelta.com-lj.ungraph.gcc_6.3.0_O3.drop_1250M.length_250M__OneShotFit.err,results/stage1_pair_screen_1m_probe1_budget8192_Pythia_SPPplusPPF/runs/20260429T034359.594397Z-1ab1/metrics/ligra_PageRankDelta.com-lj.ungraph.gcc_6.3.0_O3.drop_1250M.length_250M__OneShotFit.json,results/stage1_pair_screen_1m_probe1_budget8192_Pythia_SPPplusPPF/runs/20260429T034359.594397Z-1ab1/epoch_logs/ligra_PageRankDelta.com-lj.ungraph.gcc_6.3.0_O3.drop_1250M.length_250M__OneShotFit,"--warmup_instructions=500000 --simulation_instructions=1000000 --llc_replacement_type=ship --config='/Users/barry/Library/Mobile Documents/com~apple~CloudDocs/Carnegie Mellon/15740/Proj/Mixture-of-Prefetchers/external/athena'/config/nopref.ini --rob_partition_size=64,128,320 --rob_frontal_partition_ids=0 --rob_dorsal_partition_ids=2 --dram_io_freq=400 --config='/Users/barry/Library/Mobile Documents/com~apple~CloudDocs/Carnegie Mellon/15740/Proj/Mixture-of-Prefetchers/external/athena/config/mop_lite.ini' --mop_router_type=3 --mop_seed=1 --l2c_prefetcher_types=scooby --config='/Users/barry/Library/Mobile Documents/com~apple~CloudDocs/Carnegie Mellon/15740/Proj/Mixture-of-Prefetchers/external/athena/config/pythia.ini' --l2c_prefetcher_types=spp_ppf_dev --config='/Users/barry/Library/Mobile Documents/com~apple~CloudDocs/Carnegie Mellon/15740/Proj/Mixture-of-Prefetchers/external/athena/config/spp_ppf_dev.ini' --l2c_prefetcher_force_prefetch_at_llc=true --mop_epoch_trace=results/stage1_pair_screen_1m_probe1_budget8192_Pythia_SPPplusPPF/runs/20260429T034359.594397Z-1ab1/epoch_logs/ligra_PageRankDelta.com-lj.ungraph.gcc_6.3.0_O3.drop_1250M.length_250M__OneShotFit --mop_total_budget=8192 --mop_one_shot_epochs=1"
20260429T034359.594397Z-1ab1,ligra_PageRankDelta.com-lj.ungraph.gcc_6.3.0_O3.drop_1250M.length_250M,LIGRA,train,AthenaMAB,builtin,,,AthenaMAB,Pythia,SPP+PPF,,1.08196,1.000092433401734,1.0,1.08186,1.08196,1.0,2348.0,2.348,1153.0,1153.0,0.0,0.0,0.0,0.0,1152.0,1153.0,1152.0,0.9991326973113617,0.0,1153.0,0.0,1152.0,0.0,0.0,0.0,0.0,0.0,0.9991326973113617,2348.0,2348.0,0.0,0.0,0.0,32.0,23.0,0.0,3.95,924251.0,1000000.0,500000,1000000,500000,,,,,,,stage1_pair_screen_1m,MacBookPro.fios-router.home,a778f3cbe9d6a9f3bd05580ec3a2cb3c45c4b342,2.1459,2026-04-29T03:47:43.667588+00:00,2026-04-29T03:47:45.813488+00:00,/Users/barry/Library/Mobile Documents/com~apple~CloudDocs/Carnegie Mellon/15740/Proj/Mixture-of-Prefetchers/artifacts/athena_traces/ligra_PageRankDelta.com-lj.ungraph.gcc_6.3.0_O3.drop_1250M.length_250M.champsimtrace.xz,results/stage1_pair_screen_1m_probe1_budget8192_Pythia_SPPplusPPF/runs/20260429T034359.594397Z-1ab1/logs/ligra_PageRankDelta.com-lj.ungraph.gcc_6.3.0_O3.drop_1250M.length_250M__AthenaMAB.out,results/stage1_pair_screen_1m_probe1_budget8192_Pythia_SPPplusPPF/runs/20260429T034359.594397Z-1ab1/logs/ligra_PageRankDelta.com-lj.ungraph.gcc_6.3.0_O3.drop_1250M.length_250M__AthenaMAB.err,results/stage1_pair_screen_1m_probe1_budget8192_Pythia_SPPplusPPF/runs/20260429T034359.594397Z-1ab1/metrics/ligra_PageRankDelta.com-lj.ungraph.gcc_6.3.0_O3.drop_1250M.length_250M__AthenaMAB.json,results/stage1_pair_screen_1m_probe1_budget8192_Pythia_SPPplusPPF/runs/20260429T034359.594397Z-1ab1/epoch_logs/ligra_PageRankDelta.com-lj.ungraph.gcc_6.3.0_O3.drop_1250M.length_250M__AthenaMAB,"--warmup_instructions=500000 --simulation_instructions=1000000 --llc_replacement_type=ship --config='/Users/barry/Library/Mobile Documents/com~apple~CloudDocs/Carnegie Mellon/15740/Proj/Mixture-of-Prefetchers/external/athena'/config/nopref.ini --rob_partition_size=64,128,320 --rob_frontal_partition_ids=0 --rob_dorsal_partition_ids=2 --dram_io_freq=400 --config='/Users/barry/Library/Mobile Documents/com~apple~CloudDocs/Carnegie Mellon/15740/Proj/Mixture-of-Prefetchers/external/athena/config/mop_lite_mab.ini' --l2c_prefetcher_types=scooby --config='/Users/barry/Library/Mobile Documents/com~apple~CloudDocs/Carnegie Mellon/15740/Proj/Mixture-of-Prefetchers/external/athena/config/pythia.ini' --l2c_prefetcher_types=spp_ppf_dev --config='/Users/barry/Library/Mobile Documents/com~apple~CloudDocs/Carnegie Mellon/15740/Proj/Mixture-of-Prefetchers/external/athena/config/spp_ppf_dev.ini' --l2c_prefetcher_force_prefetch_at_llc=true --mop_epoch_trace=results/stage1_pair_screen_1m_probe1_budget8192_Pythia_SPPplusPPF/runs/20260429T034359.594397Z-1ab1/epoch_logs/ligra_PageRankDelta.com-lj.ungraph.gcc_6.3.0_O3.drop_1250M.length_250M__AthenaMAB"
20260429T034359.594397Z-1ab1,secret_compute_fp_45,CVP,train,Baseline,baseline,,,,,,,0.14595,1.0,0.9071415252657095,0.14595,0.16089,0.0,45469.0,45.469,0.0,0.0,0.0,0.0,0.0,0.0,0.0,0.0,0.0,0.0,0.0,0.0,0.0,0.0,0.0,0.0,0.0,0.0,0.0,0.0,44731.0,54296.0,0.0,0.0,0.0,25461.0,57004.0,0.0,11.18,6851826.0,1000000.0,500000,1000000,,,,,,,,stage1_pair_screen_1m,MacBookPro.fios-router.home,a778f3cbe9d6a9f3bd05580ec3a2cb3c45c4b342,10.140842,2026-04-29T03:47:45.813572+00:00,2026-04-29T03:47:55.954414+00:00,/Users/barry/Library/Mobile Documents/com~apple~CloudDocs/Carnegie Mellon/15740/Proj/Mixture-of-Prefetchers/artifacts/athena_traces/compute_fp_45.champsim.gz,results/stage1_pair_screen_1m_probe1_budget8192_Pythia_SPPplusPPF/runs/20260429T034359.594397Z-1ab1/logs/secret_compute_fp_45__Baseline.out,results/stage1_pair_screen_1m_probe1_budget8192_Pythia_SPPplusPPF/runs/20260429T034359.594397Z-1ab1/logs/secret_compute_fp_45__Baseline.err,results/stage1_pair_screen_1m_probe1_budget8192_Pythia_SPPplusPPF/runs/20260429T034359.594397Z-1ab1/metrics/secret_compute_fp_45__Baseline.json,,"--warmup_instructions=500000 --simulation_instructions=1000000 --llc_replacement_type=ship --config='/Users/barry/Library/Mobile Documents/com~apple~CloudDocs/Carnegie Mellon/15740/Proj/Mixture-of-Prefetchers/external/athena'/config/nopref.ini --rob_partition_size=64,128,320 --rob_frontal_partition_ids=0 --rob_dorsal_partition_ids=2 --dram_io_freq=400"
20260429T034359.594397Z-1ab1,secret_compute_fp_45,CVP,train,Pythia,single,,,,,,,0.1555,1.065433367591641,0.9664988501460625,0.14595,0.16089,1.0,45438.0,45.438,142380.0,142380.0,0.0,0.0,0.0,0.0,29333.0,142380.0,29333.0,0.20601910380671443,0.0,0.0,0.0,0.0,0.0,0.0,0.0,0.0,0.0,0.0,44729.0,54352.0,0.0,0.0,0.0,23838.0,67811.0,0.0,11.18,6430966.0,1000000.0,500000,1000000,,,,,,,,stage1_pair_screen_1m,MacBookPro.fios-router.home,a778f3cbe9d6a9f3bd05580ec3a2cb3c45c4b342,10.594038,2026-04-29T03:47:55.954481+00:00,2026-04-29T03:48:06.548519+00:00,/Users/barry/Library/Mobile Documents/com~apple~CloudDocs/Carnegie Mellon/15740/Proj/Mixture-of-Prefetchers/artifacts/athena_traces/compute_fp_45.champsim.gz,results/stage1_pair_screen_1m_probe1_budget8192_Pythia_SPPplusPPF/runs/20260429T034359.594397Z-1ab1/logs/secret_compute_fp_45__Pythia.out,results/stage1_pair_screen_1m_probe1_budget8192_Pythia_SPPplusPPF/runs/20260429T034359.594397Z-1ab1/logs/secret_compute_fp_45__Pythia.err,results/stage1_pair_screen_1m_probe1_budget8192_Pythia_SPPplusPPF/runs/20260429T034359.594397Z-1ab1/metrics/secret_compute_fp_45__Pythia.json,,"--warmup_instructions=500000 --simulation_instructions=1000000 --llc_replacement_type=ship --config='/Users/barry/Library/Mobile Documents/com~apple~CloudDocs/Carnegie Mellon/15740/Proj/Mixture-of-Prefetchers/external/athena'/config/nopref.ini --rob_partition_size=64,128,320 --rob_frontal_partition_ids=0 --rob_dorsal_partition_ids=2 --dram_io_freq=400 --l2c_prefetcher_types=scooby --config='/Users/barry/Library/Mobile Documents/com~apple~CloudDocs/Carnegie Mellon/15740/Proj/Mixture-of-Prefetchers/external/athena/config/pythia.ini' --l2c_prefetcher_force_prefetch_at_llc=true"
20260429T034359.594397Z-1ab1,secret_compute_fp_45,CVP,train,SPP+PPF,single,,,,,,,0.16089,1.1023638232271327,1.0,0.14595,0.16089,1.0,45457.0,45.457,53221.0,53221.0,0.0,0.0,0.0,0.0,20736.0,53221.0,20736.0,0.38962063846977696,0.0,0.0,0.0,0.0,0.0,0.0,0.0,0.0,0.0,0.0,44731.0,54398.0,0.0,0.0,0.0,23703.0,63311.0,0.0,11.18,6215434.0,1000000.0,500000,1000000,,,,,,,,stage1_pair_screen_1m,MacBookPro.fios-router.home,a778f3cbe9d6a9f3bd05580ec3a2cb3c45c4b342,10.020984,2026-04-29T03:48:06.548589+00:00,2026-04-29T03:48:16.569573+00:00,/Users/barry/Library/Mobile Documents/com~apple~CloudDocs/Carnegie Mellon/15740/Proj/Mixture-of-Prefetchers/artifacts/athena_traces/compute_fp_45.champsim.gz,results/stage1_pair_screen_1m_probe1_budget8192_Pythia_SPPplusPPF/runs/20260429T034359.594397Z-1ab1/logs/secret_compute_fp_45__SPPplusPPF.out,results/stage1_pair_screen_1m_probe1_budget8192_Pythia_SPPplusPPF/runs/20260429T034359.594397Z-1ab1/logs/secret_compute_fp_45__SPPplusPPF.err,results/stage1_pair_screen_1m_probe1_budget8192_Pythia_SPPplusPPF/runs/20260429T034359.594397Z-1ab1/metrics/secret_compute_fp_45__SPPplusPPF.json,,"--warmup_instructions=500000 --simulation_instructions=1000000 --llc_replacement_type=ship --config='/Users/barry/Library/Mobile Documents/com~apple~CloudDocs/Carnegie Mellon/15740/Proj/Mixture-of-Prefetchers/external/athena'/config/nopref.ini --rob_partition_size=64,128,320 --rob_frontal_partition_ids=0 --rob_dorsal_partition_ids=2 --dram_io_freq=400 --l2c_prefetcher_types=spp_ppf_dev --config='/Users/barry/Library/Mobile Documents/com~apple~CloudDocs/Carnegie Mellon/15740/Proj/Mixture-of-Prefetchers/external/athena/config/spp_ppf_dev.ini' --l2c_prefetcher_force_prefetch_at_llc=true"
20260429T034359.594397Z-1ab1,secret_compute_fp_45,CVP,train,MoP-V0,router,MoP-V0,,,Pythia,SPP+PPF,1,0.14636,1.0028091812264475,0.9096898502082167,0.14595,0.16089,1.0,45497.0,45.497,15822.0,15822.0,0.0,0.0,0.0,0.0,1830.0,15822.0,1830.0,0.11566173682214638,6408.0,8192.0,8200.0,9622.0,13861.0,10715.0,3.0,3.0,1.2796504369538078,1.174560546875,44731.0,54362.0,0.0,0.0,0.0,26504.0,58387.0,0.0,11.18,6832674.0,1000000.0,500000,1000000,500000,8192,30,50,10,1,"1.0,0.25,1.0",stage1_pair_screen_1m,MacBookPro.fios-router.home,a778f3cbe9d6a9f3bd05580ec3a2cb3c45c4b342,10.564845,2026-04-29T03:48:16.569649+00:00,2026-04-29T03:48:27.134494+00:00,/Users/barry/Library/Mobile Documents/com~apple~CloudDocs/Carnegie Mellon/15740/Proj/Mixture-of-Prefetchers/artifacts/athena_traces/compute_fp_45.champsim.gz,results/stage1_pair_screen_1m_probe1_budget8192_Pythia_SPPplusPPF/runs/20260429T034359.594397Z-1ab1/logs/secret_compute_fp_45__MoP-V0.out,results/stage1_pair_screen_1m_probe1_budget8192_Pythia_SPPplusPPF/runs/20260429T034359.594397Z-1ab1/logs/secret_compute_fp_45__MoP-V0.err,results/stage1_pair_screen_1m_probe1_budget8192_Pythia_SPPplusPPF/runs/20260429T034359.594397Z-1ab1/metrics/secret_compute_fp_45__MoP-V0.json,results/stage1_pair_screen_1m_probe1_budget8192_Pythia_SPPplusPPF/runs/20260429T034359.594397Z-1ab1/epoch_logs/secret_compute_fp_45__MoP-V0,"--warmup_instructions=500000 --simulation_instructions=1000000 --llc_replacement_type=ship --config='/Users/barry/Library/Mobile Documents/com~apple~CloudDocs/Carnegie Mellon/15740/Proj/Mixture-of-Prefetchers/external/athena'/config/nopref.ini --rob_partition_size=64,128,320 --rob_frontal_partition_ids=0 --rob_dorsal_partition_ids=2 --dram_io_freq=400 --config='/Users/barry/Library/Mobile Documents/com~apple~CloudDocs/Carnegie Mellon/15740/Proj/Mixture-of-Prefetchers/external/athena/config/mop_lite.ini' --mop_router_type=4 --mop_seed=1 --l2c_prefetcher_types=scooby --config='/Users/barry/Library/Mobile Documents/com~apple~CloudDocs/Carnegie Mellon/15740/Proj/Mixture-of-Prefetchers/external/athena/config/pythia.ini' --l2c_prefetcher_types=spp_ppf_dev --config='/Users/barry/Library/Mobile Documents/com~apple~CloudDocs/Carnegie Mellon/15740/Proj/Mixture-of-Prefetchers/external/athena/config/spp_ppf_dev.ini' --l2c_prefetcher_force_prefetch_at_llc=true --mop_epoch_trace=results/stage1_pair_screen_1m_probe1_budget8192_Pythia_SPPplusPPF/runs/20260429T034359.594397Z-1ab1/epoch_logs/secret_compute_fp_45__MoP-V0 --mop_total_budget=8192 --mop_one_shot_epochs=1"
20260429T034359.594397Z-1ab1,secret_compute_fp_45,CVP,train,MoP-V1.1,router,MoP-V1.1,,,Pythia,SPP+PPF,1,0.14739,1.0098663926002056,0.9160917396979302,0.14595,0.16089,1.0,45485.0,45.485,15688.0,15688.0,0.0,0.0,0.0,0.0,1911.0,15688.0,1911.0,0.1218128505864355,6448.0,8220.0,8218.0,9694.0,13772.0,10804.0,3.0,3.0,1.2745037220843674,1.1793187347931873,44731.0,54291.0,0.0,0.0,0.0,26722.0,58073.0,0.0,11.18,6784927.0,1000000.0,500000,1000000,500000,8192,30,50,10,1,"1.0,0.25,1.0",stage1_pair_screen_1m,MacBookPro.fios-router.home,a778f3cbe9d6a9f3bd05580ec3a2cb3c45c4b342,10.570324,2026-04-29T03:48:27.134558+00:00,2026-04-29T03:48:37.704882+00:00,/Users/barry/Library/Mobile Documents/com~apple~CloudDocs/Carnegie Mellon/15740/Proj/Mixture-of-Prefetchers/artifacts/athena_traces/compute_fp_45.champsim.gz,results/stage1_pair_screen_1m_probe1_budget8192_Pythia_SPPplusPPF/runs/20260429T034359.594397Z-1ab1/logs/secret_compute_fp_45__MoP-V1.1.out,results/stage1_pair_screen_1m_probe1_budget8192_Pythia_SPPplusPPF/runs/20260429T034359.594397Z-1ab1/logs/secret_compute_fp_45__MoP-V1.1.err,results/stage1_pair_screen_1m_probe1_budget8192_Pythia_SPPplusPPF/runs/20260429T034359.594397Z-1ab1/metrics/secret_compute_fp_45__MoP-V1.1.json,results/stage1_pair_screen_1m_probe1_budget8192_Pythia_SPPplusPPF/runs/20260429T034359.594397Z-1ab1/epoch_logs/secret_compute_fp_45__MoP-V1.1,"--warmup_instructions=500000 --simulation_instructions=1000000 --llc_replacement_type=ship --config='/Users/barry/Library/Mobile Documents/com~apple~CloudDocs/Carnegie Mellon/15740/Proj/Mixture-of-Prefetchers/external/athena'/config/nopref.ini --rob_partition_size=64,128,320 --rob_frontal_partition_ids=0 --rob_dorsal_partition_ids=2 --dram_io_freq=400 --config='/Users/barry/Library/Mobile Documents/com~apple~CloudDocs/Carnegie Mellon/15740/Proj/Mixture-of-Prefetchers/external/athena/config/mop_lite.ini' --mop_router_type=5 --mop_seed=1 --l2c_prefetcher_types=scooby --config='/Users/barry/Library/Mobile Documents/com~apple~CloudDocs/Carnegie Mellon/15740/Proj/Mixture-of-Prefetchers/external/athena/config/pythia.ini' --l2c_prefetcher_types=spp_ppf_dev --config='/Users/barry/Library/Mobile Documents/com~apple~CloudDocs/Carnegie Mellon/15740/Proj/Mixture-of-Prefetchers/external/athena/config/spp_ppf_dev.ini' --l2c_prefetcher_force_prefetch_at_llc=true --mop_epoch_trace=results/stage1_pair_screen_1m_probe1_budget8192_Pythia_SPPplusPPF/runs/20260429T034359.594397Z-1ab1/epoch_logs/secret_compute_fp_45__MoP-V1.1 --mop_total_budget=8192 --mop_one_shot_epochs=1"
20260429T034359.594397Z-1ab1,secret_compute_fp_45,CVP,train,MoP-V1.2,router,MoP-V1.2,,,Pythia,SPP+PPF,1,0.14737,1.0097293593696473,0.9159674311641494,0.14595,0.16089,1.0,45459.0,45.459,15855.0,15855.0,0.0,0.0,0.0,0.0,2362.0,15855.0,2362.0,0.1489750867234311,5508.0,9020.0,6831.0,9940.0,8192.0,16384.0,1.0,2.0,1.2401960784313726,1.1019955654101996,44731.0,54226.0,0.0,0.0,0.0,25763.0,58889.0,0.0,11.18,6785647.0,1000000.0,500000,1000000,500000,8192,30,50,10,1,"1.0,0.25,1.0",stage1_pair_screen_1m,MacBookPro.fios-router.home,a778f3cbe9d6a9f3bd05580ec3a2cb3c45c4b342,10.435748,2026-04-29T03:48:37.704950+00:00,2026-04-29T03:48:48.140698+00:00,/Users/barry/Library/Mobile Documents/com~apple~CloudDocs/Carnegie Mellon/15740/Proj/Mixture-of-Prefetchers/artifacts/athena_traces/compute_fp_45.champsim.gz,results/stage1_pair_screen_1m_probe1_budget8192_Pythia_SPPplusPPF/runs/20260429T034359.594397Z-1ab1/logs/secret_compute_fp_45__MoP-V1.2.out,results/stage1_pair_screen_1m_probe1_budget8192_Pythia_SPPplusPPF/runs/20260429T034359.594397Z-1ab1/logs/secret_compute_fp_45__MoP-V1.2.err,results/stage1_pair_screen_1m_probe1_budget8192_Pythia_SPPplusPPF/runs/20260429T034359.594397Z-1ab1/metrics/secret_compute_fp_45__MoP-V1.2.json,results/stage1_pair_screen_1m_probe1_budget8192_Pythia_SPPplusPPF/runs/20260429T034359.594397Z-1ab1/epoch_logs/secret_compute_fp_45__MoP-V1.2,"--warmup_instructions=500000 --simulation_instructions=1000000 --llc_replacement_type=ship --config='/Users/barry/Library/Mobile Documents/com~apple~CloudDocs/Carnegie Mellon/15740/Proj/Mixture-of-Prefetchers/external/athena'/config/nopref.ini --rob_partition_size=64,128,320 --rob_frontal_partition_ids=0 --rob_dorsal_partition_ids=2 --dram_io_freq=400 --config='/Users/barry/Library/Mobile Documents/com~apple~CloudDocs/Carnegie Mellon/15740/Proj/Mixture-of-Prefetchers/external/athena/config/mop_lite.ini' --mop_router_type=6 --mop_seed=1 --l2c_prefetcher_types=scooby --config='/Users/barry/Library/Mobile Documents/com~apple~CloudDocs/Carnegie Mellon/15740/Proj/Mixture-of-Prefetchers/external/athena/config/pythia.ini' --l2c_prefetcher_types=spp_ppf_dev --config='/Users/barry/Library/Mobile Documents/com~apple~CloudDocs/Carnegie Mellon/15740/Proj/Mixture-of-Prefetchers/external/athena/config/spp_ppf_dev.ini' --l2c_prefetcher_force_prefetch_at_llc=true --mop_epoch_trace=results/stage1_pair_screen_1m_probe1_budget8192_Pythia_SPPplusPPF/runs/20260429T034359.594397Z-1ab1/epoch_logs/secret_compute_fp_45__MoP-V1.2 --mop_total_budget=8192 --mop_one_shot_epochs=1"
20260429T034359.594397Z-1ab1,secret_compute_fp_45,CVP,train,WinnerTakeAll,router,WinnerTakeAll,,,Pythia,SPP+PPF,1,0.14772,1.0121274409044192,0.9181428305053141,0.14595,0.16089,1.0,45455.0,45.455,15857.0,15857.0,0.0,0.0,0.0,0.0,2345.0,15857.0,2345.0,0.14788421517310968,5506.0,9030.0,6846.0,9914.0,8192.0,16384.0,1.0,2.0,1.2433708681438431,1.0978959025470654,44730.0,54347.0,0.0,0.0,0.0,26499.0,58101.0,0.0,11.18,6769711.0,1000000.0,500000,1000000,500000,8192,30,50,10,1,"1.0,0.25,1.0",stage1_pair_screen_1m,MacBookPro.fios-router.home,a778f3cbe9d6a9f3bd05580ec3a2cb3c45c4b342,10.535717,2026-04-29T03:48:48.140758+00:00,2026-04-29T03:48:58.676475+00:00,/Users/barry/Library/Mobile Documents/com~apple~CloudDocs/Carnegie Mellon/15740/Proj/Mixture-of-Prefetchers/artifacts/athena_traces/compute_fp_45.champsim.gz,results/stage1_pair_screen_1m_probe1_budget8192_Pythia_SPPplusPPF/runs/20260429T034359.594397Z-1ab1/logs/secret_compute_fp_45__WinnerTakeAll.out,results/stage1_pair_screen_1m_probe1_budget8192_Pythia_SPPplusPPF/runs/20260429T034359.594397Z-1ab1/logs/secret_compute_fp_45__WinnerTakeAll.err,results/stage1_pair_screen_1m_probe1_budget8192_Pythia_SPPplusPPF/runs/20260429T034359.594397Z-1ab1/metrics/secret_compute_fp_45__WinnerTakeAll.json,results/stage1_pair_screen_1m_probe1_budget8192_Pythia_SPPplusPPF/runs/20260429T034359.594397Z-1ab1/epoch_logs/secret_compute_fp_45__WinnerTakeAll,"--warmup_instructions=500000 --simulation_instructions=1000000 --llc_replacement_type=ship --config='/Users/barry/Library/Mobile Documents/com~apple~CloudDocs/Carnegie Mellon/15740/Proj/Mixture-of-Prefetchers/external/athena'/config/nopref.ini --rob_partition_size=64,128,320 --rob_frontal_partition_ids=0 --rob_dorsal_partition_ids=2 --dram_io_freq=400 --config='/Users/barry/Library/Mobile Documents/com~apple~CloudDocs/Carnegie Mellon/15740/Proj/Mixture-of-Prefetchers/external/athena/config/mop_lite.ini' --mop_router_type=1 --mop_seed=1 --l2c_prefetcher_types=scooby --config='/Users/barry/Library/Mobile Documents/com~apple~CloudDocs/Carnegie Mellon/15740/Proj/Mixture-of-Prefetchers/external/athena/config/pythia.ini' --l2c_prefetcher_types=spp_ppf_dev --config='/Users/barry/Library/Mobile Documents/com~apple~CloudDocs/Carnegie Mellon/15740/Proj/Mixture-of-Prefetchers/external/athena/config/spp_ppf_dev.ini' --l2c_prefetcher_force_prefetch_at_llc=true --mop_epoch_trace=results/stage1_pair_screen_1m_probe1_budget8192_Pythia_SPPplusPPF/runs/20260429T034359.594397Z-1ab1/epoch_logs/secret_compute_fp_45__WinnerTakeAll --mop_total_budget=8192 --mop_one_shot_epochs=1"
20260429T034359.594397Z-1ab1,secret_compute_fp_45,CVP,train,OneShotFit,router,OneShotFit,,,Pythia,SPP+PPF,1,0.1477,1.0119904076738608,0.9180185219715333,0.14595,0.16089,1.0,45452.0,45.452,16384.0,16384.0,0.0,0.0,0.0,0.0,4606.0,16384.0,4606.0,0.2811279296875,2951.0,16248.0,4497.0,16860.0,0.0,24576.0,0.0,3.0,1.52389020670959,1.0376661742983753,44730.0,54172.0,0.0,0.0,0.0,26448.0,59102.0,0.0,11.18,6770601.0,1000000.0,500000,1000000,500000,8192,30,50,10,1,"1.0,0.25,1.0",stage1_pair_screen_1m,MacBookPro.fios-router.home,a778f3cbe9d6a9f3bd05580ec3a2cb3c45c4b342,10.561571,2026-04-29T03:48:58.676543+00:00,2026-04-29T03:49:09.238114+00:00,/Users/barry/Library/Mobile Documents/com~apple~CloudDocs/Carnegie Mellon/15740/Proj/Mixture-of-Prefetchers/artifacts/athena_traces/compute_fp_45.champsim.gz,results/stage1_pair_screen_1m_probe1_budget8192_Pythia_SPPplusPPF/runs/20260429T034359.594397Z-1ab1/logs/secret_compute_fp_45__OneShotFit.out,results/stage1_pair_screen_1m_probe1_budget8192_Pythia_SPPplusPPF/runs/20260429T034359.594397Z-1ab1/logs/secret_compute_fp_45__OneShotFit.err,results/stage1_pair_screen_1m_probe1_budget8192_Pythia_SPPplusPPF/runs/20260429T034359.594397Z-1ab1/metrics/secret_compute_fp_45__OneShotFit.json,results/stage1_pair_screen_1m_probe1_budget8192_Pythia_SPPplusPPF/runs/20260429T034359.594397Z-1ab1/epoch_logs/secret_compute_fp_45__OneShotFit,"--warmup_instructions=500000 --simulation_instructions=1000000 --llc_replacement_type=ship --config='/Users/barry/Library/Mobile Documents/com~apple~CloudDocs/Carnegie Mellon/15740/Proj/Mixture-of-Prefetchers/external/athena'/config/nopref.ini --rob_partition_size=64,128,320 --rob_frontal_partition_ids=0 --rob_dorsal_partition_ids=2 --dram_io_freq=400 --config='/Users/barry/Library/Mobile Documents/com~apple~CloudDocs/Carnegie Mellon/15740/Proj/Mixture-of-Prefetchers/external/athena/config/mop_lite.ini' --mop_router_type=3 --mop_seed=1 --l2c_prefetcher_types=scooby --config='/Users/barry/Library/Mobile Documents/com~apple~CloudDocs/Carnegie Mellon/15740/Proj/Mixture-of-Prefetchers/external/athena/config/pythia.ini' --l2c_prefetcher_types=spp_ppf_dev --config='/Users/barry/Library/Mobile Documents/com~apple~CloudDocs/Carnegie Mellon/15740/Proj/Mixture-of-Prefetchers/external/athena/config/spp_ppf_dev.ini' --l2c_prefetcher_force_prefetch_at_llc=true --mop_epoch_trace=results/stage1_pair_screen_1m_probe1_budget8192_Pythia_SPPplusPPF/runs/20260429T034359.594397Z-1ab1/epoch_logs/secret_compute_fp_45__OneShotFit --mop_total_budget=8192 --mop_one_shot_epochs=1"
20260429T034359.594397Z-1ab1,secret_compute_fp_45,CVP,train,AthenaMAB,builtin,,,AthenaMAB,Pythia,SPP+PPF,,0.15605,1.0692017814319972,0.9699173348250357,0.14595,0.16089,1.0,45472.0,45.472,32608.0,32608.0,0.0,0.0,0.0,0.0,15861.0,32608.0,15861.0,0.48641437684003924,0.0,28750.0,0.0,27637.0,0.0,0.0,0.0,0.0,0.0,0.9612869565217391,44731.0,54542.0,0.0,0.0,0.0,21941.0,60260.0,0.0,11.18,6408166.0,1000000.0,500000,1000000,500000,,,,,,,stage1_pair_screen_1m,MacBookPro.fios-router.home,a778f3cbe9d6a9f3bd05580ec3a2cb3c45c4b342,10.424708,2026-04-29T03:49:09.238187+00:00,2026-04-29T03:49:19.662895+00:00,/Users/barry/Library/Mobile Documents/com~apple~CloudDocs/Carnegie Mellon/15740/Proj/Mixture-of-Prefetchers/artifacts/athena_traces/compute_fp_45.champsim.gz,results/stage1_pair_screen_1m_probe1_budget8192_Pythia_SPPplusPPF/runs/20260429T034359.594397Z-1ab1/logs/secret_compute_fp_45__AthenaMAB.out,results/stage1_pair_screen_1m_probe1_budget8192_Pythia_SPPplusPPF/runs/20260429T034359.594397Z-1ab1/logs/secret_compute_fp_45__AthenaMAB.err,results/stage1_pair_screen_1m_probe1_budget8192_Pythia_SPPplusPPF/runs/20260429T034359.594397Z-1ab1/metrics/secret_compute_fp_45__AthenaMAB.json,results/stage1_pair_screen_1m_probe1_budget8192_Pythia_SPPplusPPF/runs/20260429T034359.594397Z-1ab1/epoch_logs/secret_compute_fp_45__AthenaMAB,"--warmup_instructions=500000 --simulation_instructions=1000000 --llc_replacement_type=ship --config='/Users/barry/Library/Mobile Documents/com~apple~CloudDocs/Carnegie Mellon/15740/Proj/Mixture-of-Prefetchers/external/athena'/config/nopref.ini --rob_partition_size=64,128,320 --rob_frontal_partition_ids=0 --rob_dorsal_partition_ids=2 --dram_io_freq=400 --config='/Users/barry/Library/Mobile Documents/com~apple~CloudDocs/Carnegie Mellon/15740/Proj/Mixture-of-Prefetchers/external/athena/config/mop_lite_mab.ini' --l2c_prefetcher_types=scooby --config='/Users/barry/Library/Mobile Documents/com~apple~CloudDocs/Carnegie Mellon/15740/Proj/Mixture-of-Prefetchers/external/athena/config/pythia.ini' --l2c_prefetcher_types=spp_ppf_dev --config='/Users/barry/Library/Mobile Documents/com~apple~CloudDocs/Carnegie Mellon/15740/Proj/Mixture-of-Prefetchers/external/athena/config/spp_ppf_dev.ini' --l2c_prefetcher_force_prefetch_at_llc=true --mop_epoch_trace=results/stage1_pair_screen_1m_probe1_budget8192_Pythia_SPPplusPPF/runs/20260429T034359.594397Z-1ab1/epoch_logs/secret_compute_fp_45__AthenaMAB"
20260429T034359.594397Z-1ab1,secret_compute_int_568,CVP,train,Baseline,baseline,,,,,,,0.04766,1.0,0.8637187386734324,0.04766,0.05518,0.0,126608.0,126.6078733921266,0.0,0.0,0.0,0.0,0.0,0.0,0.0,0.0,0.0,0.0,0.0,0.0,0.0,0.0,0.0,0.0,0.0,0.0,0.0,0.0,136537.0,130574.0,0.0,0.0,0.0,118314.0,54103.0,0.0,10.95,20981522.0,1000001.0,500000,1000000,,,,,,,,stage1_pair_screen_1m,MacBookPro.fios-router.home,a778f3cbe9d6a9f3bd05580ec3a2cb3c45c4b342,17.546249,2026-04-29T03:49:19.662967+00:00,2026-04-29T03:49:37.209216+00:00,/Users/barry/Library/Mobile Documents/com~apple~CloudDocs/Carnegie Mellon/15740/Proj/Mixture-of-Prefetchers/artifacts/athena_traces/compute_int_568.champsim.gz,results/stage1_pair_screen_1m_probe1_budget8192_Pythia_SPPplusPPF/runs/20260429T034359.594397Z-1ab1/logs/secret_compute_int_568__Baseline.out,results/stage1_pair_screen_1m_probe1_budget8192_Pythia_SPPplusPPF/runs/20260429T034359.594397Z-1ab1/logs/secret_compute_int_568__Baseline.err,results/stage1_pair_screen_1m_probe1_budget8192_Pythia_SPPplusPPF/runs/20260429T034359.594397Z-1ab1/metrics/secret_compute_int_568__Baseline.json,,"--warmup_instructions=500000 --simulation_instructions=1000000 --llc_replacement_type=ship --config='/Users/barry/Library/Mobile Documents/com~apple~CloudDocs/Carnegie Mellon/15740/Proj/Mixture-of-Prefetchers/external/athena'/config/nopref.ini --rob_partition_size=64,128,320 --rob_frontal_partition_ids=0 --rob_dorsal_partition_ids=2 --dram_io_freq=400"
20260429T034359.594397Z-1ab1,secret_compute_int_568,CVP,train,Pythia,single,,,,,,,0.05518,1.1577843054972723,1.0,0.04766,0.05518,1.0,126513.0,126.51262046213861,73762.0,73762.0,0.0,0.0,0.0,0.0,15000.0,73762.0,15000.0,0.2033567419538516,0.0,0.0,0.0,0.0,0.0,0.0,0.0,0.0,0.0,0.0,136543.0,130482.0,0.0,0.0,0.0,134163.0,103017.0,0.0,10.95,18122640.0,1000003.0,500000,1000000,,,,,,,,stage1_pair_screen_1m,MacBookPro.fios-router.home,a778f3cbe9d6a9f3bd05580ec3a2cb3c45c4b342,17.392927,2026-04-29T03:49:37.209279+00:00,2026-04-29T03:49:54.602206+00:00,/Users/barry/Library/Mobile Documents/com~apple~CloudDocs/Carnegie Mellon/15740/Proj/Mixture-of-Prefetchers/artifacts/athena_traces/compute_int_568.champsim.gz,results/stage1_pair_screen_1m_probe1_budget8192_Pythia_SPPplusPPF/runs/20260429T034359.594397Z-1ab1/logs/secret_compute_int_568__Pythia.out,results/stage1_pair_screen_1m_probe1_budget8192_Pythia_SPPplusPPF/runs/20260429T034359.594397Z-1ab1/logs/secret_compute_int_568__Pythia.err,results/stage1_pair_screen_1m_probe1_budget8192_Pythia_SPPplusPPF/runs/20260429T034359.594397Z-1ab1/metrics/secret_compute_int_568__Pythia.json,,"--warmup_instructions=500000 --simulation_instructions=1000000 --llc_replacement_type=ship --config='/Users/barry/Library/Mobile Documents/com~apple~CloudDocs/Carnegie Mellon/15740/Proj/Mixture-of-Prefetchers/external/athena'/config/nopref.ini --rob_partition_size=64,128,320 --rob_frontal_partition_ids=0 --rob_dorsal_partition_ids=2 --dram_io_freq=400 --l2c_prefetcher_types=scooby --config='/Users/barry/Library/Mobile Documents/com~apple~CloudDocs/Carnegie Mellon/15740/Proj/Mixture-of-Prefetchers/external/athena/config/pythia.ini' --l2c_prefetcher_force_prefetch_at_llc=true"
20260429T034359.594397Z-1ab1,secret_compute_int_568,CVP,train,SPP+PPF,single,,,,,,,0.05097,1.0694502727654218,0.9237042406669084,0.04766,0.05518,1.0,126575.0,126.57487342512657,73934.0,73934.0,0.0,0.0,0.0,0.0,9275.0,73934.0,9275.0,0.1254497254307896,0.0,0.0,0.0,0.0,0.0,0.0,0.0,0.0,0.0,0.0,136531.0,130569.0,0.0,0.0,0.0,149554.0,116308.0,0.0,10.95,19619215.0,1000001.0,500000,1000000,,,,,,,,stage1_pair_screen_1m,MacBookPro.fios-router.home,a778f3cbe9d6a9f3bd05580ec3a2cb3c45c4b342,18.319826,2026-04-29T03:49:54.602274+00:00,2026-04-29T03:50:12.922100+00:00,/Users/barry/Library/Mobile Documents/com~apple~CloudDocs/Carnegie Mellon/15740/Proj/Mixture-of-Prefetchers/artifacts/athena_traces/compute_int_568.champsim.gz,results/stage1_pair_screen_1m_probe1_budget8192_Pythia_SPPplusPPF/runs/20260429T034359.594397Z-1ab1/logs/secret_compute_int_568__SPPplusPPF.out,results/stage1_pair_screen_1m_probe1_budget8192_Pythia_SPPplusPPF/runs/20260429T034359.594397Z-1ab1/logs/secret_compute_int_568__SPPplusPPF.err,results/stage1_pair_screen_1m_probe1_budget8192_Pythia_SPPplusPPF/runs/20260429T034359.594397Z-1ab1/metrics/secret_compute_int_568__SPPplusPPF.json,,"--warmup_instructions=500000 --simulation_instructions=1000000 --llc_replacement_type=ship --config='/Users/barry/Library/Mobile Documents/com~apple~CloudDocs/Carnegie Mellon/15740/Proj/Mixture-of-Prefetchers/external/athena'/config/nopref.ini --rob_partition_size=64,128,320 --rob_frontal_partition_ids=0 --rob_dorsal_partition_ids=2 --dram_io_freq=400 --l2c_prefetcher_types=spp_ppf_dev --config='/Users/barry/Library/Mobile Documents/com~apple~CloudDocs/Carnegie Mellon/15740/Proj/Mixture-of-Prefetchers/external/athena/config/spp_ppf_dev.ini' --l2c_prefetcher_force_prefetch_at_llc=true"
20260429T034359.594397Z-1ab1,secret_compute_int_568,CVP,train,MoP-V0,router,MoP-V0,,,Pythia,SPP+PPF,1,0.04959,1.0404951741502309,0.8986951794128307,0.04766,0.05518,1.0,126582.0,126.58187341812658,16384.0,16384.0,0.0,0.0,0.0,0.0,4300.0,16384.0,4300.0,0.262451171875,14547.0,8079.0,10738.0,6163.0,10924.0,5460.0,2.0,1.0,0.7381590705987489,0.7628419358831539,136539.0,130572.0,0.0,0.0,0.0,121733.0,64329.0,0.0,10.95,20163600.0,1000001.0,500000,1000000,500000,8192,30,50,10,1,"1.0,0.25,1.0",stage1_pair_screen_1m,MacBookPro.fios-router.home,a778f3cbe9d6a9f3bd05580ec3a2cb3c45c4b342,18.6401,2026-04-29T03:50:12.922193+00:00,2026-04-29T03:50:31.562293+00:00,/Users/barry/Library/Mobile Documents/com~apple~CloudDocs/Carnegie Mellon/15740/Proj/Mixture-of-Prefetchers/artifacts/athena_traces/compute_int_568.champsim.gz,results/stage1_pair_screen_1m_probe1_budget8192_Pythia_SPPplusPPF/runs/20260429T034359.594397Z-1ab1/logs/secret_compute_int_568__MoP-V0.out,results/stage1_pair_screen_1m_probe1_budget8192_Pythia_SPPplusPPF/runs/20260429T034359.594397Z-1ab1/logs/secret_compute_int_568__MoP-V0.err,results/stage1_pair_screen_1m_probe1_budget8192_Pythia_SPPplusPPF/runs/20260429T034359.594397Z-1ab1/metrics/secret_compute_int_568__MoP-V0.json,results/stage1_pair_screen_1m_probe1_budget8192_Pythia_SPPplusPPF/runs/20260429T034359.594397Z-1ab1/epoch_logs/secret_compute_int_568__MoP-V0,"--warmup_instructions=500000 --simulation_instructions=1000000 --llc_replacement_type=ship --config='/Users/barry/Library/Mobile Documents/com~apple~CloudDocs/Carnegie Mellon/15740/Proj/Mixture-of-Prefetchers/external/athena'/config/nopref.ini --rob_partition_size=64,128,320 --rob_frontal_partition_ids=0 --rob_dorsal_partition_ids=2 --dram_io_freq=400 --config='/Users/barry/Library/Mobile Documents/com~apple~CloudDocs/Carnegie Mellon/15740/Proj/Mixture-of-Prefetchers/external/athena/config/mop_lite.ini' --mop_router_type=4 --mop_seed=1 --l2c_prefetcher_types=scooby --config='/Users/barry/Library/Mobile Documents/com~apple~CloudDocs/Carnegie Mellon/15740/Proj/Mixture-of-Prefetchers/external/athena/config/pythia.ini' --l2c_prefetcher_types=spp_ppf_dev --config='/Users/barry/Library/Mobile Documents/com~apple~CloudDocs/Carnegie Mellon/15740/Proj/Mixture-of-Prefetchers/external/athena/config/spp_ppf_dev.ini' --l2c_prefetcher_force_prefetch_at_llc=true --mop_epoch_trace=results/stage1_pair_screen_1m_probe1_budget8192_Pythia_SPPplusPPF/runs/20260429T034359.594397Z-1ab1/epoch_logs/secret_compute_int_568__MoP-V0 --mop_total_budget=8192 --mop_one_shot_epochs=1"
20260429T034359.594397Z-1ab1,secret_compute_int_568,CVP,train,MoP-V1.1,router,MoP-V1.1,,,Pythia,SPP+PPF,1,0.04954,1.039446076374318,0.8977890540050744,0.04766,0.05518,1.0,126563.0,126.56287343712657,16384.0,16384.0,0.0,0.0,0.0,0.0,4151.0,16384.0,4151.0,0.25335693359375,14888.0,7792.0,10890.0,6087.0,15307.0,9269.0,3.0,2.0,0.7314615797958087,0.7811858316221766,136537.0,130541.0,0.0,0.0,0.0,121899.0,64497.0,0.0,10.95,20186212.0,1000001.0,500000,1000000,500000,8192,30,50,10,1,"1.0,0.25,1.0",stage1_pair_screen_1m,MacBookPro.fios-router.home,a778f3cbe9d6a9f3bd05580ec3a2cb3c45c4b342,18.565714,2026-04-29T03:50:31.562362+00:00,2026-04-29T03:50:50.128076+00:00,/Users/barry/Library/Mobile Documents/com~apple~CloudDocs/Carnegie Mellon/15740/Proj/Mixture-of-Prefetchers/artifacts/athena_traces/compute_int_568.champsim.gz,results/stage1_pair_screen_1m_probe1_budget8192_Pythia_SPPplusPPF/runs/20260429T034359.594397Z-1ab1/logs/secret_compute_int_568__MoP-V1.1.out,results/stage1_pair_screen_1m_probe1_budget8192_Pythia_SPPplusPPF/runs/20260429T034359.594397Z-1ab1/logs/secret_compute_int_568__MoP-V1.1.err,results/stage1_pair_screen_1m_probe1_budget8192_Pythia_SPPplusPPF/runs/20260429T034359.594397Z-1ab1/metrics/secret_compute_int_568__MoP-V1.1.json,results/stage1_pair_screen_1m_probe1_budget8192_Pythia_SPPplusPPF/runs/20260429T034359.594397Z-1ab1/epoch_logs/secret_compute_int_568__MoP-V1.1,"--warmup_instructions=500000 --simulation_instructions=1000000 --llc_replacement_type=ship --config='/Users/barry/Library/Mobile Documents/com~apple~CloudDocs/Carnegie Mellon/15740/Proj/Mixture-of-Prefetchers/external/athena'/config/nopref.ini --rob_partition_size=64,128,320 --rob_frontal_partition_ids=0 --rob_dorsal_partition_ids=2 --dram_io_freq=400 --config='/Users/barry/Library/Mobile Documents/com~apple~CloudDocs/Carnegie Mellon/15740/Proj/Mixture-of-Prefetchers/external/athena/config/mop_lite.ini' --mop_router_type=5 --mop_seed=1 --l2c_prefetcher_types=scooby --config='/Users/barry/Library/Mobile Documents/com~apple~CloudDocs/Carnegie Mellon/15740/Proj/Mixture-of-Prefetchers/external/athena/config/pythia.ini' --l2c_prefetcher_types=spp_ppf_dev --config='/Users/barry/Library/Mobile Documents/com~apple~CloudDocs/Carnegie Mellon/15740/Proj/Mixture-of-Prefetchers/external/athena/config/spp_ppf_dev.ini' --l2c_prefetcher_force_prefetch_at_llc=true --mop_epoch_trace=results/stage1_pair_screen_1m_probe1_budget8192_Pythia_SPPplusPPF/runs/20260429T034359.594397Z-1ab1/epoch_logs/secret_compute_int_568__MoP-V1.1 --mop_total_budget=8192 --mop_one_shot_epochs=1"
20260429T034359.594397Z-1ab1,secret_compute_int_568,CVP,train,MoP-V1.2,router,MoP-V1.2,,,Pythia,SPP+PPF,1,0.04962,1.0411246328157784,0.8992388546574845,0.04766,0.05518,1.0,126590.0,126.59,16384.0,16384.0,0.0,0.0,0.0,0.0,4270.0,16384.0,4270.0,0.2606201171875,11929.0,10713.0,9150.0,6808.0,8192.0,16384.0,1.0,2.0,0.7670383100008383,0.6354895920843835,136535.0,130564.0,0.0,0.0,0.0,122046.0,64930.0,0.0,10.95,20154791.0,1000000.0,500000,1000000,500000,8192,30,50,10,1,"1.0,0.25,1.0",stage1_pair_screen_1m,MacBookPro.fios-router.home,a778f3cbe9d6a9f3bd05580ec3a2cb3c45c4b342,18.699772,2026-04-29T03:50:50.128147+00:00,2026-04-29T03:51:08.827919+00:00,/Users/barry/Library/Mobile Documents/com~apple~CloudDocs/Carnegie Mellon/15740/Proj/Mixture-of-Prefetchers/artifacts/athena_traces/compute_int_568.champsim.gz,results/stage1_pair_screen_1m_probe1_budget8192_Pythia_SPPplusPPF/runs/20260429T034359.594397Z-1ab1/logs/secret_compute_int_568__MoP-V1.2.out,results/stage1_pair_screen_1m_probe1_budget8192_Pythia_SPPplusPPF/runs/20260429T034359.594397Z-1ab1/logs/secret_compute_int_568__MoP-V1.2.err,results/stage1_pair_screen_1m_probe1_budget8192_Pythia_SPPplusPPF/runs/20260429T034359.594397Z-1ab1/metrics/secret_compute_int_568__MoP-V1.2.json,results/stage1_pair_screen_1m_probe1_budget8192_Pythia_SPPplusPPF/runs/20260429T034359.594397Z-1ab1/epoch_logs/secret_compute_int_568__MoP-V1.2,"--warmup_instructions=500000 --simulation_instructions=1000000 --llc_replacement_type=ship --config='/Users/barry/Library/Mobile Documents/com~apple~CloudDocs/Carnegie Mellon/15740/Proj/Mixture-of-Prefetchers/external/athena'/config/nopref.ini --rob_partition_size=64,128,320 --rob_frontal_partition_ids=0 --rob_dorsal_partition_ids=2 --dram_io_freq=400 --config='/Users/barry/Library/Mobile Documents/com~apple~CloudDocs/Carnegie Mellon/15740/Proj/Mixture-of-Prefetchers/external/athena/config/mop_lite.ini' --mop_router_type=6 --mop_seed=1 --l2c_prefetcher_types=scooby --config='/Users/barry/Library/Mobile Documents/com~apple~CloudDocs/Carnegie Mellon/15740/Proj/Mixture-of-Prefetchers/external/athena/config/pythia.ini' --l2c_prefetcher_types=spp_ppf_dev --config='/Users/barry/Library/Mobile Documents/com~apple~CloudDocs/Carnegie Mellon/15740/Proj/Mixture-of-Prefetchers/external/athena/config/spp_ppf_dev.ini' --l2c_prefetcher_force_prefetch_at_llc=true --mop_epoch_trace=results/stage1_pair_screen_1m_probe1_budget8192_Pythia_SPPplusPPF/runs/20260429T034359.594397Z-1ab1/epoch_logs/secret_compute_int_568__MoP-V1.2 --mop_total_budget=8192 --mop_one_shot_epochs=1"
20260429T034359.594397Z-1ab1,secret_compute_int_568,CVP,train,WinnerTakeAll,router,WinnerTakeAll,,,Pythia,SPP+PPF,1,0.04973,1.0434326479227864,0.9012323305545488,0.04766,0.05518,1.0,126572.0,126.57187342812657,16384.0,16384.0,0.0,0.0,0.0,0.0,4220.0,16384.0,4220.0,0.257568359375,11965.0,10755.0,9381.0,6674.0,8192.0,16384.0,1.0,2.0,0.7840367739239449,0.6205485820548582,136535.0,130537.0,0.0,0.0,0.0,121694.0,64724.0,0.0,10.95,20110447.0,1000001.0,500000,1000000,500000,8192,30,50,10,1,"1.0,0.25,1.0",stage1_pair_screen_1m,MacBookPro.fios-router.home,a778f3cbe9d6a9f3bd05580ec3a2cb3c45c4b342,18.661078,2026-04-29T03:51:08.827996+00:00,2026-04-29T03:51:27.489074+00:00,/Users/barry/Library/Mobile Documents/com~apple~CloudDocs/Carnegie Mellon/15740/Proj/Mixture-of-Prefetchers/artifacts/athena_traces/compute_int_568.champsim.gz,results/stage1_pair_screen_1m_probe1_budget8192_Pythia_SPPplusPPF/runs/20260429T034359.594397Z-1ab1/logs/secret_compute_int_568__WinnerTakeAll.out,results/stage1_pair_screen_1m_probe1_budget8192_Pythia_SPPplusPPF/runs/20260429T034359.594397Z-1ab1/logs/secret_compute_int_568__WinnerTakeAll.err,results/stage1_pair_screen_1m_probe1_budget8192_Pythia_SPPplusPPF/runs/20260429T034359.594397Z-1ab1/metrics/secret_compute_int_568__WinnerTakeAll.json,results/stage1_pair_screen_1m_probe1_budget8192_Pythia_SPPplusPPF/runs/20260429T034359.594397Z-1ab1/epoch_logs/secret_compute_int_568__WinnerTakeAll,"--warmup_instructions=500000 --simulation_instructions=1000000 --llc_replacement_type=ship --config='/Users/barry/Library/Mobile Documents/com~apple~CloudDocs/Carnegie Mellon/15740/Proj/Mixture-of-Prefetchers/external/athena'/config/nopref.ini --rob_partition_size=64,128,320 --rob_frontal_partition_ids=0 --rob_dorsal_partition_ids=2 --dram_io_freq=400 --config='/Users/barry/Library/Mobile Documents/com~apple~CloudDocs/Carnegie Mellon/15740/Proj/Mixture-of-Prefetchers/external/athena/config/mop_lite.ini' --mop_router_type=1 --mop_seed=1 --l2c_prefetcher_types=scooby --config='/Users/barry/Library/Mobile Documents/com~apple~CloudDocs/Carnegie Mellon/15740/Proj/Mixture-of-Prefetchers/external/athena/config/pythia.ini' --l2c_prefetcher_types=spp_ppf_dev --config='/Users/barry/Library/Mobile Documents/com~apple~CloudDocs/Carnegie Mellon/15740/Proj/Mixture-of-Prefetchers/external/athena/config/spp_ppf_dev.ini' --l2c_prefetcher_force_prefetch_at_llc=true --mop_epoch_trace=results/stage1_pair_screen_1m_probe1_budget8192_Pythia_SPPplusPPF/runs/20260429T034359.594397Z-1ab1/epoch_logs/secret_compute_int_568__WinnerTakeAll --mop_total_budget=8192 --mop_one_shot_epochs=1"
20260429T034359.594397Z-1ab1,secret_compute_int_568,CVP,train,OneShotFit,router,OneShotFit,,,Pythia,SPP+PPF,1,0.04921,1.032522031053294,0.8918086263138818,0.04766,0.05518,1.0,126551.0,126.551,16384.0,16384.0,0.0,0.0,0.0,0.0,4014.0,16384.0,4014.0,0.2449951171875,3894.0,18754.0,3944.0,10420.0,0.0,24576.0,0.0,3.0,1.0128402670775551,0.5556148021755359,136537.0,130529.0,0.0,0.0,0.0,122959.0,65911.0,0.0,10.95,20323127.0,1000000.0,500000,1000000,500000,8192,30,50,10,1,"1.0,0.25,1.0",stage1_pair_screen_1m,MacBookPro.fios-router.home,a778f3cbe9d6a9f3bd05580ec3a2cb3c45c4b342,18.936426,2026-04-29T03:51:27.489155+00:00,2026-04-29T03:51:46.425581+00:00,/Users/barry/Library/Mobile Documents/com~apple~CloudDocs/Carnegie Mellon/15740/Proj/Mixture-of-Prefetchers/artifacts/athena_traces/compute_int_568.champsim.gz,results/stage1_pair_screen_1m_probe1_budget8192_Pythia_SPPplusPPF/runs/20260429T034359.594397Z-1ab1/logs/secret_compute_int_568__OneShotFit.out,results/stage1_pair_screen_1m_probe1_budget8192_Pythia_SPPplusPPF/runs/20260429T034359.594397Z-1ab1/logs/secret_compute_int_568__OneShotFit.err,results/stage1_pair_screen_1m_probe1_budget8192_Pythia_SPPplusPPF/runs/20260429T034359.594397Z-1ab1/metrics/secret_compute_int_568__OneShotFit.json,results/stage1_pair_screen_1m_probe1_budget8192_Pythia_SPPplusPPF/runs/20260429T034359.594397Z-1ab1/epoch_logs/secret_compute_int_568__OneShotFit,"--warmup_instructions=500000 --simulation_instructions=1000000 --llc_replacement_type=ship --config='/Users/barry/Library/Mobile Documents/com~apple~CloudDocs/Carnegie Mellon/15740/Proj/Mixture-of-Prefetchers/external/athena'/config/nopref.ini --rob_partition_size=64,128,320 --rob_frontal_partition_ids=0 --rob_dorsal_partition_ids=2 --dram_io_freq=400 --config='/Users/barry/Library/Mobile Documents/com~apple~CloudDocs/Carnegie Mellon/15740/Proj/Mixture-of-Prefetchers/external/athena/config/mop_lite.ini' --mop_router_type=3 --mop_seed=1 --l2c_prefetcher_types=scooby --config='/Users/barry/Library/Mobile Documents/com~apple~CloudDocs/Carnegie Mellon/15740/Proj/Mixture-of-Prefetchers/external/athena/config/pythia.ini' --l2c_prefetcher_types=spp_ppf_dev --config='/Users/barry/Library/Mobile Documents/com~apple~CloudDocs/Carnegie Mellon/15740/Proj/Mixture-of-Prefetchers/external/athena/config/spp_ppf_dev.ini' --l2c_prefetcher_force_prefetch_at_llc=true --mop_epoch_trace=results/stage1_pair_screen_1m_probe1_budget8192_Pythia_SPPplusPPF/runs/20260429T034359.594397Z-1ab1/epoch_logs/secret_compute_int_568__OneShotFit --mop_total_budget=8192 --mop_one_shot_epochs=1"
20260429T034359.594397Z-1ab1,secret_compute_int_568,CVP,train,AthenaMAB,builtin,,,AthenaMAB,Pythia,SPP+PPF,,0.0488,1.02391942929081,0.8843783979702792,0.04766,0.05518,1.0,126618.0,126.618,52425.0,52425.0,0.0,0.0,0.0,0.0,4067.0,52425.0,4067.0,0.07757749165474487,0.0,51675.0,0.0,16748.0,0.0,0.0,0.0,0.0,0.0,0.3241025641025641,136536.0,130590.0,0.0,0.0,0.0,144918.0,102631.0,0.0,10.95,20492461.0,1000000.0,500000,1000000,500000,,,,,,,stage1_pair_screen_1m,MacBookPro.fios-router.home,a778f3cbe9d6a9f3bd05580ec3a2cb3c45c4b342,19.042104,2026-04-29T03:51:46.425685+00:00,2026-04-29T03:52:05.467789+00:00,/Users/barry/Library/Mobile Documents/com~apple~CloudDocs/Carnegie Mellon/15740/Proj/Mixture-of-Prefetchers/artifacts/athena_traces/compute_int_568.champsim.gz,results/stage1_pair_screen_1m_probe1_budget8192_Pythia_SPPplusPPF/runs/20260429T034359.594397Z-1ab1/logs/secret_compute_int_568__AthenaMAB.out,results/stage1_pair_screen_1m_probe1_budget8192_Pythia_SPPplusPPF/runs/20260429T034359.594397Z-1ab1/logs/secret_compute_int_568__AthenaMAB.err,results/stage1_pair_screen_1m_probe1_budget8192_Pythia_SPPplusPPF/runs/20260429T034359.594397Z-1ab1/metrics/secret_compute_int_568__AthenaMAB.json,results/stage1_pair_screen_1m_probe1_budget8192_Pythia_SPPplusPPF/runs/20260429T034359.594397Z-1ab1/epoch_logs/secret_compute_int_568__AthenaMAB,"--warmup_instructions=500000 --simulation_instructions=1000000 --llc_replacement_type=ship --config='/Users/barry/Library/Mobile Documents/com~apple~CloudDocs/Carnegie Mellon/15740/Proj/Mixture-of-Prefetchers/external/athena'/config/nopref.ini --rob_partition_size=64,128,320 --rob_frontal_partition_ids=0 --rob_dorsal_partition_ids=2 --dram_io_freq=400 --config='/Users/barry/Library/Mobile Documents/com~apple~CloudDocs/Carnegie Mellon/15740/Proj/Mixture-of-Prefetchers/external/athena/config/mop_lite_mab.ini' --l2c_prefetcher_types=scooby --config='/Users/barry/Library/Mobile Documents/com~apple~CloudDocs/Carnegie Mellon/15740/Proj/Mixture-of-Prefetchers/external/athena/config/pythia.ini' --l2c_prefetcher_types=spp_ppf_dev --config='/Users/barry/Library/Mobile Documents/com~apple~CloudDocs/Carnegie Mellon/15740/Proj/Mixture-of-Prefetchers/external/athena/config/spp_ppf_dev.ini' --l2c_prefetcher_force_prefetch_at_llc=true --mop_epoch_trace=results/stage1_pair_screen_1m_probe1_budget8192_Pythia_SPPplusPPF/runs/20260429T034359.594397Z-1ab1/epoch_logs/secret_compute_int_568__AthenaMAB"
20260429T034359.594397Z-1ab1,602.gcc_s-734B,SPEC,train,Baseline,baseline,,,,,,,0.51899,1.0,0.6745736716231672,0.51899,0.76936,0.0,8071.0,8.070967716129136,0.0,0.0,0.0,0.0,0.0,0.0,0.0,0.0,0.0,0.0,0.0,0.0,0.0,0.0,0.0,0.0,0.0,0.0,0.0,0.0,16113.0,8071.0,0.0,0.0,0.0,383.0,176.0,0.0,0.1,1926830.0,1000004.0,500000,1000000,,,,,,,,stage1_pair_screen_1m,MacBookPro.fios-router.home,a778f3cbe9d6a9f3bd05580ec3a2cb3c45c4b342,6.437432,2026-04-29T03:52:05.467896+00:00,2026-04-29T03:52:11.905328+00:00,/Users/barry/Library/Mobile Documents/com~apple~CloudDocs/Carnegie Mellon/15740/Proj/Mixture-of-Prefetchers/artifacts/athena_traces/602.gcc_s-734B.champsimtrace.xz,results/stage1_pair_screen_1m_probe1_budget8192_Pythia_SPPplusPPF/runs/20260429T034359.594397Z-1ab1/logs/602.gcc_s-734B__Baseline.out,results/stage1_pair_screen_1m_probe1_budget8192_Pythia_SPPplusPPF/runs/20260429T034359.594397Z-1ab1/logs/602.gcc_s-734B__Baseline.err,results/stage1_pair_screen_1m_probe1_budget8192_Pythia_SPPplusPPF/runs/20260429T034359.594397Z-1ab1/metrics/602.gcc_s-734B__Baseline.json,,"--warmup_instructions=500000 --simulation_instructions=1000000 --llc_replacement_type=ship --config='/Users/barry/Library/Mobile Documents/com~apple~CloudDocs/Carnegie Mellon/15740/Proj/Mixture-of-Prefetchers/external/athena'/config/nopref.ini --rob_partition_size=64,128,320 --rob_frontal_partition_ids=0 --rob_dorsal_partition_ids=2 --dram_io_freq=400"
20260429T034359.594397Z-1ab1,602.gcc_s-734B,SPEC,train,Pythia,single,,,,,,,0.76936,1.4824177729821386,1.0,0.51899,0.76936,1.0,8071.0,8.070967716129136,56603.0,56603.0,0.0,0.0,0.0,0.0,7634.0,56603.0,7634.0,0.13486917654541278,0.0,0.0,0.0,0.0,0.0,0.0,0.0,0.0,0.0,0.0,16113.0,8071.0,0.0,0.0,0.0,613.0,1393.0,0.0,0.1,1299792.0,1000004.0,500000,1000000,,,,,,,,stage1_pair_screen_1m,MacBookPro.fios-router.home,a778f3cbe9d6a9f3bd05580ec3a2cb3c45c4b342,6.434058,2026-04-29T03:52:11.905399+00:00,2026-04-29T03:52:18.339457+00:00,/Users/barry/Library/Mobile Documents/com~apple~CloudDocs/Carnegie Mellon/15740/Proj/Mixture-of-Prefetchers/artifacts/athena_traces/602.gcc_s-734B.champsimtrace.xz,results/stage1_pair_screen_1m_probe1_budget8192_Pythia_SPPplusPPF/runs/20260429T034359.594397Z-1ab1/logs/602.gcc_s-734B__Pythia.out,results/stage1_pair_screen_1m_probe1_budget8192_Pythia_SPPplusPPF/runs/20260429T034359.594397Z-1ab1/logs/602.gcc_s-734B__Pythia.err,results/stage1_pair_screen_1m_probe1_budget8192_Pythia_SPPplusPPF/runs/20260429T034359.594397Z-1ab1/metrics/602.gcc_s-734B__Pythia.json,,"--warmup_instructions=500000 --simulation_instructions=1000000 --llc_replacement_type=ship --config='/Users/barry/Library/Mobile Documents/com~apple~CloudDocs/Carnegie Mellon/15740/Proj/Mixture-of-Prefetchers/external/athena'/config/nopref.ini --rob_partition_size=64,128,320 --rob_frontal_partition_ids=0 --rob_dorsal_partition_ids=2 --dram_io_freq=400 --l2c_prefetcher_types=scooby --config='/Users/barry/Library/Mobile Documents/com~apple~CloudDocs/Carnegie Mellon/15740/Proj/Mixture-of-Prefetchers/external/athena/config/pythia.ini' --l2c_prefetcher_force_prefetch_at_llc=true"
20260429T034359.594397Z-1ab1,602.gcc_s-734B,SPEC,train,SPP+PPF,single,,,,,,,0.76512,1.4742480587294555,0.9944889258604555,0.51899,0.76936,1.0,8071.0,8.070967716129136,15440.0,15440.0,0.0,0.0,0.0,0.0,7452.0,15440.0,7452.0,0.48264248704663215,0.0,0.0,0.0,0.0,0.0,0.0,0.0,0.0,0.0,0.0,16113.0,8071.0,0.0,0.0,0.0,506.0,463.0,0.0,0.1,1306998.0,1000004.0,500000,1000000,,,,,,,,stage1_pair_screen_1m,MacBookPro.fios-router.home,a778f3cbe9d6a9f3bd05580ec3a2cb3c45c4b342,6.45403,2026-04-29T03:52:18.339534+00:00,2026-04-29T03:52:24.793564+00:00,/Users/barry/Library/Mobile Documents/com~apple~CloudDocs/Carnegie Mellon/15740/Proj/Mixture-of-Prefetchers/artifacts/athena_traces/602.gcc_s-734B.champsimtrace.xz,results/stage1_pair_screen_1m_probe1_budget8192_Pythia_SPPplusPPF/runs/20260429T034359.594397Z-1ab1/logs/602.gcc_s-734B__SPPplusPPF.out,results/stage1_pair_screen_1m_probe1_budget8192_Pythia_SPPplusPPF/runs/20260429T034359.594397Z-1ab1/logs/602.gcc_s-734B__SPPplusPPF.err,results/stage1_pair_screen_1m_probe1_budget8192_Pythia_SPPplusPPF/runs/20260429T034359.594397Z-1ab1/metrics/602.gcc_s-734B__SPPplusPPF.json,,"--warmup_instructions=500000 --simulation_instructions=1000000 --llc_replacement_type=ship --config='/Users/barry/Library/Mobile Documents/com~apple~CloudDocs/Carnegie Mellon/15740/Proj/Mixture-of-Prefetchers/external/athena'/config/nopref.ini --rob_partition_size=64,128,320 --rob_frontal_partition_ids=0 --rob_dorsal_partition_ids=2 --dram_io_freq=400 --l2c_prefetcher_types=spp_ppf_dev --config='/Users/barry/Library/Mobile Documents/com~apple~CloudDocs/Carnegie Mellon/15740/Proj/Mixture-of-Prefetchers/external/athena/config/spp_ppf_dev.ini' --l2c_prefetcher_force_prefetch_at_llc=true"
20260429T034359.594397Z-1ab1,602.gcc_s-734B,SPEC,train,MoP-V0,router,MoP-V0,,,Pythia,SPP+PPF,1,0.59202,1.1407156207248697,0.7694967245502755,0.51899,0.76936,1.0,8071.0,8.070967716129136,16384.0,16384.0,0.0,0.0,0.0,0.0,2959.0,16384.0,2959.0,0.18060302734375,3763.0,6751.0,13528.0,16438.0,15726.0,8850.0,3.0,3.0,3.595003986181238,2.434898533550585,16113.0,8071.0,0.0,0.0,0.0,553.0,466.0,0.0,0.1,1689126.0,1000004.0,500000,1000000,500000,8192,30,50,10,1,"1.0,0.25,1.0",stage1_pair_screen_1m,MacBookPro.fios-router.home,a778f3cbe9d6a9f3bd05580ec3a2cb3c45c4b342,6.609137,2026-04-29T03:52:24.793640+00:00,2026-04-29T03:52:31.402777+00:00,/Users/barry/Library/Mobile Documents/com~apple~CloudDocs/Carnegie Mellon/15740/Proj/Mixture-of-Prefetchers/artifacts/athena_traces/602.gcc_s-734B.champsimtrace.xz,results/stage1_pair_screen_1m_probe1_budget8192_Pythia_SPPplusPPF/runs/20260429T034359.594397Z-1ab1/logs/602.gcc_s-734B__MoP-V0.out,results/stage1_pair_screen_1m_probe1_budget8192_Pythia_SPPplusPPF/runs/20260429T034359.594397Z-1ab1/logs/602.gcc_s-734B__MoP-V0.err,results/stage1_pair_screen_1m_probe1_budget8192_Pythia_SPPplusPPF/runs/20260429T034359.594397Z-1ab1/metrics/602.gcc_s-734B__MoP-V0.json,results/stage1_pair_screen_1m_probe1_budget8192_Pythia_SPPplusPPF/runs/20260429T034359.594397Z-1ab1/epoch_logs/602.gcc_s-734B__MoP-V0,"--warmup_instructions=500000 --simulation_instructions=1000000 --llc_replacement_type=ship --config='/Users/barry/Library/Mobile Documents/com~apple~CloudDocs/Carnegie Mellon/15740/Proj/Mixture-of-Prefetchers/external/athena'/config/nopref.ini --rob_partition_size=64,128,320 --rob_frontal_partition_ids=0 --rob_dorsal_partition_ids=2 --dram_io_freq=400 --config='/Users/barry/Library/Mobile Documents/com~apple~CloudDocs/Carnegie Mellon/15740/Proj/Mixture-of-Prefetchers/external/athena/config/mop_lite.ini' --mop_router_type=4 --mop_seed=1 --l2c_prefetcher_types=scooby --config='/Users/barry/Library/Mobile Documents/com~apple~CloudDocs/Carnegie Mellon/15740/Proj/Mixture-of-Prefetchers/external/athena/config/pythia.ini' --l2c_prefetcher_types=spp_ppf_dev --config='/Users/barry/Library/Mobile Documents/com~apple~CloudDocs/Carnegie Mellon/15740/Proj/Mixture-of-Prefetchers/external/athena/config/spp_ppf_dev.ini' --l2c_prefetcher_force_prefetch_at_llc=true --mop_epoch_trace=results/stage1_pair_screen_1m_probe1_budget8192_Pythia_SPPplusPPF/runs/20260429T034359.594397Z-1ab1/epoch_logs/602.gcc_s-734B__MoP-V0 --mop_total_budget=8192 --mop_one_shot_epochs=1"
20260429T034359.594397Z-1ab1,602.gcc_s-734B,SPEC,train,MoP-V1.1,router,MoP-V1.1,,,Pythia,SPP+PPF,1,0.59101,1.1387695331316599,0.7681839450972237,0.51899,0.76936,1.0,8071.0,8.070967716129136,16384.0,16384.0,0.0,0.0,0.0,0.0,2950.0,16384.0,2950.0,0.1800537109375,3762.0,6751.0,13527.0,16418.0,15736.0,8840.0,3.0,3.0,3.5956937799043063,2.431936009480077,16113.0,8071.0,0.0,0.0,0.0,595.0,471.0,0.0,0.1,1692020.0,1000004.0,500000,1000000,500000,8192,30,50,10,1,"1.0,0.25,1.0",stage1_pair_screen_1m,MacBookPro.fios-router.home,a778f3cbe9d6a9f3bd05580ec3a2cb3c45c4b342,6.536468,2026-04-29T03:52:31.402842+00:00,2026-04-29T03:52:37.939310+00:00,/Users/barry/Library/Mobile Documents/com~apple~CloudDocs/Carnegie Mellon/15740/Proj/Mixture-of-Prefetchers/artifacts/athena_traces/602.gcc_s-734B.champsimtrace.xz,results/stage1_pair_screen_1m_probe1_budget8192_Pythia_SPPplusPPF/runs/20260429T034359.594397Z-1ab1/logs/602.gcc_s-734B__MoP-V1.1.out,results/stage1_pair_screen_1m_probe1_budget8192_Pythia_SPPplusPPF/runs/20260429T034359.594397Z-1ab1/logs/602.gcc_s-734B__MoP-V1.1.err,results/stage1_pair_screen_1m_probe1_budget8192_Pythia_SPPplusPPF/runs/20260429T034359.594397Z-1ab1/metrics/602.gcc_s-734B__MoP-V1.1.json,results/stage1_pair_screen_1m_probe1_budget8192_Pythia_SPPplusPPF/runs/20260429T034359.594397Z-1ab1/epoch_logs/602.gcc_s-734B__MoP-V1.1,"--warmup_instructions=500000 --simulation_instructions=1000000 --llc_replacement_type=ship --config='/Users/barry/Library/Mobile Documents/com~apple~CloudDocs/Carnegie Mellon/15740/Proj/Mixture-of-Prefetchers/external/athena'/config/nopref.ini --rob_partition_size=64,128,320 --rob_frontal_partition_ids=0 --rob_dorsal_partition_ids=2 --dram_io_freq=400 --config='/Users/barry/Library/Mobile Documents/com~apple~CloudDocs/Carnegie Mellon/15740/Proj/Mixture-of-Prefetchers/external/athena/config/mop_lite.ini' --mop_router_type=5 --mop_seed=1 --l2c_prefetcher_types=scooby --config='/Users/barry/Library/Mobile Documents/com~apple~CloudDocs/Carnegie Mellon/15740/Proj/Mixture-of-Prefetchers/external/athena/config/pythia.ini' --l2c_prefetcher_types=spp_ppf_dev --config='/Users/barry/Library/Mobile Documents/com~apple~CloudDocs/Carnegie Mellon/15740/Proj/Mixture-of-Prefetchers/external/athena/config/spp_ppf_dev.ini' --l2c_prefetcher_force_prefetch_at_llc=true --mop_epoch_trace=results/stage1_pair_screen_1m_probe1_budget8192_Pythia_SPPplusPPF/runs/20260429T034359.594397Z-1ab1/epoch_logs/602.gcc_s-734B__MoP-V1.1 --mop_total_budget=8192 --mop_one_shot_epochs=1"
20260429T034359.594397Z-1ab1,602.gcc_s-734B,SPEC,train,MoP-V1.2,router,MoP-V1.2,,,Pythia,SPP+PPF,1,0.57128,1.1007533863850942,0.7425392534054278,0.51899,0.76936,1.0,8071.0,8.070967716129136,16384.0,16384.0,0.0,0.0,0.0,0.0,2213.0,16384.0,2213.0,0.13507080078125,4633.0,2629.0,14355.0,5854.0,24576.0,0.0,3.0,0.0,3.098424347075329,2.226702168124762,16113.0,8071.0,0.0,0.0,0.0,584.0,554.0,0.0,0.1,1750454.0,1000004.0,500000,1000000,500000,8192,30,50,10,1,"1.0,0.25,1.0",stage1_pair_screen_1m,MacBookPro.fios-router.home,a778f3cbe9d6a9f3bd05580ec3a2cb3c45c4b342,6.538906,2026-04-29T03:52:37.939374+00:00,2026-04-29T03:52:44.478280+00:00,/Users/barry/Library/Mobile Documents/com~apple~CloudDocs/Carnegie Mellon/15740/Proj/Mixture-of-Prefetchers/artifacts/athena_traces/602.gcc_s-734B.champsimtrace.xz,results/stage1_pair_screen_1m_probe1_budget8192_Pythia_SPPplusPPF/runs/20260429T034359.594397Z-1ab1/logs/602.gcc_s-734B__MoP-V1.2.out,results/stage1_pair_screen_1m_probe1_budget8192_Pythia_SPPplusPPF/runs/20260429T034359.594397Z-1ab1/logs/602.gcc_s-734B__MoP-V1.2.err,results/stage1_pair_screen_1m_probe1_budget8192_Pythia_SPPplusPPF/runs/20260429T034359.594397Z-1ab1/metrics/602.gcc_s-734B__MoP-V1.2.json,results/stage1_pair_screen_1m_probe1_budget8192_Pythia_SPPplusPPF/runs/20260429T034359.594397Z-1ab1/epoch_logs/602.gcc_s-734B__MoP-V1.2,"--warmup_instructions=500000 --simulation_instructions=1000000 --llc_replacement_type=ship --config='/Users/barry/Library/Mobile Documents/com~apple~CloudDocs/Carnegie Mellon/15740/Proj/Mixture-of-Prefetchers/external/athena'/config/nopref.ini --rob_partition_size=64,128,320 --rob_frontal_partition_ids=0 --rob_dorsal_partition_ids=2 --dram_io_freq=400 --config='/Users/barry/Library/Mobile Documents/com~apple~CloudDocs/Carnegie Mellon/15740/Proj/Mixture-of-Prefetchers/external/athena/config/mop_lite.ini' --mop_router_type=6 --mop_seed=1 --l2c_prefetcher_types=scooby --config='/Users/barry/Library/Mobile Documents/com~apple~CloudDocs/Carnegie Mellon/15740/Proj/Mixture-of-Prefetchers/external/athena/config/pythia.ini' --l2c_prefetcher_types=spp_ppf_dev --config='/Users/barry/Library/Mobile Documents/com~apple~CloudDocs/Carnegie Mellon/15740/Proj/Mixture-of-Prefetchers/external/athena/config/spp_ppf_dev.ini' --l2c_prefetcher_force_prefetch_at_llc=true --mop_epoch_trace=results/stage1_pair_screen_1m_probe1_budget8192_Pythia_SPPplusPPF/runs/20260429T034359.594397Z-1ab1/epoch_logs/602.gcc_s-734B__MoP-V1.2 --mop_total_budget=8192 --mop_one_shot_epochs=1"
20260429T034359.594397Z-1ab1,602.gcc_s-734B,SPEC,train,WinnerTakeAll,router,WinnerTakeAll,,,Pythia,SPP+PPF,1,0.57087,1.099963390431415,0.7420063429343869,0.51899,0.76936,1.0,8071.0,8.070967716129136,16384.0,16384.0,0.0,0.0,0.0,0.0,2218.0,16384.0,2218.0,0.1353759765625,4633.0,2629.0,14355.0,5854.0,24576.0,0.0,3.0,0.0,3.098424347075329,2.226702168124762,16113.0,8071.0,0.0,0.0,0.0,574.0,547.0,0.0,0.1,1751712.0,1000004.0,500000,1000000,500000,8192,30,50,10,1,"1.0,0.25,1.0",stage1_pair_screen_1m,MacBookPro.fios-router.home,a778f3cbe9d6a9f3bd05580ec3a2cb3c45c4b342,6.686301,2026-04-29T03:52:44.478349+00:00,2026-04-29T03:52:51.164650+00:00,/Users/barry/Library/Mobile Documents/com~apple~CloudDocs/Carnegie Mellon/15740/Proj/Mixture-of-Prefetchers/artifacts/athena_traces/602.gcc_s-734B.champsimtrace.xz,results/stage1_pair_screen_1m_probe1_budget8192_Pythia_SPPplusPPF/runs/20260429T034359.594397Z-1ab1/logs/602.gcc_s-734B__WinnerTakeAll.out,results/stage1_pair_screen_1m_probe1_budget8192_Pythia_SPPplusPPF/runs/20260429T034359.594397Z-1ab1/logs/602.gcc_s-734B__WinnerTakeAll.err,results/stage1_pair_screen_1m_probe1_budget8192_Pythia_SPPplusPPF/runs/20260429T034359.594397Z-1ab1/metrics/602.gcc_s-734B__WinnerTakeAll.json,results/stage1_pair_screen_1m_probe1_budget8192_Pythia_SPPplusPPF/runs/20260429T034359.594397Z-1ab1/epoch_logs/602.gcc_s-734B__WinnerTakeAll,"--warmup_instructions=500000 --simulation_instructions=1000000 --llc_replacement_type=ship --config='/Users/barry/Library/Mobile Documents/com~apple~CloudDocs/Carnegie Mellon/15740/Proj/Mixture-of-Prefetchers/external/athena'/config/nopref.ini --rob_partition_size=64,128,320 --rob_frontal_partition_ids=0 --rob_dorsal_partition_ids=2 --dram_io_freq=400 --config='/Users/barry/Library/Mobile Documents/com~apple~CloudDocs/Carnegie Mellon/15740/Proj/Mixture-of-Prefetchers/external/athena/config/mop_lite.ini' --mop_router_type=1 --mop_seed=1 --l2c_prefetcher_types=scooby --config='/Users/barry/Library/Mobile Documents/com~apple~CloudDocs/Carnegie Mellon/15740/Proj/Mixture-of-Prefetchers/external/athena/config/pythia.ini' --l2c_prefetcher_types=spp_ppf_dev --config='/Users/barry/Library/Mobile Documents/com~apple~CloudDocs/Carnegie Mellon/15740/Proj/Mixture-of-Prefetchers/external/athena/config/spp_ppf_dev.ini' --l2c_prefetcher_force_prefetch_at_llc=true --mop_epoch_trace=results/stage1_pair_screen_1m_probe1_budget8192_Pythia_SPPplusPPF/runs/20260429T034359.594397Z-1ab1/epoch_logs/602.gcc_s-734B__WinnerTakeAll --mop_total_budget=8192 --mop_one_shot_epochs=1"
20260429T034359.594397Z-1ab1,602.gcc_s-734B,SPEC,train,OneShotFit,router,OneShotFit,,,Pythia,SPP+PPF,1,0.57093,1.1000789995953681,0.7420843298325881,0.51899,0.76936,1.0,8071.0,8.070967716129136,16384.0,16384.0,0.0,0.0,0.0,0.0,2214.0,16384.0,2214.0,0.1351318359375,4633.0,2629.0,14355.0,5854.0,24576.0,0.0,3.0,0.0,3.098424347075329,2.226702168124762,16113.0,8071.0,0.0,0.0,0.0,594.0,557.0,0.0,0.1,1751545.0,1000004.0,500000,1000000,500000,8192,30,50,10,1,"1.0,0.25,1.0",stage1_pair_screen_1m,MacBookPro.fios-router.home,a778f3cbe9d6a9f3bd05580ec3a2cb3c45c4b342,6.713248,2026-04-29T03:52:51.164717+00:00,2026-04-29T03:52:57.877965+00:00,/Users/barry/Library/Mobile Documents/com~apple~CloudDocs/Carnegie Mellon/15740/Proj/Mixture-of-Prefetchers/artifacts/athena_traces/602.gcc_s-734B.champsimtrace.xz,results/stage1_pair_screen_1m_probe1_budget8192_Pythia_SPPplusPPF/runs/20260429T034359.594397Z-1ab1/logs/602.gcc_s-734B__OneShotFit.out,results/stage1_pair_screen_1m_probe1_budget8192_Pythia_SPPplusPPF/runs/20260429T034359.594397Z-1ab1/logs/602.gcc_s-734B__OneShotFit.err,results/stage1_pair_screen_1m_probe1_budget8192_Pythia_SPPplusPPF/runs/20260429T034359.594397Z-1ab1/metrics/602.gcc_s-734B__OneShotFit.json,results/stage1_pair_screen_1m_probe1_budget8192_Pythia_SPPplusPPF/runs/20260429T034359.594397Z-1ab1/epoch_logs/602.gcc_s-734B__OneShotFit,"--warmup_instructions=500000 --simulation_instructions=1000000 --llc_replacement_type=ship --config='/Users/barry/Library/Mobile Documents/com~apple~CloudDocs/Carnegie Mellon/15740/Proj/Mixture-of-Prefetchers/external/athena'/config/nopref.ini --rob_partition_size=64,128,320 --rob_frontal_partition_ids=0 --rob_dorsal_partition_ids=2 --dram_io_freq=400 --config='/Users/barry/Library/Mobile Documents/com~apple~CloudDocs/Carnegie Mellon/15740/Proj/Mixture-of-Prefetchers/external/athena/config/mop_lite.ini' --mop_router_type=3 --mop_seed=1 --l2c_prefetcher_types=scooby --config='/Users/barry/Library/Mobile Documents/com~apple~CloudDocs/Carnegie Mellon/15740/Proj/Mixture-of-Prefetchers/external/athena/config/pythia.ini' --l2c_prefetcher_types=spp_ppf_dev --config='/Users/barry/Library/Mobile Documents/com~apple~CloudDocs/Carnegie Mellon/15740/Proj/Mixture-of-Prefetchers/external/athena/config/spp_ppf_dev.ini' --l2c_prefetcher_force_prefetch_at_llc=true --mop_epoch_trace=results/stage1_pair_screen_1m_probe1_budget8192_Pythia_SPPplusPPF/runs/20260429T034359.594397Z-1ab1/epoch_logs/602.gcc_s-734B__OneShotFit --mop_total_budget=8192 --mop_one_shot_epochs=1"
20260429T034359.594397Z-1ab1,602.gcc_s-734B,SPEC,train,AthenaMAB,builtin,,,AthenaMAB,Pythia,SPP+PPF,,0.61598,1.1868822135301258,0.8006394925652489,0.51899,0.76936,1.0,8071.0,8.070967716129136,7699.0,7699.0,0.0,0.0,0.0,0.0,3696.0,7699.0,3696.0,0.4800623457591895,0.0,4650.0,0.0,7612.0,0.0,0.0,0.0,0.0,0.0,1.636989247311828,16113.0,8071.0,0.0,0.0,0.0,540.0,348.0,0.0,0.1,1623446.0,1000004.0,500000,1000000,500000,,,,,,,stage1_pair_screen_1m,MacBookPro.fios-router.home,a778f3cbe9d6a9f3bd05580ec3a2cb3c45c4b342,6.419527,2026-04-29T03:52:57.878030+00:00,2026-04-29T03:53:04.297557+00:00,/Users/barry/Library/Mobile Documents/com~apple~CloudDocs/Carnegie Mellon/15740/Proj/Mixture-of-Prefetchers/artifacts/athena_traces/602.gcc_s-734B.champsimtrace.xz,results/stage1_pair_screen_1m_probe1_budget8192_Pythia_SPPplusPPF/runs/20260429T034359.594397Z-1ab1/logs/602.gcc_s-734B__AthenaMAB.out,results/stage1_pair_screen_1m_probe1_budget8192_Pythia_SPPplusPPF/runs/20260429T034359.594397Z-1ab1/logs/602.gcc_s-734B__AthenaMAB.err,results/stage1_pair_screen_1m_probe1_budget8192_Pythia_SPPplusPPF/runs/20260429T034359.594397Z-1ab1/metrics/602.gcc_s-734B__AthenaMAB.json,results/stage1_pair_screen_1m_probe1_budget8192_Pythia_SPPplusPPF/runs/20260429T034359.594397Z-1ab1/epoch_logs/602.gcc_s-734B__AthenaMAB,"--warmup_instructions=500000 --simulation_instructions=1000000 --llc_replacement_type=ship --config='/Users/barry/Library/Mobile Documents/com~apple~CloudDocs/Carnegie Mellon/15740/Proj/Mixture-of-Prefetchers/external/athena'/config/nopref.ini --rob_partition_size=64,128,320 --rob_frontal_partition_ids=0 --rob_dorsal_partition_ids=2 --dram_io_freq=400 --config='/Users/barry/Library/Mobile Documents/com~apple~CloudDocs/Carnegie Mellon/15740/Proj/Mixture-of-Prefetchers/external/athena/config/mop_lite_mab.ini' --l2c_prefetcher_types=scooby --config='/Users/barry/Library/Mobile Documents/com~apple~CloudDocs/Carnegie Mellon/15740/Proj/Mixture-of-Prefetchers/external/athena/config/pythia.ini' --l2c_prefetcher_types=spp_ppf_dev --config='/Users/barry/Library/Mobile Documents/com~apple~CloudDocs/Carnegie Mellon/15740/Proj/Mixture-of-Prefetchers/external/athena/config/spp_ppf_dev.ini' --l2c_prefetcher_force_prefetch_at_llc=true --mop_epoch_trace=results/stage1_pair_screen_1m_probe1_budget8192_Pythia_SPPplusPPF/runs/20260429T034359.594397Z-1ab1/epoch_logs/602.gcc_s-734B__AthenaMAB"
20260429T034359.594397Z-1ab1,605.mcf_s-472B,SPEC,train,Baseline,baseline,,,,,,,0.22775,1.0,0.992893887871654,0.22775,0.22938,0.0,35966.0,35.96596403403596,0.0,0.0,0.0,0.0,0.0,0.0,0.0,0.0,0.0,0.0,0.0,0.0,0.0,0.0,0.0,0.0,0.0,0.0,0.0,0.0,36774.0,37654.0,0.0,0.0,0.0,9150.0,29706.0,0.0,1.84,4390697.0,1000001.0,500000,1000000,,,,,,,,stage1_pair_screen_1m,MacBookPro.fios-router.home,a778f3cbe9d6a9f3bd05580ec3a2cb3c45c4b342,7.483002,2026-04-29T03:53:04.297628+00:00,2026-04-29T03:53:11.780630+00:00,/Users/barry/Library/Mobile Documents/com~apple~CloudDocs/Carnegie Mellon/15740/Proj/Mixture-of-Prefetchers/artifacts/athena_traces/605.mcf_s-472B.champsimtrace.xz,results/stage1_pair_screen_1m_probe1_budget8192_Pythia_SPPplusPPF/runs/20260429T034359.594397Z-1ab1/logs/605.mcf_s-472B__Baseline.out,results/stage1_pair_screen_1m_probe1_budget8192_Pythia_SPPplusPPF/runs/20260429T034359.594397Z-1ab1/logs/605.mcf_s-472B__Baseline.err,results/stage1_pair_screen_1m_probe1_budget8192_Pythia_SPPplusPPF/runs/20260429T034359.594397Z-1ab1/metrics/605.mcf_s-472B__Baseline.json,,"--warmup_instructions=500000 --simulation_instructions=1000000 --llc_replacement_type=ship --config='/Users/barry/Library/Mobile Documents/com~apple~CloudDocs/Carnegie Mellon/15740/Proj/Mixture-of-Prefetchers/external/athena'/config/nopref.ini --rob_partition_size=64,128,320 --rob_frontal_partition_ids=0 --rob_dorsal_partition_ids=2 --dram_io_freq=400"
20260429T034359.594397Z-1ab1,605.mcf_s-472B,SPEC,train,Pythia,single,,,,,,,0.19432,0.8532162458836443,0.8471531955706687,0.22775,0.22938,1.0,35988.0,35.98785604857581,82093.0,82093.0,0.0,0.0,0.0,0.0,14283.0,82093.0,14283.0,0.17398560169563787,0.0,0.0,0.0,0.0,0.0,0.0,0.0,0.0,0.0,0.0,36798.0,37671.0,0.0,0.0,0.0,9967.0,52341.0,0.0,1.84,5146168.0,1000004.0,500000,1000000,,,,,,,,stage1_pair_screen_1m,MacBookPro.fios-router.home,a778f3cbe9d6a9f3bd05580ec3a2cb3c45c4b342,9.066009,2026-04-29T03:53:11.780694+00:00,2026-04-29T03:53:20.846703+00:00,/Users/barry/Library/Mobile Documents/com~apple~CloudDocs/Carnegie Mellon/15740/Proj/Mixture-of-Prefetchers/artifacts/athena_traces/605.mcf_s-472B.champsimtrace.xz,results/stage1_pair_screen_1m_probe1_budget8192_Pythia_SPPplusPPF/runs/20260429T034359.594397Z-1ab1/logs/605.mcf_s-472B__Pythia.out,results/stage1_pair_screen_1m_probe1_budget8192_Pythia_SPPplusPPF/runs/20260429T034359.594397Z-1ab1/logs/605.mcf_s-472B__Pythia.err,results/stage1_pair_screen_1m_probe1_budget8192_Pythia_SPPplusPPF/runs/20260429T034359.594397Z-1ab1/metrics/605.mcf_s-472B__Pythia.json,,"--warmup_instructions=500000 --simulation_instructions=1000000 --llc_replacement_type=ship --config='/Users/barry/Library/Mobile Documents/com~apple~CloudDocs/Carnegie Mellon/15740/Proj/Mixture-of-Prefetchers/external/athena'/config/nopref.ini --rob_partition_size=64,128,320 --rob_frontal_partition_ids=0 --rob_dorsal_partition_ids=2 --dram_io_freq=400 --l2c_prefetcher_types=scooby --config='/Users/barry/Library/Mobile Documents/com~apple~CloudDocs/Carnegie Mellon/15740/Proj/Mixture-of-Prefetchers/external/athena/config/pythia.ini' --l2c_prefetcher_force_prefetch_at_llc=true"
20260429T034359.594397Z-1ab1,605.mcf_s-472B,SPEC,train,SPP+PPF,single,,,,,,,0.22938,1.0071569703622392,1.0,0.22775,0.22938,1.0,35968.0,35.967964032035965,48785.0,48785.0,0.0,0.0,0.0,0.0,9482.0,48785.0,9482.0,0.1943630214205186,0.0,0.0,0.0,0.0,0.0,0.0,0.0,0.0,0.0,0.0,36776.0,37654.0,0.0,0.0,0.0,10598.0,40959.0,0.0,1.84,4359496.0,1000001.0,500000,1000000,,,,,,,,stage1_pair_screen_1m,MacBookPro.fios-router.home,a778f3cbe9d6a9f3bd05580ec3a2cb3c45c4b342,7.866465,2026-04-29T03:53:20.846763+00:00,2026-04-29T03:53:28.713228+00:00,/Users/barry/Library/Mobile Documents/com~apple~CloudDocs/Carnegie Mellon/15740/Proj/Mixture-of-Prefetchers/artifacts/athena_traces/605.mcf_s-472B.champsimtrace.xz,results/stage1_pair_screen_1m_probe1_budget8192_Pythia_SPPplusPPF/runs/20260429T034359.594397Z-1ab1/logs/605.mcf_s-472B__SPPplusPPF.out,results/stage1_pair_screen_1m_probe1_budget8192_Pythia_SPPplusPPF/runs/20260429T034359.594397Z-1ab1/logs/605.mcf_s-472B__SPPplusPPF.err,results/stage1_pair_screen_1m_probe1_budget8192_Pythia_SPPplusPPF/runs/20260429T034359.594397Z-1ab1/metrics/605.mcf_s-472B__SPPplusPPF.json,,"--warmup_instructions=500000 --simulation_instructions=1000000 --llc_replacement_type=ship --config='/Users/barry/Library/Mobile Documents/com~apple~CloudDocs/Carnegie Mellon/15740/Proj/Mixture-of-Prefetchers/external/athena'/config/nopref.ini --rob_partition_size=64,128,320 --rob_frontal_partition_ids=0 --rob_dorsal_partition_ids=2 --dram_io_freq=400 --l2c_prefetcher_types=spp_ppf_dev --config='/Users/barry/Library/Mobile Documents/com~apple~CloudDocs/Carnegie Mellon/15740/Proj/Mixture-of-Prefetchers/external/athena/config/spp_ppf_dev.ini' --l2c_prefetcher_force_prefetch_at_llc=true"
20260429T034359.594397Z-1ab1,605.mcf_s-472B,SPEC,train,MoP-V0,router,MoP-V0,,,Pythia,SPP+PPF,1,0.25438,1.116926454445664,1.1089894498212574,0.22775,0.22938,1.0,35966.0,35.96596403403596,14228.0,14228.0,0.0,0.0,0.0,0.0,4913.0,14228.0,4913.0,0.3453050323306157,6990.0,7874.0,4012.0,6814.0,9103.0,15473.0,2.0,3.0,0.5739628040057224,0.8653797307594615,36774.0,37654.0,0.0,0.0,0.0,9201.0,35570.0,0.0,1.84,3931135.0,1000001.0,500000,1000000,500000,8192,30,50,10,1,"1.0,0.25,1.0",stage1_pair_screen_1m,MacBookPro.fios-router.home,a778f3cbe9d6a9f3bd05580ec3a2cb3c45c4b342,7.736799,2026-04-29T03:53:28.713282+00:00,2026-04-29T03:53:36.450081+00:00,/Users/barry/Library/Mobile Documents/com~apple~CloudDocs/Carnegie Mellon/15740/Proj/Mixture-of-Prefetchers/artifacts/athena_traces/605.mcf_s-472B.champsimtrace.xz,results/stage1_pair_screen_1m_probe1_budget8192_Pythia_SPPplusPPF/runs/20260429T034359.594397Z-1ab1/logs/605.mcf_s-472B__MoP-V0.out,results/stage1_pair_screen_1m_probe1_budget8192_Pythia_SPPplusPPF/runs/20260429T034359.594397Z-1ab1/logs/605.mcf_s-472B__MoP-V0.err,results/stage1_pair_screen_1m_probe1_budget8192_Pythia_SPPplusPPF/runs/20260429T034359.594397Z-1ab1/metrics/605.mcf_s-472B__MoP-V0.json,results/stage1_pair_screen_1m_probe1_budget8192_Pythia_SPPplusPPF/runs/20260429T034359.594397Z-1ab1/epoch_logs/605.mcf_s-472B__MoP-V0,"--warmup_instructions=500000 --simulation_instructions=1000000 --llc_replacement_type=ship --config='/Users/barry/Library/Mobile Documents/com~apple~CloudDocs/Carnegie Mellon/15740/Proj/Mixture-of-Prefetchers/external/athena'/config/nopref.ini --rob_partition_size=64,128,320 --rob_frontal_partition_ids=0 --rob_dorsal_partition_ids=2 --dram_io_freq=400 --config='/Users/barry/Library/Mobile Documents/com~apple~CloudDocs/Carnegie Mellon/15740/Proj/Mixture-of-Prefetchers/external/athena/config/mop_lite.ini' --mop_router_type=4 --mop_seed=1 --l2c_prefetcher_types=scooby --config='/Users/barry/Library/Mobile Documents/com~apple~CloudDocs/Carnegie Mellon/15740/Proj/Mixture-of-Prefetchers/external/athena/config/pythia.ini' --l2c_prefetcher_types=spp_ppf_dev --config='/Users/barry/Library/Mobile Documents/com~apple~CloudDocs/Carnegie Mellon/15740/Proj/Mixture-of-Prefetchers/external/athena/config/spp_ppf_dev.ini' --l2c_prefetcher_force_prefetch_at_llc=true --mop_epoch_trace=results/stage1_pair_screen_1m_probe1_budget8192_Pythia_SPPplusPPF/runs/20260429T034359.594397Z-1ab1/epoch_logs/605.mcf_s-472B__MoP-V0 --mop_total_budget=8192 --mop_one_shot_epochs=1"
20260429T034359.594397Z-1ab1,605.mcf_s-472B,SPEC,train,MoP-V1.1,router,MoP-V1.1,,,Pythia,SPP+PPF,1,0.25466,1.1181558726673984,1.1102101316592554,0.22775,0.22938,1.0,35963.0,35.96296403703596,14230.0,14230.0,0.0,0.0,0.0,0.0,4886.0,14230.0,4886.0,0.3433591004919185,6838.0,8174.0,3923.0,7066.0,8784.0,15792.0,2.0,3.0,0.5737057619186897,0.8644482505505261,36774.0,37651.0,0.0,0.0,0.0,8803.0,35794.0,0.0,1.84,3926871.0,1000001.0,500000,1000000,500000,8192,30,50,10,1,"1.0,0.25,1.0",stage1_pair_screen_1m,MacBookPro.fios-router.home,a778f3cbe9d6a9f3bd05580ec3a2cb3c45c4b342,7.513592,2026-04-29T03:53:36.450149+00:00,2026-04-29T03:53:43.963741+00:00,/Users/barry/Library/Mobile Documents/com~apple~CloudDocs/Carnegie Mellon/15740/Proj/Mixture-of-Prefetchers/artifacts/athena_traces/605.mcf_s-472B.champsimtrace.xz,results/stage1_pair_screen_1m_probe1_budget8192_Pythia_SPPplusPPF/runs/20260429T034359.594397Z-1ab1/logs/605.mcf_s-472B__MoP-V1.1.out,results/stage1_pair_screen_1m_probe1_budget8192_Pythia_SPPplusPPF/runs/20260429T034359.594397Z-1ab1/logs/605.mcf_s-472B__MoP-V1.1.err,results/stage1_pair_screen_1m_probe1_budget8192_Pythia_SPPplusPPF/runs/20260429T034359.594397Z-1ab1/metrics/605.mcf_s-472B__MoP-V1.1.json,results/stage1_pair_screen_1m_probe1_budget8192_Pythia_SPPplusPPF/runs/20260429T034359.594397Z-1ab1/epoch_logs/605.mcf_s-472B__MoP-V1.1,"--warmup_instructions=500000 --simulation_instructions=1000000 --llc_replacement_type=ship --config='/Users/barry/Library/Mobile Documents/com~apple~CloudDocs/Carnegie Mellon/15740/Proj/Mixture-of-Prefetchers/external/athena'/config/nopref.ini --rob_partition_size=64,128,320 --rob_frontal_partition_ids=0 --rob_dorsal_partition_ids=2 --dram_io_freq=400 --config='/Users/barry/Library/Mobile Documents/com~apple~CloudDocs/Carnegie Mellon/15740/Proj/Mixture-of-Prefetchers/external/athena/config/mop_lite.ini' --mop_router_type=5 --mop_seed=1 --l2c_prefetcher_types=scooby --config='/Users/barry/Library/Mobile Documents/com~apple~CloudDocs/Carnegie Mellon/15740/Proj/Mixture-of-Prefetchers/external/athena/config/pythia.ini' --l2c_prefetcher_types=spp_ppf_dev --config='/Users/barry/Library/Mobile Documents/com~apple~CloudDocs/Carnegie Mellon/15740/Proj/Mixture-of-Prefetchers/external/athena/config/spp_ppf_dev.ini' --l2c_prefetcher_force_prefetch_at_llc=true --mop_epoch_trace=results/stage1_pair_screen_1m_probe1_budget8192_Pythia_SPPplusPPF/runs/20260429T034359.594397Z-1ab1/epoch_logs/605.mcf_s-472B__MoP-V1.1 --mop_total_budget=8192 --mop_one_shot_epochs=1"
20260429T034359.594397Z-1ab1,605.mcf_s-472B,SPEC,train,MoP-V1.2,router,MoP-V1.2,,,Pythia,SPP+PPF,1,0.252,1.1064763995609221,1.0986136541982736,0.22775,0.22938,1.0,35964.0,35.96396403603596,12819.0,12819.0,0.0,0.0,0.0,0.0,4834.0,12819.0,4834.0,0.37709649738669165,6622.0,7418.0,3733.0,6405.0,8192.0,16384.0,1.0,2.0,0.5637269707037149,0.8634402803990294,36774.0,37652.0,0.0,0.0,0.0,9828.0,35550.0,0.0,1.84,3968317.0,1000001.0,500000,1000000,500000,8192,30,50,10,1,"1.0,0.25,1.0",stage1_pair_screen_1m,MacBookPro.fios-router.home,a778f3cbe9d6a9f3bd05580ec3a2cb3c45c4b342,7.609814,2026-04-29T03:53:43.963808+00:00,2026-04-29T03:53:51.573622+00:00,/Users/barry/Library/Mobile Documents/com~apple~CloudDocs/Carnegie Mellon/15740/Proj/Mixture-of-Prefetchers/artifacts/athena_traces/605.mcf_s-472B.champsimtrace.xz,results/stage1_pair_screen_1m_probe1_budget8192_Pythia_SPPplusPPF/runs/20260429T034359.594397Z-1ab1/logs/605.mcf_s-472B__MoP-V1.2.out,results/stage1_pair_screen_1m_probe1_budget8192_Pythia_SPPplusPPF/runs/20260429T034359.594397Z-1ab1/logs/605.mcf_s-472B__MoP-V1.2.err,results/stage1_pair_screen_1m_probe1_budget8192_Pythia_SPPplusPPF/runs/20260429T034359.594397Z-1ab1/metrics/605.mcf_s-472B__MoP-V1.2.json,results/stage1_pair_screen_1m_probe1_budget8192_Pythia_SPPplusPPF/runs/20260429T034359.594397Z-1ab1/epoch_logs/605.mcf_s-472B__MoP-V1.2,"--warmup_instructions=500000 --simulation_instructions=1000000 --llc_replacement_type=ship --config='/Users/barry/Library/Mobile Documents/com~apple~CloudDocs/Carnegie Mellon/15740/Proj/Mixture-of-Prefetchers/external/athena'/config/nopref.ini --rob_partition_size=64,128,320 --rob_frontal_partition_ids=0 --rob_dorsal_partition_ids=2 --dram_io_freq=400 --config='/Users/barry/Library/Mobile Documents/com~apple~CloudDocs/Carnegie Mellon/15740/Proj/Mixture-of-Prefetchers/external/athena/config/mop_lite.ini' --mop_router_type=6 --mop_seed=1 --l2c_prefetcher_types=scooby --config='/Users/barry/Library/Mobile Documents/com~apple~CloudDocs/Carnegie Mellon/15740/Proj/Mixture-of-Prefetchers/external/athena/config/pythia.ini' --l2c_prefetcher_types=spp_ppf_dev --config='/Users/barry/Library/Mobile Documents/com~apple~CloudDocs/Carnegie Mellon/15740/Proj/Mixture-of-Prefetchers/external/athena/config/spp_ppf_dev.ini' --l2c_prefetcher_force_prefetch_at_llc=true --mop_epoch_trace=results/stage1_pair_screen_1m_probe1_budget8192_Pythia_SPPplusPPF/runs/20260429T034359.594397Z-1ab1/epoch_logs/605.mcf_s-472B__MoP-V1.2 --mop_total_budget=8192 --mop_one_shot_epochs=1"
20260429T034359.594397Z-1ab1,605.mcf_s-472B,SPEC,train,WinnerTakeAll,router,WinnerTakeAll,,,Pythia,SPP+PPF,1,0.25217,1.1072228320526893,1.0993547824570582,0.22775,0.22938,1.0,35967.0,35.966964033035964,12818.0,12818.0,0.0,0.0,0.0,0.0,4841.0,12818.0,4841.0,0.3776720237166485,6629.0,7413.0,3738.0,6402.0,8192.0,16384.0,1.0,2.0,0.5638859556494192,0.8636179684338324,36775.0,37653.0,0.0,0.0,0.0,9475.0,35478.0,0.0,1.84,3965568.0,1000001.0,500000,1000000,500000,8192,30,50,10,1,"1.0,0.25,1.0",stage1_pair_screen_1m,MacBookPro.fios-router.home,a778f3cbe9d6a9f3bd05580ec3a2cb3c45c4b342,7.631251,2026-04-29T03:53:51.573684+00:00,2026-04-29T03:53:59.204935+00:00,/Users/barry/Library/Mobile Documents/com~apple~CloudDocs/Carnegie Mellon/15740/Proj/Mixture-of-Prefetchers/artifacts/athena_traces/605.mcf_s-472B.champsimtrace.xz,results/stage1_pair_screen_1m_probe1_budget8192_Pythia_SPPplusPPF/runs/20260429T034359.594397Z-1ab1/logs/605.mcf_s-472B__WinnerTakeAll.out,results/stage1_pair_screen_1m_probe1_budget8192_Pythia_SPPplusPPF/runs/20260429T034359.594397Z-1ab1/logs/605.mcf_s-472B__WinnerTakeAll.err,results/stage1_pair_screen_1m_probe1_budget8192_Pythia_SPPplusPPF/runs/20260429T034359.594397Z-1ab1/metrics/605.mcf_s-472B__WinnerTakeAll.json,results/stage1_pair_screen_1m_probe1_budget8192_Pythia_SPPplusPPF/runs/20260429T034359.594397Z-1ab1/epoch_logs/605.mcf_s-472B__WinnerTakeAll,"--warmup_instructions=500000 --simulation_instructions=1000000 --llc_replacement_type=ship --config='/Users/barry/Library/Mobile Documents/com~apple~CloudDocs/Carnegie Mellon/15740/Proj/Mixture-of-Prefetchers/external/athena'/config/nopref.ini --rob_partition_size=64,128,320 --rob_frontal_partition_ids=0 --rob_dorsal_partition_ids=2 --dram_io_freq=400 --config='/Users/barry/Library/Mobile Documents/com~apple~CloudDocs/Carnegie Mellon/15740/Proj/Mixture-of-Prefetchers/external/athena/config/mop_lite.ini' --mop_router_type=1 --mop_seed=1 --l2c_prefetcher_types=scooby --config='/Users/barry/Library/Mobile Documents/com~apple~CloudDocs/Carnegie Mellon/15740/Proj/Mixture-of-Prefetchers/external/athena/config/pythia.ini' --l2c_prefetcher_types=spp_ppf_dev --config='/Users/barry/Library/Mobile Documents/com~apple~CloudDocs/Carnegie Mellon/15740/Proj/Mixture-of-Prefetchers/external/athena/config/spp_ppf_dev.ini' --l2c_prefetcher_force_prefetch_at_llc=true --mop_epoch_trace=results/stage1_pair_screen_1m_probe1_budget8192_Pythia_SPPplusPPF/runs/20260429T034359.594397Z-1ab1/epoch_logs/605.mcf_s-472B__WinnerTakeAll --mop_total_budget=8192 --mop_one_shot_epochs=1"
20260429T034359.594397Z-1ab1,605.mcf_s-472B,SPEC,train,OneShotFit,router,OneShotFit,,,Pythia,SPP+PPF,1,0.25394,1.1149945115257958,1.1070712355044032,0.22775,0.22938,1.0,35966.0,35.96596403403596,12815.0,12815.0,0.0,0.0,0.0,0.0,5074.0,12815.0,5074.0,0.395942255169723,2223.0,14212.0,976.0,11895.0,0.0,24576.0,0.0,3.0,0.43904633378317587,0.8369687587953842,36774.0,37652.0,0.0,0.0,0.0,9489.0,35148.0,0.0,1.84,3937910.0,1000001.0,500000,1000000,500000,8192,30,50,10,1,"1.0,0.25,1.0",stage1_pair_screen_1m,MacBookPro.fios-router.home,a778f3cbe9d6a9f3bd05580ec3a2cb3c45c4b342,7.796416,2026-04-29T03:53:59.205003+00:00,2026-04-29T03:54:07.001419+00:00,/Users/barry/Library/Mobile Documents/com~apple~CloudDocs/Carnegie Mellon/15740/Proj/Mixture-of-Prefetchers/artifacts/athena_traces/605.mcf_s-472B.champsimtrace.xz,results/stage1_pair_screen_1m_probe1_budget8192_Pythia_SPPplusPPF/runs/20260429T034359.594397Z-1ab1/logs/605.mcf_s-472B__OneShotFit.out,results/stage1_pair_screen_1m_probe1_budget8192_Pythia_SPPplusPPF/runs/20260429T034359.594397Z-1ab1/logs/605.mcf_s-472B__OneShotFit.err,results/stage1_pair_screen_1m_probe1_budget8192_Pythia_SPPplusPPF/runs/20260429T034359.594397Z-1ab1/metrics/605.mcf_s-472B__OneShotFit.json,results/stage1_pair_screen_1m_probe1_budget8192_Pythia_SPPplusPPF/runs/20260429T034359.594397Z-1ab1/epoch_logs/605.mcf_s-472B__OneShotFit,"--warmup_instructions=500000 --simulation_instructions=1000000 --llc_replacement_type=ship --config='/Users/barry/Library/Mobile Documents/com~apple~CloudDocs/Carnegie Mellon/15740/Proj/Mixture-of-Prefetchers/external/athena'/config/nopref.ini --rob_partition_size=64,128,320 --rob_frontal_partition_ids=0 --rob_dorsal_partition_ids=2 --dram_io_freq=400 --config='/Users/barry/Library/Mobile Documents/com~apple~CloudDocs/Carnegie Mellon/15740/Proj/Mixture-of-Prefetchers/external/athena/config/mop_lite.ini' --mop_router_type=3 --mop_seed=1 --l2c_prefetcher_types=scooby --config='/Users/barry/Library/Mobile Documents/com~apple~CloudDocs/Carnegie Mellon/15740/Proj/Mixture-of-Prefetchers/external/athena/config/pythia.ini' --l2c_prefetcher_types=spp_ppf_dev --config='/Users/barry/Library/Mobile Documents/com~apple~CloudDocs/Carnegie Mellon/15740/Proj/Mixture-of-Prefetchers/external/athena/config/spp_ppf_dev.ini' --l2c_prefetcher_force_prefetch_at_llc=true --mop_epoch_trace=results/stage1_pair_screen_1m_probe1_budget8192_Pythia_SPPplusPPF/runs/20260429T034359.594397Z-1ab1/epoch_logs/605.mcf_s-472B__OneShotFit --mop_total_budget=8192 --mop_one_shot_epochs=1"
20260429T034359.594397Z-1ab1,605.mcf_s-472B,SPEC,train,AthenaMAB,builtin,,,AthenaMAB,Pythia,SPP+PPF,,0.21524,0.9450713501646542,0.9383555671810968,0.22775,0.22938,1.0,35976.0,35.97585609657561,44716.0,44716.0,0.0,0.0,0.0,0.0,7119.0,44716.0,7119.0,0.15920475892298058,0.0,32209.0,0.0,25241.0,0.0,0.0,0.0,0.0,0.0,0.7836629513490019,36785.0,37660.0,0.0,0.0,0.0,9543.0,38388.0,0.0,1.84,4646091.0,1000004.0,500000,1000000,500000,,,,,,,stage1_pair_screen_1m,MacBookPro.fios-router.home,a778f3cbe9d6a9f3bd05580ec3a2cb3c45c4b342,8.192158,2026-04-29T03:54:07.001490+00:00,2026-04-29T03:54:15.193648+00:00,/Users/barry/Library/Mobile Documents/com~apple~CloudDocs/Carnegie Mellon/15740/Proj/Mixture-of-Prefetchers/artifacts/athena_traces/605.mcf_s-472B.champsimtrace.xz,results/stage1_pair_screen_1m_probe1_budget8192_Pythia_SPPplusPPF/runs/20260429T034359.594397Z-1ab1/logs/605.mcf_s-472B__AthenaMAB.out,results/stage1_pair_screen_1m_probe1_budget8192_Pythia_SPPplusPPF/runs/20260429T034359.594397Z-1ab1/logs/605.mcf_s-472B__AthenaMAB.err,results/stage1_pair_screen_1m_probe1_budget8192_Pythia_SPPplusPPF/runs/20260429T034359.594397Z-1ab1/metrics/605.mcf_s-472B__AthenaMAB.json,results/stage1_pair_screen_1m_probe1_budget8192_Pythia_SPPplusPPF/runs/20260429T034359.594397Z-1ab1/epoch_logs/605.mcf_s-472B__AthenaMAB,"--warmup_instructions=500000 --simulation_instructions=1000000 --llc_replacement_type=ship --config='/Users/barry/Library/Mobile Documents/com~apple~CloudDocs/Carnegie Mellon/15740/Proj/Mixture-of-Prefetchers/external/athena'/config/nopref.ini --rob_partition_size=64,128,320 --rob_frontal_partition_ids=0 --rob_dorsal_partition_ids=2 --dram_io_freq=400 --config='/Users/barry/Library/Mobile Documents/com~apple~CloudDocs/Carnegie Mellon/15740/Proj/Mixture-of-Prefetchers/external/athena/config/mop_lite_mab.ini' --l2c_prefetcher_types=scooby --config='/Users/barry/Library/Mobile Documents/com~apple~CloudDocs/Carnegie Mellon/15740/Proj/Mixture-of-Prefetchers/external/athena/config/pythia.ini' --l2c_prefetcher_types=spp_ppf_dev --config='/Users/barry/Library/Mobile Documents/com~apple~CloudDocs/Carnegie Mellon/15740/Proj/Mixture-of-Prefetchers/external/athena/config/spp_ppf_dev.ini' --l2c_prefetcher_force_prefetch_at_llc=true --mop_epoch_trace=results/stage1_pair_screen_1m_probe1_budget8192_Pythia_SPPplusPPF/runs/20260429T034359.594397Z-1ab1/epoch_logs/605.mcf_s-472B__AthenaMAB"
20260429T034359.626926Z-6dd5,429.mcf-192B,SPEC,train,Baseline,baseline,,,,,,,0.07167,1.0,0.8244564592200622,0.07167,0.08693,0.0,81803.0,81.803,0.0,0.0,0.0,0.0,0.0,0.0,0.0,0.0,0.0,0.0,0.0,0.0,0.0,0.0,0.0,0.0,0.0,0.0,0.0,0.0,143912.0,81814.0,0.0,0.0,0.0,58095.0,4964.0,0.0,21.07,13952706.0,1000000.0,500000,1000000,,,,,,,,stage1_pair_screen_1m,MacBookPro.fios-router.home,a778f3cbe9d6a9f3bd05580ec3a2cb3c45c4b342,5.913821,2026-04-29T03:43:59.644101+00:00,2026-04-29T03:44:05.557922+00:00,/Users/barry/Library/Mobile Documents/com~apple~CloudDocs/Carnegie Mellon/15740/Proj/Mixture-of-Prefetchers/artifacts/athena_traces/429.mcf-192B.champsimtrace.xz,results/stage1_pair_screen_1m_probe1_budget8192_MLOP_SPPplusPPF/runs/20260429T034359.626926Z-6dd5/logs/429.mcf-192B__Baseline.out,results/stage1_pair_screen_1m_probe1_budget8192_MLOP_SPPplusPPF/runs/20260429T034359.626926Z-6dd5/logs/429.mcf-192B__Baseline.err,results/stage1_pair_screen_1m_probe1_budget8192_MLOP_SPPplusPPF/runs/20260429T034359.626926Z-6dd5/metrics/429.mcf-192B__Baseline.json,,"--warmup_instructions=500000 --simulation_instructions=1000000 --llc_replacement_type=ship --config='/Users/barry/Library/Mobile Documents/com~apple~CloudDocs/Carnegie Mellon/15740/Proj/Mixture-of-Prefetchers/external/athena'/config/nopref.ini --rob_partition_size=64,128,320 --rob_frontal_partition_ids=0 --rob_dorsal_partition_ids=2 --dram_io_freq=400"
20260429T034359.626926Z-6dd5,429.mcf-192B,SPEC,train,MLOP,single,,,,,,,0.08693,1.2129203292870099,1.0,0.07167,0.08693,1.0,81835.0,81.835,62902.0,62902.0,0.0,0.0,0.0,0.0,46477.0,62902.0,46477.0,0.738879526883088,0.0,0.0,0.0,0.0,0.0,0.0,0.0,0.0,0.0,0.0,143900.0,81846.0,0.0,0.0,0.0,74094.0,62248.0,0.0,21.07,11503271.0,1000000.0,500000,1000000,,,,,,,,stage1_pair_screen_1m,MacBookPro.fios-router.home,a778f3cbe9d6a9f3bd05580ec3a2cb3c45c4b342,6.507923,2026-04-29T03:44:05.558038+00:00,2026-04-29T03:44:12.065961+00:00,/Users/barry/Library/Mobile Documents/com~apple~CloudDocs/Carnegie Mellon/15740/Proj/Mixture-of-Prefetchers/artifacts/athena_traces/429.mcf-192B.champsimtrace.xz,results/stage1_pair_screen_1m_probe1_budget8192_MLOP_SPPplusPPF/runs/20260429T034359.626926Z-6dd5/logs/429.mcf-192B__MLOP.out,results/stage1_pair_screen_1m_probe1_budget8192_MLOP_SPPplusPPF/runs/20260429T034359.626926Z-6dd5/logs/429.mcf-192B__MLOP.err,results/stage1_pair_screen_1m_probe1_budget8192_MLOP_SPPplusPPF/runs/20260429T034359.626926Z-6dd5/metrics/429.mcf-192B__MLOP.json,,"--warmup_instructions=500000 --simulation_instructions=1000000 --llc_replacement_type=ship --config='/Users/barry/Library/Mobile Documents/com~apple~CloudDocs/Carnegie Mellon/15740/Proj/Mixture-of-Prefetchers/external/athena'/config/nopref.ini --rob_partition_size=64,128,320 --rob_frontal_partition_ids=0 --rob_dorsal_partition_ids=2 --dram_io_freq=400 --l2c_prefetcher_types=mlop --config='/Users/barry/Library/Mobile Documents/com~apple~CloudDocs/Carnegie Mellon/15740/Proj/Mixture-of-Prefetchers/external/athena/config/mlop.ini' --l2c_prefetcher_force_prefetch_at_llc=true"
20260429T034359.626926Z-6dd5,429.mcf-192B,SPEC,train,SPP+PPF,single,,,,,,,0.07166,0.9998604716059719,0.8243414241343611,0.07167,0.08693,1.0,81815.0,81.815,2902.0,2902.0,0.0,0.0,0.0,0.0,246.0,2902.0,246.0,0.08476912474155755,0.0,0.0,0.0,0.0,0.0,0.0,0.0,0.0,0.0,0.0,143911.0,81826.0,0.0,0.0,0.0,59069.0,6048.0,0.0,21.07,13955484.0,1000000.0,500000,1000000,,,,,,,,stage1_pair_screen_1m,MacBookPro.fios-router.home,a778f3cbe9d6a9f3bd05580ec3a2cb3c45c4b342,6.845681,2026-04-29T03:44:12.066057+00:00,2026-04-29T03:44:18.911738+00:00,/Users/barry/Library/Mobile Documents/com~apple~CloudDocs/Carnegie Mellon/15740/Proj/Mixture-of-Prefetchers/artifacts/athena_traces/429.mcf-192B.champsimtrace.xz,results/stage1_pair_screen_1m_probe1_budget8192_MLOP_SPPplusPPF/runs/20260429T034359.626926Z-6dd5/logs/429.mcf-192B__SPPplusPPF.out,results/stage1_pair_screen_1m_probe1_budget8192_MLOP_SPPplusPPF/runs/20260429T034359.626926Z-6dd5/logs/429.mcf-192B__SPPplusPPF.err,results/stage1_pair_screen_1m_probe1_budget8192_MLOP_SPPplusPPF/runs/20260429T034359.626926Z-6dd5/metrics/429.mcf-192B__SPPplusPPF.json,,"--warmup_instructions=500000 --simulation_instructions=1000000 --llc_replacement_type=ship --config='/Users/barry/Library/Mobile Documents/com~apple~CloudDocs/Carnegie Mellon/15740/Proj/Mixture-of-Prefetchers/external/athena'/config/nopref.ini --rob_partition_size=64,128,320 --rob_frontal_partition_ids=0 --rob_dorsal_partition_ids=2 --dram_io_freq=400 --l2c_prefetcher_types=spp_ppf_dev --config='/Users/barry/Library/Mobile Documents/com~apple~CloudDocs/Carnegie Mellon/15740/Proj/Mixture-of-Prefetchers/external/athena/config/spp_ppf_dev.ini' --l2c_prefetcher_force_prefetch_at_llc=true"
20260429T034359.626926Z-6dd5,429.mcf-192B,SPEC,train,MoP-V0,router,MoP-V0,,,MLOP,SPP+PPF,1,0.07165,0.9997209432119437,0.82422638904866,0.07167,0.08693,1.0,81680.0,81.68,1669.0,1669.0,0.0,0.0,0.0,0.0,340.0,1669.0,340.0,0.20371479928100658,4096.0,2303.0,2452.0,1316.0,0.0,8192.0,0.0,1.0,0.5986328125,0.5714285714285714,143905.0,81691.0,0.0,0.0,0.0,58696.0,5606.0,0.0,21.07,13957572.0,1000000.0,500000,1000000,500000,8192,30,50,10,1,"1.0,0.25,1.0",stage1_pair_screen_1m,MacBookPro.fios-router.home,a778f3cbe9d6a9f3bd05580ec3a2cb3c45c4b342,6.634776,2026-04-29T03:44:18.911803+00:00,2026-04-29T03:44:25.546579+00:00,/Users/barry/Library/Mobile Documents/com~apple~CloudDocs/Carnegie Mellon/15740/Proj/Mixture-of-Prefetchers/artifacts/athena_traces/429.mcf-192B.champsimtrace.xz,results/stage1_pair_screen_1m_probe1_budget8192_MLOP_SPPplusPPF/runs/20260429T034359.626926Z-6dd5/logs/429.mcf-192B__MoP-V0.out,results/stage1_pair_screen_1m_probe1_budget8192_MLOP_SPPplusPPF/runs/20260429T034359.626926Z-6dd5/logs/429.mcf-192B__MoP-V0.err,results/stage1_pair_screen_1m_probe1_budget8192_MLOP_SPPplusPPF/runs/20260429T034359.626926Z-6dd5/metrics/429.mcf-192B__MoP-V0.json,results/stage1_pair_screen_1m_probe1_budget8192_MLOP_SPPplusPPF/runs/20260429T034359.626926Z-6dd5/epoch_logs/429.mcf-192B__MoP-V0,"--warmup_instructions=500000 --simulation_instructions=1000000 --llc_replacement_type=ship --config='/Users/barry/Library/Mobile Documents/com~apple~CloudDocs/Carnegie Mellon/15740/Proj/Mixture-of-Prefetchers/external/athena'/config/nopref.ini --rob_partition_size=64,128,320 --rob_frontal_partition_ids=0 --rob_dorsal_partition_ids=2 --dram_io_freq=400 --config='/Users/barry/Library/Mobile Documents/com~apple~CloudDocs/Carnegie Mellon/15740/Proj/Mixture-of-Prefetchers/external/athena/config/mop_lite.ini' --mop_router_type=4 --mop_seed=1 --l2c_prefetcher_types=mlop --config='/Users/barry/Library/Mobile Documents/com~apple~CloudDocs/Carnegie Mellon/15740/Proj/Mixture-of-Prefetchers/external/athena/config/mlop.ini' --l2c_prefetcher_types=spp_ppf_dev --config='/Users/barry/Library/Mobile Documents/com~apple~CloudDocs/Carnegie Mellon/15740/Proj/Mixture-of-Prefetchers/external/athena/config/spp_ppf_dev.ini' --l2c_prefetcher_force_prefetch_at_llc=true --mop_epoch_trace=results/stage1_pair_screen_1m_probe1_budget8192_MLOP_SPPplusPPF/runs/20260429T034359.626926Z-6dd5/epoch_logs/429.mcf-192B__MoP-V0 --mop_total_budget=8192 --mop_one_shot_epochs=1"
20260429T034359.626926Z-6dd5,429.mcf-192B,SPEC,train,MoP-V1.1,router,MoP-V1.1,,,MLOP,SPP+PPF,1,0.07181,1.0019533975163946,0.8260669504198781,0.07167,0.08693,1.0,81654.0,81.654,7428.0,7428.0,0.0,0.0,0.0,0.0,2543.0,7428.0,2543.0,0.3423532579429187,8192.0,3585.0,4368.0,2226.0,4096.0,20480.0,1.0,3.0,0.533203125,0.6209205020920502,143912.0,81665.0,0.0,0.0,0.0,59900.0,10298.0,0.0,21.07,13926596.0,1000000.0,500000,1000000,500000,8192,30,50,10,1,"1.0,0.25,1.0",stage1_pair_screen_1m,MacBookPro.fios-router.home,a778f3cbe9d6a9f3bd05580ec3a2cb3c45c4b342,6.348597,2026-04-29T03:44:25.546638+00:00,2026-04-29T03:44:31.895235+00:00,/Users/barry/Library/Mobile Documents/com~apple~CloudDocs/Carnegie Mellon/15740/Proj/Mixture-of-Prefetchers/artifacts/athena_traces/429.mcf-192B.champsimtrace.xz,results/stage1_pair_screen_1m_probe1_budget8192_MLOP_SPPplusPPF/runs/20260429T034359.626926Z-6dd5/logs/429.mcf-192B__MoP-V1.1.out,results/stage1_pair_screen_1m_probe1_budget8192_MLOP_SPPplusPPF/runs/20260429T034359.626926Z-6dd5/logs/429.mcf-192B__MoP-V1.1.err,results/stage1_pair_screen_1m_probe1_budget8192_MLOP_SPPplusPPF/runs/20260429T034359.626926Z-6dd5/metrics/429.mcf-192B__MoP-V1.1.json,results/stage1_pair_screen_1m_probe1_budget8192_MLOP_SPPplusPPF/runs/20260429T034359.626926Z-6dd5/epoch_logs/429.mcf-192B__MoP-V1.1,"--warmup_instructions=500000 --simulation_instructions=1000000 --llc_replacement_type=ship --config='/Users/barry/Library/Mobile Documents/com~apple~CloudDocs/Carnegie Mellon/15740/Proj/Mixture-of-Prefetchers/external/athena'/config/nopref.ini --rob_partition_size=64,128,320 --rob_frontal_partition_ids=0 --rob_dorsal_partition_ids=2 --dram_io_freq=400 --config='/Users/barry/Library/Mobile Documents/com~apple~CloudDocs/Carnegie Mellon/15740/Proj/Mixture-of-Prefetchers/external/athena/config/mop_lite.ini' --mop_router_type=5 --mop_seed=1 --l2c_prefetcher_types=mlop --config='/Users/barry/Library/Mobile Documents/com~apple~CloudDocs/Carnegie Mellon/15740/Proj/Mixture-of-Prefetchers/external/athena/config/mlop.ini' --l2c_prefetcher_types=spp_ppf_dev --config='/Users/barry/Library/Mobile Documents/com~apple~CloudDocs/Carnegie Mellon/15740/Proj/Mixture-of-Prefetchers/external/athena/config/spp_ppf_dev.ini' --l2c_prefetcher_force_prefetch_at_llc=true --mop_epoch_trace=results/stage1_pair_screen_1m_probe1_budget8192_MLOP_SPPplusPPF/runs/20260429T034359.626926Z-6dd5/epoch_logs/429.mcf-192B__MoP-V1.1 --mop_total_budget=8192 --mop_one_shot_epochs=1"
20260429T034359.626926Z-6dd5,429.mcf-192B,SPEC,train,MoP-V1.2,router,MoP-V1.2,,,MLOP,SPP+PPF,1,0.07164,0.9995814148179154,0.8241113539629588,0.07167,0.08693,1.0,81757.0,81.75691824308176,9828.0,9828.0,0.0,0.0,0.0,0.0,4358.0,9828.0,4358.0,0.44342694342694344,12288.0,2282.0,4621.0,1300.0,16384.0,8192.0,2.0,1.0,0.3760579427083333,0.5696757230499562,143913.0,81768.0,0.0,0.0,0.0,60248.0,13901.0,0.0,21.07,13957745.0,1000001.0,500000,1000000,500000,8192,30,50,10,1,"1.0,0.25,1.0",stage1_pair_screen_1m,MacBookPro.fios-router.home,a778f3cbe9d6a9f3bd05580ec3a2cb3c45c4b342,6.745515,2026-04-29T03:44:31.895310+00:00,2026-04-29T03:44:38.640825+00:00,/Users/barry/Library/Mobile Documents/com~apple~CloudDocs/Carnegie Mellon/15740/Proj/Mixture-of-Prefetchers/artifacts/athena_traces/429.mcf-192B.champsimtrace.xz,results/stage1_pair_screen_1m_probe1_budget8192_MLOP_SPPplusPPF/runs/20260429T034359.626926Z-6dd5/logs/429.mcf-192B__MoP-V1.2.out,results/stage1_pair_screen_1m_probe1_budget8192_MLOP_SPPplusPPF/runs/20260429T034359.626926Z-6dd5/logs/429.mcf-192B__MoP-V1.2.err,results/stage1_pair_screen_1m_probe1_budget8192_MLOP_SPPplusPPF/runs/20260429T034359.626926Z-6dd5/metrics/429.mcf-192B__MoP-V1.2.json,results/stage1_pair_screen_1m_probe1_budget8192_MLOP_SPPplusPPF/runs/20260429T034359.626926Z-6dd5/epoch_logs/429.mcf-192B__MoP-V1.2,"--warmup_instructions=500000 --simulation_instructions=1000000 --llc_replacement_type=ship --config='/Users/barry/Library/Mobile Documents/com~apple~CloudDocs/Carnegie Mellon/15740/Proj/Mixture-of-Prefetchers/external/athena'/config/nopref.ini --rob_partition_size=64,128,320 --rob_frontal_partition_ids=0 --rob_dorsal_partition_ids=2 --dram_io_freq=400 --config='/Users/barry/Library/Mobile Documents/com~apple~CloudDocs/Carnegie Mellon/15740/Proj/Mixture-of-Prefetchers/external/athena/config/mop_lite.ini' --mop_router_type=6 --mop_seed=1 --l2c_prefetcher_types=mlop --config='/Users/barry/Library/Mobile Documents/com~apple~CloudDocs/Carnegie Mellon/15740/Proj/Mixture-of-Prefetchers/external/athena/config/mlop.ini' --l2c_prefetcher_types=spp_ppf_dev --config='/Users/barry/Library/Mobile Documents/com~apple~CloudDocs/Carnegie Mellon/15740/Proj/Mixture-of-Prefetchers/external/athena/config/spp_ppf_dev.ini' --l2c_prefetcher_force_prefetch_at_llc=true --mop_epoch_trace=results/stage1_pair_screen_1m_probe1_budget8192_MLOP_SPPplusPPF/runs/20260429T034359.626926Z-6dd5/epoch_logs/429.mcf-192B__MoP-V1.2 --mop_total_budget=8192 --mop_one_shot_epochs=1"
20260429T034359.626926Z-6dd5,429.mcf-192B,SPEC,train,WinnerTakeAll,router,WinnerTakeAll,,,MLOP,SPP+PPF,1,0.07033,0.9813031952002234,0.8090417577361096,0.07167,0.08693,1.0,81779.0,81.779,9451.0,9451.0,0.0,0.0,0.0,0.0,2659.0,9451.0,2659.0,0.28134588932388105,12288.0,1761.0,4552.0,1108.0,16384.0,8192.0,2.0,1.0,0.3704427083333333,0.6291879613855764,143915.0,81790.0,0.0,0.0,0.0,61909.0,14074.0,0.0,21.07,14218333.0,1000000.0,500000,1000000,500000,8192,30,50,10,1,"1.0,0.25,1.0",stage1_pair_screen_1m,MacBookPro.fios-router.home,a778f3cbe9d6a9f3bd05580ec3a2cb3c45c4b342,7.123096,2026-04-29T03:44:38.640946+00:00,2026-04-29T03:44:45.764042+00:00,/Users/barry/Library/Mobile Documents/com~apple~CloudDocs/Carnegie Mellon/15740/Proj/Mixture-of-Prefetchers/artifacts/athena_traces/429.mcf-192B.champsimtrace.xz,results/stage1_pair_screen_1m_probe1_budget8192_MLOP_SPPplusPPF/runs/20260429T034359.626926Z-6dd5/logs/429.mcf-192B__WinnerTakeAll.out,results/stage1_pair_screen_1m_probe1_budget8192_MLOP_SPPplusPPF/runs/20260429T034359.626926Z-6dd5/logs/429.mcf-192B__WinnerTakeAll.err,results/stage1_pair_screen_1m_probe1_budget8192_MLOP_SPPplusPPF/runs/20260429T034359.626926Z-6dd5/metrics/429.mcf-192B__WinnerTakeAll.json,results/stage1_pair_screen_1m_probe1_budget8192_MLOP_SPPplusPPF/runs/20260429T034359.626926Z-6dd5/epoch_logs/429.mcf-192B__WinnerTakeAll,"--warmup_instructions=500000 --simulation_instructions=1000000 --llc_replacement_type=ship --config='/Users/barry/Library/Mobile Documents/com~apple~CloudDocs/Carnegie Mellon/15740/Proj/Mixture-of-Prefetchers/external/athena'/config/nopref.ini --rob_partition_size=64,128,320 --rob_frontal_partition_ids=0 --rob_dorsal_partition_ids=2 --dram_io_freq=400 --config='/Users/barry/Library/Mobile Documents/com~apple~CloudDocs/Carnegie Mellon/15740/Proj/Mixture-of-Prefetchers/external/athena/config/mop_lite.ini' --mop_router_type=1 --mop_seed=1 --l2c_prefetcher_types=mlop --config='/Users/barry/Library/Mobile Documents/com~apple~CloudDocs/Carnegie Mellon/15740/Proj/Mixture-of-Prefetchers/external/athena/config/mlop.ini' --l2c_prefetcher_types=spp_ppf_dev --config='/Users/barry/Library/Mobile Documents/com~apple~CloudDocs/Carnegie Mellon/15740/Proj/Mixture-of-Prefetchers/external/athena/config/spp_ppf_dev.ini' --l2c_prefetcher_force_prefetch_at_llc=true --mop_epoch_trace=results/stage1_pair_screen_1m_probe1_budget8192_MLOP_SPPplusPPF/runs/20260429T034359.626926Z-6dd5/epoch_logs/429.mcf-192B__WinnerTakeAll --mop_total_budget=8192 --mop_one_shot_epochs=1"
20260429T034359.626926Z-6dd5,429.mcf-192B,SPEC,train,OneShotFit,router,OneShotFit,,,MLOP,SPP+PPF,1,0.07162,0.9993023580298591,0.8238812837915566,0.07167,0.08693,1.0,81705.0,81.705,2949.0,2949.0,0.0,0.0,0.0,0.0,433.0,2949.0,433.0,0.14682943370634113,4096.0,3309.0,2468.0,2156.0,0.0,24576.0,0.0,3.0,0.6025390625,0.651556361438501,143911.0,81716.0,0.0,0.0,0.0,59213.0,6107.0,0.0,21.07,13961998.0,1000000.0,500000,1000000,500000,8192,30,50,10,1,"1.0,0.25,1.0",stage1_pair_screen_1m,MacBookPro.fios-router.home,a778f3cbe9d6a9f3bd05580ec3a2cb3c45c4b342,6.561476,2026-04-29T03:44:45.764136+00:00,2026-04-29T03:44:52.325612+00:00,/Users/barry/Library/Mobile Documents/com~apple~CloudDocs/Carnegie Mellon/15740/Proj/Mixture-of-Prefetchers/artifacts/athena_traces/429.mcf-192B.champsimtrace.xz,results/stage1_pair_screen_1m_probe1_budget8192_MLOP_SPPplusPPF/runs/20260429T034359.626926Z-6dd5/logs/429.mcf-192B__OneShotFit.out,results/stage1_pair_screen_1m_probe1_budget8192_MLOP_SPPplusPPF/runs/20260429T034359.626926Z-6dd5/logs/429.mcf-192B__OneShotFit.err,results/stage1_pair_screen_1m_probe1_budget8192_MLOP_SPPplusPPF/runs/20260429T034359.626926Z-6dd5/metrics/429.mcf-192B__OneShotFit.json,results/stage1_pair_screen_1m_probe1_budget8192_MLOP_SPPplusPPF/runs/20260429T034359.626926Z-6dd5/epoch_logs/429.mcf-192B__OneShotFit,"--warmup_instructions=500000 --simulation_instructions=1000000 --llc_replacement_type=ship --config='/Users/barry/Library/Mobile Documents/com~apple~CloudDocs/Carnegie Mellon/15740/Proj/Mixture-of-Prefetchers/external/athena'/config/nopref.ini --rob_partition_size=64,128,320 --rob_frontal_partition_ids=0 --rob_dorsal_partition_ids=2 --dram_io_freq=400 --config='/Users/barry/Library/Mobile Documents/com~apple~CloudDocs/Carnegie Mellon/15740/Proj/Mixture-of-Prefetchers/external/athena/config/mop_lite.ini' --mop_router_type=3 --mop_seed=1 --l2c_prefetcher_types=mlop --config='/Users/barry/Library/Mobile Documents/com~apple~CloudDocs/Carnegie Mellon/15740/Proj/Mixture-of-Prefetchers/external/athena/config/mlop.ini' --l2c_prefetcher_types=spp_ppf_dev --config='/Users/barry/Library/Mobile Documents/com~apple~CloudDocs/Carnegie Mellon/15740/Proj/Mixture-of-Prefetchers/external/athena/config/spp_ppf_dev.ini' --l2c_prefetcher_force_prefetch_at_llc=true --mop_epoch_trace=results/stage1_pair_screen_1m_probe1_budget8192_MLOP_SPPplusPPF/runs/20260429T034359.626926Z-6dd5/epoch_logs/429.mcf-192B__OneShotFit --mop_total_budget=8192 --mop_one_shot_epochs=1"
20260429T034359.626926Z-6dd5,429.mcf-192B,SPEC,train,AthenaMAB,builtin,,,AthenaMAB,MLOP,SPP+PPF,,0.07149,0.9974884889074926,0.8223858276774416,0.07167,0.08693,1.0,81871.0,81.871,2213.0,2213.0,0.0,0.0,0.0,0.0,48.0,2213.0,48.0,0.021690013556258474,0.0,1989.0,0.0,1113.0,0.0,0.0,0.0,0.0,0.0,0.5595776772247361,143911.0,81882.0,0.0,0.0,0.0,59121.0,5771.0,0.0,21.07,13987675.0,1000000.0,500000,1000000,500000,,,,,,,stage1_pair_screen_1m,MacBookPro.fios-router.home,a778f3cbe9d6a9f3bd05580ec3a2cb3c45c4b342,6.7501,2026-04-29T03:44:52.325688+00:00,2026-04-29T03:44:59.075788+00:00,/Users/barry/Library/Mobile Documents/com~apple~CloudDocs/Carnegie Mellon/15740/Proj/Mixture-of-Prefetchers/artifacts/athena_traces/429.mcf-192B.champsimtrace.xz,results/stage1_pair_screen_1m_probe1_budget8192_MLOP_SPPplusPPF/runs/20260429T034359.626926Z-6dd5/logs/429.mcf-192B__AthenaMAB.out,results/stage1_pair_screen_1m_probe1_budget8192_MLOP_SPPplusPPF/runs/20260429T034359.626926Z-6dd5/logs/429.mcf-192B__AthenaMAB.err,results/stage1_pair_screen_1m_probe1_budget8192_MLOP_SPPplusPPF/runs/20260429T034359.626926Z-6dd5/metrics/429.mcf-192B__AthenaMAB.json,results/stage1_pair_screen_1m_probe1_budget8192_MLOP_SPPplusPPF/runs/20260429T034359.626926Z-6dd5/epoch_logs/429.mcf-192B__AthenaMAB,"--warmup_instructions=500000 --simulation_instructions=1000000 --llc_replacement_type=ship --config='/Users/barry/Library/Mobile Documents/com~apple~CloudDocs/Carnegie Mellon/15740/Proj/Mixture-of-Prefetchers/external/athena'/config/nopref.ini --rob_partition_size=64,128,320 --rob_frontal_partition_ids=0 --rob_dorsal_partition_ids=2 --dram_io_freq=400 --config='/Users/barry/Library/Mobile Documents/com~apple~CloudDocs/Carnegie Mellon/15740/Proj/Mixture-of-Prefetchers/external/athena/config/mop_lite_mab.ini' --l2c_prefetcher_types=mlop --config='/Users/barry/Library/Mobile Documents/com~apple~CloudDocs/Carnegie Mellon/15740/Proj/Mixture-of-Prefetchers/external/athena/config/mlop.ini' --l2c_prefetcher_types=spp_ppf_dev --config='/Users/barry/Library/Mobile Documents/com~apple~CloudDocs/Carnegie Mellon/15740/Proj/Mixture-of-Prefetchers/external/athena/config/spp_ppf_dev.ini' --l2c_prefetcher_force_prefetch_at_llc=true --mop_epoch_trace=results/stage1_pair_screen_1m_probe1_budget8192_MLOP_SPPplusPPF/runs/20260429T034359.626926Z-6dd5/epoch_logs/429.mcf-192B__AthenaMAB"
20260429T034359.626926Z-6dd5,450.soplex-92B,SPEC,train,Baseline,baseline,,,,,,,0.46407,1.0,0.9309514734498184,0.46407,0.49849,0.0,10900.0,10.9,0.0,0.0,0.0,0.0,0.0,0.0,0.0,0.0,0.0,0.0,0.0,0.0,0.0,0.0,0.0,0.0,0.0,0.0,0.0,0.0,30210.0,16532.0,0.0,0.0,0.0,6812.0,11927.0,0.0,6.58,2154858.0,1000000.0,500000,1000000,,,,,,,,stage1_pair_screen_1m,MacBookPro.fios-router.home,a778f3cbe9d6a9f3bd05580ec3a2cb3c45c4b342,4.526135,2026-04-29T03:44:59.075865+00:00,2026-04-29T03:45:03.602000+00:00,/Users/barry/Library/Mobile Documents/com~apple~CloudDocs/Carnegie Mellon/15740/Proj/Mixture-of-Prefetchers/artifacts/athena_traces/450.soplex-92B.champsimtrace.xz,results/stage1_pair_screen_1m_probe1_budget8192_MLOP_SPPplusPPF/runs/20260429T034359.626926Z-6dd5/logs/450.soplex-92B__Baseline.out,results/stage1_pair_screen_1m_probe1_budget8192_MLOP_SPPplusPPF/runs/20260429T034359.626926Z-6dd5/logs/450.soplex-92B__Baseline.err,results/stage1_pair_screen_1m_probe1_budget8192_MLOP_SPPplusPPF/runs/20260429T034359.626926Z-6dd5/metrics/450.soplex-92B__Baseline.json,,"--warmup_instructions=500000 --simulation_instructions=1000000 --llc_replacement_type=ship --config='/Users/barry/Library/Mobile Documents/com~apple~CloudDocs/Carnegie Mellon/15740/Proj/Mixture-of-Prefetchers/external/athena'/config/nopref.ini --rob_partition_size=64,128,320 --rob_frontal_partition_ids=0 --rob_dorsal_partition_ids=2 --dram_io_freq=400"
20260429T034359.626926Z-6dd5,450.soplex-92B,SPEC,train,MLOP,single,,,,,,,0.4698,1.0123472751955525,0.9424461874862083,0.46407,0.49849,1.0,10904.0,10.904,12178.0,12178.0,0.0,0.0,0.0,0.0,7843.0,12178.0,7843.0,0.6440302184266711,0.0,0.0,0.0,0.0,0.0,0.0,0.0,0.0,0.0,0.0,30214.0,16537.0,0.0,0.0,0.0,6433.0,17873.0,0.0,6.58,2128573.0,1000000.0,500000,1000000,,,,,,,,stage1_pair_screen_1m,MacBookPro.fios-router.home,a778f3cbe9d6a9f3bd05580ec3a2cb3c45c4b342,4.251763,2026-04-29T03:45:03.602077+00:00,2026-04-29T03:45:07.853840+00:00,/Users/barry/Library/Mobile Documents/com~apple~CloudDocs/Carnegie Mellon/15740/Proj/Mixture-of-Prefetchers/artifacts/athena_traces/450.soplex-92B.champsimtrace.xz,results/stage1_pair_screen_1m_probe1_budget8192_MLOP_SPPplusPPF/runs/20260429T034359.626926Z-6dd5/logs/450.soplex-92B__MLOP.out,results/stage1_pair_screen_1m_probe1_budget8192_MLOP_SPPplusPPF/runs/20260429T034359.626926Z-6dd5/logs/450.soplex-92B__MLOP.err,results/stage1_pair_screen_1m_probe1_budget8192_MLOP_SPPplusPPF/runs/20260429T034359.626926Z-6dd5/metrics/450.soplex-92B__MLOP.json,,"--warmup_instructions=500000 --simulation_instructions=1000000 --llc_replacement_type=ship --config='/Users/barry/Library/Mobile Documents/com~apple~CloudDocs/Carnegie Mellon/15740/Proj/Mixture-of-Prefetchers/external/athena'/config/nopref.ini --rob_partition_size=64,128,320 --rob_frontal_partition_ids=0 --rob_dorsal_partition_ids=2 --dram_io_freq=400 --l2c_prefetcher_types=mlop --config='/Users/barry/Library/Mobile Documents/com~apple~CloudDocs/Carnegie Mellon/15740/Proj/Mixture-of-Prefetchers/external/athena/config/mlop.ini' --l2c_prefetcher_force_prefetch_at_llc=true"
20260429T034359.626926Z-6dd5,450.soplex-92B,SPEC,train,SPP+PPF,single,,,,,,,0.49849,1.074169845066477,1.0,0.46407,0.49849,1.0,10899.0,10.899,22332.0,22332.0,0.0,0.0,0.0,0.0,3254.0,22332.0,3254.0,0.14571019165323304,0.0,0.0,0.0,0.0,0.0,0.0,0.0,0.0,0.0,0.0,30221.0,16519.0,0.0,0.0,0.0,6834.0,14070.0,0.0,6.58,2006068.0,1000000.0,500000,1000000,,,,,,,,stage1_pair_screen_1m,MacBookPro.fios-router.home,a778f3cbe9d6a9f3bd05580ec3a2cb3c45c4b342,4.403959,2026-04-29T03:45:07.853906+00:00,2026-04-29T03:45:12.257865+00:00,/Users/barry/Library/Mobile Documents/com~apple~CloudDocs/Carnegie Mellon/15740/Proj/Mixture-of-Prefetchers/artifacts/athena_traces/450.soplex-92B.champsimtrace.xz,results/stage1_pair_screen_1m_probe1_budget8192_MLOP_SPPplusPPF/runs/20260429T034359.626926Z-6dd5/logs/450.soplex-92B__SPPplusPPF.out,results/stage1_pair_screen_1m_probe1_budget8192_MLOP_SPPplusPPF/runs/20260429T034359.626926Z-6dd5/logs/450.soplex-92B__SPPplusPPF.err,results/stage1_pair_screen_1m_probe1_budget8192_MLOP_SPPplusPPF/runs/20260429T034359.626926Z-6dd5/metrics/450.soplex-92B__SPPplusPPF.json,,"--warmup_instructions=500000 --simulation_instructions=1000000 --llc_replacement_type=ship --config='/Users/barry/Library/Mobile Documents/com~apple~CloudDocs/Carnegie Mellon/15740/Proj/Mixture-of-Prefetchers/external/athena'/config/nopref.ini --rob_partition_size=64,128,320 --rob_frontal_partition_ids=0 --rob_dorsal_partition_ids=2 --dram_io_freq=400 --l2c_prefetcher_types=spp_ppf_dev --config='/Users/barry/Library/Mobile Documents/com~apple~CloudDocs/Carnegie Mellon/15740/Proj/Mixture-of-Prefetchers/external/athena/config/spp_ppf_dev.ini' --l2c_prefetcher_force_prefetch_at_llc=true"
20260429T034359.626926Z-6dd5,450.soplex-92B,SPEC,train,MoP-V0,router,MoP-V0,,,MLOP,SPP+PPF,1,0.48266,1.0400586118473507,0.9682440971734638,0.46407,0.49849,1.0,10901.0,10.901,14593.0,14593.0,0.0,0.0,0.0,0.0,2897.0,14593.0,2897.0,0.19851983827862674,6950.0,11676.0,5017.0,15113.0,9412.0,15164.0,3.0,3.0,0.7218705035971223,1.2943645083932853,30215.0,16533.0,0.0,0.0,0.0,6862.0,14345.0,0.0,6.58,2071869.0,1000000.0,500000,1000000,500000,8192,30,50,10,1,"1.0,0.25,1.0",stage1_pair_screen_1m,MacBookPro.fios-router.home,a778f3cbe9d6a9f3bd05580ec3a2cb3c45c4b342,4.651145,2026-04-29T03:45:12.257932+00:00,2026-04-29T03:45:16.909077+00:00,/Users/barry/Library/Mobile Documents/com~apple~CloudDocs/Carnegie Mellon/15740/Proj/Mixture-of-Prefetchers/artifacts/athena_traces/450.soplex-92B.champsimtrace.xz,results/stage1_pair_screen_1m_probe1_budget8192_MLOP_SPPplusPPF/runs/20260429T034359.626926Z-6dd5/logs/450.soplex-92B__MoP-V0.out,results/stage1_pair_screen_1m_probe1_budget8192_MLOP_SPPplusPPF/runs/20260429T034359.626926Z-6dd5/logs/450.soplex-92B__MoP-V0.err,results/stage1_pair_screen_1m_probe1_budget8192_MLOP_SPPplusPPF/runs/20260429T034359.626926Z-6dd5/metrics/450.soplex-92B__MoP-V0.json,results/stage1_pair_screen_1m_probe1_budget8192_MLOP_SPPplusPPF/runs/20260429T034359.626926Z-6dd5/epoch_logs/450.soplex-92B__MoP-V0,"--warmup_instructions=500000 --simulation_instructions=1000000 --llc_replacement_type=ship --config='/Users/barry/Library/Mobile Documents/com~apple~CloudDocs/Carnegie Mellon/15740/Proj/Mixture-of-Prefetchers/external/athena'/config/nopref.ini --rob_partition_size=64,128,320 --rob_frontal_partition_ids=0 --rob_dorsal_partition_ids=2 --dram_io_freq=400 --config='/Users/barry/Library/Mobile Documents/com~apple~CloudDocs/Carnegie Mellon/15740/Proj/Mixture-of-Prefetchers/external/athena/config/mop_lite.ini' --mop_router_type=4 --mop_seed=1 --l2c_prefetcher_types=mlop --config='/Users/barry/Library/Mobile Documents/com~apple~CloudDocs/Carnegie Mellon/15740/Proj/Mixture-of-Prefetchers/external/athena/config/mlop.ini' --l2c_prefetcher_types=spp_ppf_dev --config='/Users/barry/Library/Mobile Documents/com~apple~CloudDocs/Carnegie Mellon/15740/Proj/Mixture-of-Prefetchers/external/athena/config/spp_ppf_dev.ini' --l2c_prefetcher_force_prefetch_at_llc=true --mop_epoch_trace=results/stage1_pair_screen_1m_probe1_budget8192_MLOP_SPPplusPPF/runs/20260429T034359.626926Z-6dd5/epoch_logs/450.soplex-92B__MoP-V0 --mop_total_budget=8192 --mop_one_shot_epochs=1"
20260429T034359.626926Z-6dd5,450.soplex-92B,SPEC,train,MoP-V1.1,router,MoP-V1.1,,,MLOP,SPP+PPF,1,0.48289,1.0405542267330359,0.9687054905815563,0.46407,0.49849,1.0,10904.0,10.904,14594.0,14594.0,0.0,0.0,0.0,0.0,2901.0,14594.0,2901.0,0.1987803206797314,6953.0,11698.0,5017.0,15150.0,9410.0,15166.0,3.0,3.0,0.7215590392636272,1.2950931783210806,30214.0,16537.0,0.0,0.0,0.0,6969.0,14318.0,0.0,6.58,2070855.0,1000000.0,500000,1000000,500000,8192,30,50,10,1,"1.0,0.25,1.0",stage1_pair_screen_1m,MacBookPro.fios-router.home,a778f3cbe9d6a9f3bd05580ec3a2cb3c45c4b342,4.616827,2026-04-29T03:45:16.909163+00:00,2026-04-29T03:45:21.525990+00:00,/Users/barry/Library/Mobile Documents/com~apple~CloudDocs/Carnegie Mellon/15740/Proj/Mixture-of-Prefetchers/artifacts/athena_traces/450.soplex-92B.champsimtrace.xz,results/stage1_pair_screen_1m_probe1_budget8192_MLOP_SPPplusPPF/runs/20260429T034359.626926Z-6dd5/logs/450.soplex-92B__MoP-V1.1.out,results/stage1_pair_screen_1m_probe1_budget8192_MLOP_SPPplusPPF/runs/20260429T034359.626926Z-6dd5/logs/450.soplex-92B__MoP-V1.1.err,results/stage1_pair_screen_1m_probe1_budget8192_MLOP_SPPplusPPF/runs/20260429T034359.626926Z-6dd5/metrics/450.soplex-92B__MoP-V1.1.json,results/stage1_pair_screen_1m_probe1_budget8192_MLOP_SPPplusPPF/runs/20260429T034359.626926Z-6dd5/epoch_logs/450.soplex-92B__MoP-V1.1,"--warmup_instructions=500000 --simulation_instructions=1000000 --llc_replacement_type=ship --config='/Users/barry/Library/Mobile Documents/com~apple~CloudDocs/Carnegie Mellon/15740/Proj/Mixture-of-Prefetchers/external/athena'/config/nopref.ini --rob_partition_size=64,128,320 --rob_frontal_partition_ids=0 --rob_dorsal_partition_ids=2 --dram_io_freq=400 --config='/Users/barry/Library/Mobile Documents/com~apple~CloudDocs/Carnegie Mellon/15740/Proj/Mixture-of-Prefetchers/external/athena/config/mop_lite.ini' --mop_router_type=5 --mop_seed=1 --l2c_prefetcher_types=mlop --config='/Users/barry/Library/Mobile Documents/com~apple~CloudDocs/Carnegie Mellon/15740/Proj/Mixture-of-Prefetchers/external/athena/config/mlop.ini' --l2c_prefetcher_types=spp_ppf_dev --config='/Users/barry/Library/Mobile Documents/com~apple~CloudDocs/Carnegie Mellon/15740/Proj/Mixture-of-Prefetchers/external/athena/config/spp_ppf_dev.ini' --l2c_prefetcher_force_prefetch_at_llc=true --mop_epoch_trace=results/stage1_pair_screen_1m_probe1_budget8192_MLOP_SPPplusPPF/runs/20260429T034359.626926Z-6dd5/epoch_logs/450.soplex-92B__MoP-V1.1 --mop_total_budget=8192 --mop_one_shot_epochs=1"
20260429T034359.626926Z-6dd5,450.soplex-92B,SPEC,train,MoP-V1.2,router,MoP-V1.2,,,MLOP,SPP+PPF,1,0.49404,1.06458077445213,0.9910730405825593,0.46407,0.49849,1.0,10903.0,10.903,14249.0,14249.0,0.0,0.0,0.0,0.0,2514.0,14249.0,2514.0,0.17643343392518773,4096.0,13249.0,2758.0,16847.0,0.0,24576.0,0.0,3.0,0.67333984375,1.2715676654841874,30214.0,16536.0,0.0,0.0,0.0,6985.0,13724.0,0.0,6.58,2024109.0,1000000.0,500000,1000000,500000,8192,30,50,10,1,"1.0,0.25,1.0",stage1_pair_screen_1m,MacBookPro.fios-router.home,a778f3cbe9d6a9f3bd05580ec3a2cb3c45c4b342,4.381337,2026-04-29T03:45:21.526067+00:00,2026-04-29T03:45:25.907404+00:00,/Users/barry/Library/Mobile Documents/com~apple~CloudDocs/Carnegie Mellon/15740/Proj/Mixture-of-Prefetchers/artifacts/athena_traces/450.soplex-92B.champsimtrace.xz,results/stage1_pair_screen_1m_probe1_budget8192_MLOP_SPPplusPPF/runs/20260429T034359.626926Z-6dd5/logs/450.soplex-92B__MoP-V1.2.out,results/stage1_pair_screen_1m_probe1_budget8192_MLOP_SPPplusPPF/runs/20260429T034359.626926Z-6dd5/logs/450.soplex-92B__MoP-V1.2.err,results/stage1_pair_screen_1m_probe1_budget8192_MLOP_SPPplusPPF/runs/20260429T034359.626926Z-6dd5/metrics/450.soplex-92B__MoP-V1.2.json,results/stage1_pair_screen_1m_probe1_budget8192_MLOP_SPPplusPPF/runs/20260429T034359.626926Z-6dd5/epoch_logs/450.soplex-92B__MoP-V1.2,"--warmup_instructions=500000 --simulation_instructions=1000000 --llc_replacement_type=ship --config='/Users/barry/Library/Mobile Documents/com~apple~CloudDocs/Carnegie Mellon/15740/Proj/Mixture-of-Prefetchers/external/athena'/config/nopref.ini --rob_partition_size=64,128,320 --rob_frontal_partition_ids=0 --rob_dorsal_partition_ids=2 --dram_io_freq=400 --config='/Users/barry/Library/Mobile Documents/com~apple~CloudDocs/Carnegie Mellon/15740/Proj/Mixture-of-Prefetchers/external/athena/config/mop_lite.ini' --mop_router_type=6 --mop_seed=1 --l2c_prefetcher_types=mlop --config='/Users/barry/Library/Mobile Documents/com~apple~CloudDocs/Carnegie Mellon/15740/Proj/Mixture-of-Prefetchers/external/athena/config/mlop.ini' --l2c_prefetcher_types=spp_ppf_dev --config='/Users/barry/Library/Mobile Documents/com~apple~CloudDocs/Carnegie Mellon/15740/Proj/Mixture-of-Prefetchers/external/athena/config/spp_ppf_dev.ini' --l2c_prefetcher_force_prefetch_at_llc=true --mop_epoch_trace=results/stage1_pair_screen_1m_probe1_budget8192_MLOP_SPPplusPPF/runs/20260429T034359.626926Z-6dd5/epoch_logs/450.soplex-92B__MoP-V1.2 --mop_total_budget=8192 --mop_one_shot_epochs=1"
20260429T034359.626926Z-6dd5,450.soplex-92B,SPEC,train,WinnerTakeAll,router,WinnerTakeAll,,,MLOP,SPP+PPF,1,0.49343,1.0632663175813994,0.9898493450219663,0.46407,0.49849,1.0,10899.0,10.899,14223.0,14223.0,0.0,0.0,0.0,0.0,2512.0,14223.0,2512.0,0.17661534134852,4096.0,13269.0,2758.0,16866.0,0.0,24576.0,0.0,3.0,0.67333984375,1.271082975356093,30208.0,16532.0,0.0,0.0,0.0,7112.0,13761.0,0.0,6.58,2026625.0,1000000.0,500000,1000000,500000,8192,30,50,10,1,"1.0,0.25,1.0",stage1_pair_screen_1m,MacBookPro.fios-router.home,a778f3cbe9d6a9f3bd05580ec3a2cb3c45c4b342,4.486792,2026-04-29T03:45:25.907495+00:00,2026-04-29T03:45:30.394287+00:00,/Users/barry/Library/Mobile Documents/com~apple~CloudDocs/Carnegie Mellon/15740/Proj/Mixture-of-Prefetchers/artifacts/athena_traces/450.soplex-92B.champsimtrace.xz,results/stage1_pair_screen_1m_probe1_budget8192_MLOP_SPPplusPPF/runs/20260429T034359.626926Z-6dd5/logs/450.soplex-92B__WinnerTakeAll.out,results/stage1_pair_screen_1m_probe1_budget8192_MLOP_SPPplusPPF/runs/20260429T034359.626926Z-6dd5/logs/450.soplex-92B__WinnerTakeAll.err,results/stage1_pair_screen_1m_probe1_budget8192_MLOP_SPPplusPPF/runs/20260429T034359.626926Z-6dd5/metrics/450.soplex-92B__WinnerTakeAll.json,results/stage1_pair_screen_1m_probe1_budget8192_MLOP_SPPplusPPF/runs/20260429T034359.626926Z-6dd5/epoch_logs/450.soplex-92B__WinnerTakeAll,"--warmup_instructions=500000 --simulation_instructions=1000000 --llc_replacement_type=ship --config='/Users/barry/Library/Mobile Documents/com~apple~CloudDocs/Carnegie Mellon/15740/Proj/Mixture-of-Prefetchers/external/athena'/config/nopref.ini --rob_partition_size=64,128,320 --rob_frontal_partition_ids=0 --rob_dorsal_partition_ids=2 --dram_io_freq=400 --config='/Users/barry/Library/Mobile Documents/com~apple~CloudDocs/Carnegie Mellon/15740/Proj/Mixture-of-Prefetchers/external/athena/config/mop_lite.ini' --mop_router_type=1 --mop_seed=1 --l2c_prefetcher_types=mlop --config='/Users/barry/Library/Mobile Documents/com~apple~CloudDocs/Carnegie Mellon/15740/Proj/Mixture-of-Prefetchers/external/athena/config/mlop.ini' --l2c_prefetcher_types=spp_ppf_dev --config='/Users/barry/Library/Mobile Documents/com~apple~CloudDocs/Carnegie Mellon/15740/Proj/Mixture-of-Prefetchers/external/athena/config/spp_ppf_dev.ini' --l2c_prefetcher_force_prefetch_at_llc=true --mop_epoch_trace=results/stage1_pair_screen_1m_probe1_budget8192_MLOP_SPPplusPPF/runs/20260429T034359.626926Z-6dd5/epoch_logs/450.soplex-92B__WinnerTakeAll --mop_total_budget=8192 --mop_one_shot_epochs=1"
20260429T034359.626926Z-6dd5,450.soplex-92B,SPEC,train,OneShotFit,router,OneShotFit,,,MLOP,SPP+PPF,1,0.49238,1.0610037278858793,0.9877429838111096,0.46407,0.49849,1.0,10904.0,10.904,14201.0,14201.0,0.0,0.0,0.0,0.0,2482.0,14201.0,2482.0,0.1747764241954792,4096.0,13224.0,2758.0,16784.0,0.0,24576.0,0.0,3.0,0.67333984375,1.2692075015124018,30214.0,16537.0,0.0,0.0,0.0,7177.0,13713.0,0.0,6.58,2030955.0,1000000.0,500000,1000000,500000,8192,30,50,10,1,"1.0,0.25,1.0",stage1_pair_screen_1m,MacBookPro.fios-router.home,a778f3cbe9d6a9f3bd05580ec3a2cb3c45c4b342,4.550252,2026-04-29T03:45:30.394338+00:00,2026-04-29T03:45:34.944590+00:00,/Users/barry/Library/Mobile Documents/com~apple~CloudDocs/Carnegie Mellon/15740/Proj/Mixture-of-Prefetchers/artifacts/athena_traces/450.soplex-92B.champsimtrace.xz,results/stage1_pair_screen_1m_probe1_budget8192_MLOP_SPPplusPPF/runs/20260429T034359.626926Z-6dd5/logs/450.soplex-92B__OneShotFit.out,results/stage1_pair_screen_1m_probe1_budget8192_MLOP_SPPplusPPF/runs/20260429T034359.626926Z-6dd5/logs/450.soplex-92B__OneShotFit.err,results/stage1_pair_screen_1m_probe1_budget8192_MLOP_SPPplusPPF/runs/20260429T034359.626926Z-6dd5/metrics/450.soplex-92B__OneShotFit.json,results/stage1_pair_screen_1m_probe1_budget8192_MLOP_SPPplusPPF/runs/20260429T034359.626926Z-6dd5/epoch_logs/450.soplex-92B__OneShotFit,"--warmup_instructions=500000 --simulation_instructions=1000000 --llc_replacement_type=ship --config='/Users/barry/Library/Mobile Documents/com~apple~CloudDocs/Carnegie Mellon/15740/Proj/Mixture-of-Prefetchers/external/athena'/config/nopref.ini --rob_partition_size=64,128,320 --rob_frontal_partition_ids=0 --rob_dorsal_partition_ids=2 --dram_io_freq=400 --config='/Users/barry/Library/Mobile Documents/com~apple~CloudDocs/Carnegie Mellon/15740/Proj/Mixture-of-Prefetchers/external/athena/config/mop_lite.ini' --mop_router_type=3 --mop_seed=1 --l2c_prefetcher_types=mlop --config='/Users/barry/Library/Mobile Documents/com~apple~CloudDocs/Carnegie Mellon/15740/Proj/Mixture-of-Prefetchers/external/athena/config/mlop.ini' --l2c_prefetcher_types=spp_ppf_dev --config='/Users/barry/Library/Mobile Documents/com~apple~CloudDocs/Carnegie Mellon/15740/Proj/Mixture-of-Prefetchers/external/athena/config/spp_ppf_dev.ini' --l2c_prefetcher_force_prefetch_at_llc=true --mop_epoch_trace=results/stage1_pair_screen_1m_probe1_budget8192_MLOP_SPPplusPPF/runs/20260429T034359.626926Z-6dd5/epoch_logs/450.soplex-92B__OneShotFit --mop_total_budget=8192 --mop_one_shot_epochs=1"
20260429T034359.626926Z-6dd5,450.soplex-92B,SPEC,train,AthenaMAB,builtin,,,AthenaMAB,MLOP,SPP+PPF,,0.4646,1.0011420690844055,0.9320146843467272,0.46407,0.49849,1.0,10900.0,10.9,6016.0,6016.0,0.0,0.0,0.0,0.0,85.0,6016.0,85.0,0.014128989361702128,0.0,4156.0,0.0,5249.0,0.0,0.0,0.0,0.0,0.0,1.2629932627526468,30214.0,16533.0,0.0,0.0,0.0,6830.0,11983.0,0.0,6.58,2152397.0,1000000.0,500000,1000000,500000,,,,,,,stage1_pair_screen_1m,MacBookPro.fios-router.home,a778f3cbe9d6a9f3bd05580ec3a2cb3c45c4b342,4.641599,2026-04-29T03:45:34.944672+00:00,2026-04-29T03:45:39.586271+00:00,/Users/barry/Library/Mobile Documents/com~apple~CloudDocs/Carnegie Mellon/15740/Proj/Mixture-of-Prefetchers/artifacts/athena_traces/450.soplex-92B.champsimtrace.xz,results/stage1_pair_screen_1m_probe1_budget8192_MLOP_SPPplusPPF/runs/20260429T034359.626926Z-6dd5/logs/450.soplex-92B__AthenaMAB.out,results/stage1_pair_screen_1m_probe1_budget8192_MLOP_SPPplusPPF/runs/20260429T034359.626926Z-6dd5/logs/450.soplex-92B__AthenaMAB.err,results/stage1_pair_screen_1m_probe1_budget8192_MLOP_SPPplusPPF/runs/20260429T034359.626926Z-6dd5/metrics/450.soplex-92B__AthenaMAB.json,results/stage1_pair_screen_1m_probe1_budget8192_MLOP_SPPplusPPF/runs/20260429T034359.626926Z-6dd5/epoch_logs/450.soplex-92B__AthenaMAB,"--warmup_instructions=500000 --simulation_instructions=1000000 --llc_replacement_type=ship --config='/Users/barry/Library/Mobile Documents/com~apple~CloudDocs/Carnegie Mellon/15740/Proj/Mixture-of-Prefetchers/external/athena'/config/nopref.ini --rob_partition_size=64,128,320 --rob_frontal_partition_ids=0 --rob_dorsal_partition_ids=2 --dram_io_freq=400 --config='/Users/barry/Library/Mobile Documents/com~apple~CloudDocs/Carnegie Mellon/15740/Proj/Mixture-of-Prefetchers/external/athena/config/mop_lite_mab.ini' --l2c_prefetcher_types=mlop --config='/Users/barry/Library/Mobile Documents/com~apple~CloudDocs/Carnegie Mellon/15740/Proj/Mixture-of-Prefetchers/external/athena/config/mlop.ini' --l2c_prefetcher_types=spp_ppf_dev --config='/Users/barry/Library/Mobile Documents/com~apple~CloudDocs/Carnegie Mellon/15740/Proj/Mixture-of-Prefetchers/external/athena/config/spp_ppf_dev.ini' --l2c_prefetcher_force_prefetch_at_llc=true --mop_epoch_trace=results/stage1_pair_screen_1m_probe1_budget8192_MLOP_SPPplusPPF/runs/20260429T034359.626926Z-6dd5/epoch_logs/450.soplex-92B__AthenaMAB"
20260429T034359.626926Z-6dd5,parsec_2.1.fluidanimate.simlarge.prebuilt.drop_9500M.length_250M,PARSEC,train,Baseline,baseline,,,,,,,1.07869,1.0,0.9634257439891394,1.07869,1.11964,0.0,855.0,0.855,0.0,0.0,0.0,0.0,0.0,0.0,0.0,0.0,0.0,0.0,0.0,0.0,0.0,0.0,0.0,0.0,0.0,0.0,0.0,0.0,2051.0,855.0,0.0,0.0,0.0,93.0,420.0,0.0,9.09,927047.0,1000000.0,500000,1000000,,,,,,,,stage1_pair_screen_1m,MacBookPro.fios-router.home,a778f3cbe9d6a9f3bd05580ec3a2cb3c45c4b342,3.363069,2026-04-29T03:45:39.586350+00:00,2026-04-29T03:45:42.949419+00:00,/Users/barry/Library/Mobile Documents/com~apple~CloudDocs/Carnegie Mellon/15740/Proj/Mixture-of-Prefetchers/artifacts/athena_traces/parsec_2.1.fluidanimate.simlarge.prebuilt.drop_9500M.length_250M.champsimtrace.xz,results/stage1_pair_screen_1m_probe1_budget8192_MLOP_SPPplusPPF/runs/20260429T034359.626926Z-6dd5/logs/parsec_2.1.fluidanimate.simlarge.prebuilt.drop_9500M.length_250M__Baseline.out,results/stage1_pair_screen_1m_probe1_budget8192_MLOP_SPPplusPPF/runs/20260429T034359.626926Z-6dd5/logs/parsec_2.1.fluidanimate.simlarge.prebuilt.drop_9500M.length_250M__Baseline.err,results/stage1_pair_screen_1m_probe1_budget8192_MLOP_SPPplusPPF/runs/20260429T034359.626926Z-6dd5/metrics/parsec_2.1.fluidanimate.simlarge.prebuilt.drop_9500M.length_250M__Baseline.json,,"--warmup_instructions=500000 --simulation_instructions=1000000 --llc_replacement_type=ship --config='/Users/barry/Library/Mobile Documents/com~apple~CloudDocs/Carnegie Mellon/15740/Proj/Mixture-of-Prefetchers/external/athena'/config/nopref.ini --rob_partition_size=64,128,320 --rob_frontal_partition_ids=0 --rob_dorsal_partition_ids=2 --dram_io_freq=400"
20260429T034359.626926Z-6dd5,parsec_2.1.fluidanimate.simlarge.prebuilt.drop_9500M.length_250M,PARSEC,train,MLOP,single,,,,,,,1.11964,1.037962714032762,1.0,1.07869,1.11964,1.0,855.0,0.855,773.0,773.0,0.0,0.0,0.0,0.0,653.0,773.0,653.0,0.8447606727037517,0.0,0.0,0.0,0.0,0.0,0.0,0.0,0.0,0.0,0.0,2051.0,855.0,0.0,0.0,0.0,134.0,770.0,0.0,9.09,893145.0,1000000.0,500000,1000000,,,,,,,,stage1_pair_screen_1m,MacBookPro.fios-router.home,a778f3cbe9d6a9f3bd05580ec3a2cb3c45c4b342,3.582146,2026-04-29T03:45:42.949488+00:00,2026-04-29T03:45:46.531634+00:00,/Users/barry/Library/Mobile Documents/com~apple~CloudDocs/Carnegie Mellon/15740/Proj/Mixture-of-Prefetchers/artifacts/athena_traces/parsec_2.1.fluidanimate.simlarge.prebuilt.drop_9500M.length_250M.champsimtrace.xz,results/stage1_pair_screen_1m_probe1_budget8192_MLOP_SPPplusPPF/runs/20260429T034359.626926Z-6dd5/logs/parsec_2.1.fluidanimate.simlarge.prebuilt.drop_9500M.length_250M__MLOP.out,results/stage1_pair_screen_1m_probe1_budget8192_MLOP_SPPplusPPF/runs/20260429T034359.626926Z-6dd5/logs/parsec_2.1.fluidanimate.simlarge.prebuilt.drop_9500M.length_250M__MLOP.err,results/stage1_pair_screen_1m_probe1_budget8192_MLOP_SPPplusPPF/runs/20260429T034359.626926Z-6dd5/metrics/parsec_2.1.fluidanimate.simlarge.prebuilt.drop_9500M.length_250M__MLOP.json,,"--warmup_instructions=500000 --simulation_instructions=1000000 --llc_replacement_type=ship --config='/Users/barry/Library/Mobile Documents/com~apple~CloudDocs/Carnegie Mellon/15740/Proj/Mixture-of-Prefetchers/external/athena'/config/nopref.ini --rob_partition_size=64,128,320 --rob_frontal_partition_ids=0 --rob_dorsal_partition_ids=2 --dram_io_freq=400 --l2c_prefetcher_types=mlop --config='/Users/barry/Library/Mobile Documents/com~apple~CloudDocs/Carnegie Mellon/15740/Proj/Mixture-of-Prefetchers/external/athena/config/mlop.ini' --l2c_prefetcher_force_prefetch_at_llc=true"
20260429T034359.626926Z-6dd5,parsec_2.1.fluidanimate.simlarge.prebuilt.drop_9500M.length_250M,PARSEC,train,SPP+PPF,single,,,,,,,1.11048,1.029470932334591,0.9918187988996463,1.07869,1.11964,1.0,855.0,0.855,2172.0,2172.0,0.0,0.0,0.0,0.0,381.0,2172.0,381.0,0.17541436464088397,0.0,0.0,0.0,0.0,0.0,0.0,0.0,0.0,0.0,0.0,2051.0,855.0,0.0,0.0,0.0,197.0,517.0,0.0,9.09,900512.0,1000000.0,500000,1000000,,,,,,,,stage1_pair_screen_1m,MacBookPro.fios-router.home,a778f3cbe9d6a9f3bd05580ec3a2cb3c45c4b342,3.447574,2026-04-29T03:45:46.531702+00:00,2026-04-29T03:45:49.979276+00:00,/Users/barry/Library/Mobile Documents/com~apple~CloudDocs/Carnegie Mellon/15740/Proj/Mixture-of-Prefetchers/artifacts/athena_traces/parsec_2.1.fluidanimate.simlarge.prebuilt.drop_9500M.length_250M.champsimtrace.xz,results/stage1_pair_screen_1m_probe1_budget8192_MLOP_SPPplusPPF/runs/20260429T034359.626926Z-6dd5/logs/parsec_2.1.fluidanimate.simlarge.prebuilt.drop_9500M.length_250M__SPPplusPPF.out,results/stage1_pair_screen_1m_probe1_budget8192_MLOP_SPPplusPPF/runs/20260429T034359.626926Z-6dd5/logs/parsec_2.1.fluidanimate.simlarge.prebuilt.drop_9500M.length_250M__SPPplusPPF.err,results/stage1_pair_screen_1m_probe1_budget8192_MLOP_SPPplusPPF/runs/20260429T034359.626926Z-6dd5/metrics/parsec_2.1.fluidanimate.simlarge.prebuilt.drop_9500M.length_250M__SPPplusPPF.json,,"--warmup_instructions=500000 --simulation_instructions=1000000 --llc_replacement_type=ship --config='/Users/barry/Library/Mobile Documents/com~apple~CloudDocs/Carnegie Mellon/15740/Proj/Mixture-of-Prefetchers/external/athena'/config/nopref.ini --rob_partition_size=64,128,320 --rob_frontal_partition_ids=0 --rob_dorsal_partition_ids=2 --dram_io_freq=400 --l2c_prefetcher_types=spp_ppf_dev --config='/Users/barry/Library/Mobile Documents/com~apple~CloudDocs/Carnegie Mellon/15740/Proj/Mixture-of-Prefetchers/external/athena/config/spp_ppf_dev.ini' --l2c_prefetcher_force_prefetch_at_llc=true"
20260429T034359.626926Z-6dd5,parsec_2.1.fluidanimate.simlarge.prebuilt.drop_9500M.length_250M,PARSEC,train,MoP-V0,router,MoP-V0,,,MLOP,SPP+PPF,1,1.11989,1.0381944766336948,1.0002232860562323,1.07869,1.11964,1.0,855.0,0.855,2944.0,2944.0,0.0,0.0,0.0,0.0,693.0,2944.0,693.0,0.23539402173913043,1340.0,2629.0,1114.0,2354.0,16898.0,7678.0,3.0,3.0,0.8313432835820895,0.895397489539749,2051.0,855.0,0.0,0.0,0.0,246.0,803.0,0.0,9.09,892948.0,1000000.0,500000,1000000,500000,8192,30,50,10,1,"1.0,0.25,1.0",stage1_pair_screen_1m,MacBookPro.fios-router.home,a778f3cbe9d6a9f3bd05580ec3a2cb3c45c4b342,3.513173,2026-04-29T03:45:49.979337+00:00,2026-04-29T03:45:53.492510+00:00,/Users/barry/Library/Mobile Documents/com~apple~CloudDocs/Carnegie Mellon/15740/Proj/Mixture-of-Prefetchers/artifacts/athena_traces/parsec_2.1.fluidanimate.simlarge.prebuilt.drop_9500M.length_250M.champsimtrace.xz,results/stage1_pair_screen_1m_probe1_budget8192_MLOP_SPPplusPPF/runs/20260429T034359.626926Z-6dd5/logs/parsec_2.1.fluidanimate.simlarge.prebuilt.drop_9500M.length_250M__MoP-V0.out,results/stage1_pair_screen_1m_probe1_budget8192_MLOP_SPPplusPPF/runs/20260429T034359.626926Z-6dd5/logs/parsec_2.1.fluidanimate.simlarge.prebuilt.drop_9500M.length_250M__MoP-V0.err,results/stage1_pair_screen_1m_probe1_budget8192_MLOP_SPPplusPPF/runs/20260429T034359.626926Z-6dd5/metrics/parsec_2.1.fluidanimate.simlarge.prebuilt.drop_9500M.length_250M__MoP-V0.json,results/stage1_pair_screen_1m_probe1_budget8192_MLOP_SPPplusPPF/runs/20260429T034359.626926Z-6dd5/epoch_logs/parsec_2.1.fluidanimate.simlarge.prebuilt.drop_9500M.length_250M__MoP-V0,"--warmup_instructions=500000 --simulation_instructions=1000000 --llc_replacement_type=ship --config='/Users/barry/Library/Mobile Documents/com~apple~CloudDocs/Carnegie Mellon/15740/Proj/Mixture-of-Prefetchers/external/athena'/config/nopref.ini --rob_partition_size=64,128,320 --rob_frontal_partition_ids=0 --rob_dorsal_partition_ids=2 --dram_io_freq=400 --config='/Users/barry/Library/Mobile Documents/com~apple~CloudDocs/Carnegie Mellon/15740/Proj/Mixture-of-Prefetchers/external/athena/config/mop_lite.ini' --mop_router_type=4 --mop_seed=1 --l2c_prefetcher_types=mlop --config='/Users/barry/Library/Mobile Documents/com~apple~CloudDocs/Carnegie Mellon/15740/Proj/Mixture-of-Prefetchers/external/athena/config/mlop.ini' --l2c_prefetcher_types=spp_ppf_dev --config='/Users/barry/Library/Mobile Documents/com~apple~CloudDocs/Carnegie Mellon/15740/Proj/Mixture-of-Prefetchers/external/athena/config/spp_ppf_dev.ini' --l2c_prefetcher_force_prefetch_at_llc=true --mop_epoch_trace=results/stage1_pair_screen_1m_probe1_budget8192_MLOP_SPPplusPPF/runs/20260429T034359.626926Z-6dd5/epoch_logs/parsec_2.1.fluidanimate.simlarge.prebuilt.drop_9500M.length_250M__MoP-V0 --mop_total_budget=8192 --mop_one_shot_epochs=1"
20260429T034359.626926Z-6dd5,parsec_2.1.fluidanimate.simlarge.prebuilt.drop_9500M.length_250M,PARSEC,train,MoP-V1.1,router,MoP-V1.1,,,MLOP,SPP+PPF,1,1.12008,1.0383706162104034,1.0003929834589689,1.07869,1.11964,1.0,855.0,0.855,2933.0,2933.0,0.0,0.0,0.0,0.0,694.0,2933.0,694.0,0.23661779747698602,1340.0,2621.0,1114.0,2347.0,16873.0,7703.0,3.0,3.0,0.8313432835820895,0.8954597481877146,2051.0,855.0,0.0,0.0,0.0,243.0,805.0,0.0,9.09,892795.0,1000000.0,500000,1000000,500000,8192,30,50,10,1,"1.0,0.25,1.0",stage1_pair_screen_1m,MacBookPro.fios-router.home,a778f3cbe9d6a9f3bd05580ec3a2cb3c45c4b342,3.671712,2026-04-29T03:45:53.492579+00:00,2026-04-29T03:45:57.164291+00:00,/Users/barry/Library/Mobile Documents/com~apple~CloudDocs/Carnegie Mellon/15740/Proj/Mixture-of-Prefetchers/artifacts/athena_traces/parsec_2.1.fluidanimate.simlarge.prebuilt.drop_9500M.length_250M.champsimtrace.xz,results/stage1_pair_screen_1m_probe1_budget8192_MLOP_SPPplusPPF/runs/20260429T034359.626926Z-6dd5/logs/parsec_2.1.fluidanimate.simlarge.prebuilt.drop_9500M.length_250M__MoP-V1.1.out,results/stage1_pair_screen_1m_probe1_budget8192_MLOP_SPPplusPPF/runs/20260429T034359.626926Z-6dd5/logs/parsec_2.1.fluidanimate.simlarge.prebuilt.drop_9500M.length_250M__MoP-V1.1.err,results/stage1_pair_screen_1m_probe1_budget8192_MLOP_SPPplusPPF/runs/20260429T034359.626926Z-6dd5/metrics/parsec_2.1.fluidanimate.simlarge.prebuilt.drop_9500M.length_250M__MoP-V1.1.json,results/stage1_pair_screen_1m_probe1_budget8192_MLOP_SPPplusPPF/runs/20260429T034359.626926Z-6dd5/epoch_logs/parsec_2.1.fluidanimate.simlarge.prebuilt.drop_9500M.length_250M__MoP-V1.1,"--warmup_instructions=500000 --simulation_instructions=1000000 --llc_replacement_type=ship --config='/Users/barry/Library/Mobile Documents/com~apple~CloudDocs/Carnegie Mellon/15740/Proj/Mixture-of-Prefetchers/external/athena'/config/nopref.ini --rob_partition_size=64,128,320 --rob_frontal_partition_ids=0 --rob_dorsal_partition_ids=2 --dram_io_freq=400 --config='/Users/barry/Library/Mobile Documents/com~apple~CloudDocs/Carnegie Mellon/15740/Proj/Mixture-of-Prefetchers/external/athena/config/mop_lite.ini' --mop_router_type=5 --mop_seed=1 --l2c_prefetcher_types=mlop --config='/Users/barry/Library/Mobile Documents/com~apple~CloudDocs/Carnegie Mellon/15740/Proj/Mixture-of-Prefetchers/external/athena/config/mlop.ini' --l2c_prefetcher_types=spp_ppf_dev --config='/Users/barry/Library/Mobile Documents/com~apple~CloudDocs/Carnegie Mellon/15740/Proj/Mixture-of-Prefetchers/external/athena/config/spp_ppf_dev.ini' --l2c_prefetcher_force_prefetch_at_llc=true --mop_epoch_trace=results/stage1_pair_screen_1m_probe1_budget8192_MLOP_SPPplusPPF/runs/20260429T034359.626926Z-6dd5/epoch_logs/parsec_2.1.fluidanimate.simlarge.prebuilt.drop_9500M.length_250M__MoP-V1.1 --mop_total_budget=8192 --mop_one_shot_epochs=1"
20260429T034359.626926Z-6dd5,parsec_2.1.fluidanimate.simlarge.prebuilt.drop_9500M.length_250M,PARSEC,train,MoP-V1.2,router,MoP-V1.2,,,MLOP,SPP+PPF,1,1.11876,1.0371469096774792,0.9992140330820621,1.07869,1.11964,1.0,855.0,0.855,1450.0,1450.0,0.0,0.0,0.0,0.0,566.0,1450.0,566.0,0.3903448275862069,1024.0,1673.0,856.0,1482.0,16384.0,8192.0,2.0,1.0,0.8359375,0.885833831440526,2051.0,855.0,0.0,0.0,0.0,190.0,668.0,0.0,9.09,893843.0,1000000.0,500000,1000000,500000,8192,30,50,10,1,"1.0,0.25,1.0",stage1_pair_screen_1m,MacBookPro.fios-router.home,a778f3cbe9d6a9f3bd05580ec3a2cb3c45c4b342,3.781137,2026-04-29T03:45:57.164456+00:00,2026-04-29T03:46:00.945593+00:00,/Users/barry/Library/Mobile Documents/com~apple~CloudDocs/Carnegie Mellon/15740/Proj/Mixture-of-Prefetchers/artifacts/athena_traces/parsec_2.1.fluidanimate.simlarge.prebuilt.drop_9500M.length_250M.champsimtrace.xz,results/stage1_pair_screen_1m_probe1_budget8192_MLOP_SPPplusPPF/runs/20260429T034359.626926Z-6dd5/logs/parsec_2.1.fluidanimate.simlarge.prebuilt.drop_9500M.length_250M__MoP-V1.2.out,results/stage1_pair_screen_1m_probe1_budget8192_MLOP_SPPplusPPF/runs/20260429T034359.626926Z-6dd5/logs/parsec_2.1.fluidanimate.simlarge.prebuilt.drop_9500M.length_250M__MoP-V1.2.err,results/stage1_pair_screen_1m_probe1_budget8192_MLOP_SPPplusPPF/runs/20260429T034359.626926Z-6dd5/metrics/parsec_2.1.fluidanimate.simlarge.prebuilt.drop_9500M.length_250M__MoP-V1.2.json,results/stage1_pair_screen_1m_probe1_budget8192_MLOP_SPPplusPPF/runs/20260429T034359.626926Z-6dd5/epoch_logs/parsec_2.1.fluidanimate.simlarge.prebuilt.drop_9500M.length_250M__MoP-V1.2,"--warmup_instructions=500000 --simulation_instructions=1000000 --llc_replacement_type=ship --config='/Users/barry/Library/Mobile Documents/com~apple~CloudDocs/Carnegie Mellon/15740/Proj/Mixture-of-Prefetchers/external/athena'/config/nopref.ini --rob_partition_size=64,128,320 --rob_frontal_partition_ids=0 --rob_dorsal_partition_ids=2 --dram_io_freq=400 --config='/Users/barry/Library/Mobile Documents/com~apple~CloudDocs/Carnegie Mellon/15740/Proj/Mixture-of-Prefetchers/external/athena/config/mop_lite.ini' --mop_router_type=6 --mop_seed=1 --l2c_prefetcher_types=mlop --config='/Users/barry/Library/Mobile Documents/com~apple~CloudDocs/Carnegie Mellon/15740/Proj/Mixture-of-Prefetchers/external/athena/config/mlop.ini' --l2c_prefetcher_types=spp_ppf_dev --config='/Users/barry/Library/Mobile Documents/com~apple~CloudDocs/Carnegie Mellon/15740/Proj/Mixture-of-Prefetchers/external/athena/config/spp_ppf_dev.ini' --l2c_prefetcher_force_prefetch_at_llc=true --mop_epoch_trace=results/stage1_pair_screen_1m_probe1_budget8192_MLOP_SPPplusPPF/runs/20260429T034359.626926Z-6dd5/epoch_logs/parsec_2.1.fluidanimate.simlarge.prebuilt.drop_9500M.length_250M__MoP-V1.2 --mop_total_budget=8192 --mop_one_shot_epochs=1"
20260429T034359.626926Z-6dd5,parsec_2.1.fluidanimate.simlarge.prebuilt.drop_9500M.length_250M,PARSEC,train,WinnerTakeAll,router,WinnerTakeAll,,,MLOP,SPP+PPF,1,1.11726,1.0357563340718834,0.9978743167446679,1.07869,1.11964,1.0,855.0,0.855,1454.0,1454.0,0.0,0.0,0.0,0.0,568.0,1454.0,568.0,0.390646492434663,1024.0,1675.0,856.0,1483.0,16384.0,8192.0,2.0,1.0,0.8359375,0.8853731343283582,2051.0,855.0,0.0,0.0,0.0,213.0,670.0,0.0,9.09,895050.0,1000000.0,500000,1000000,500000,8192,30,50,10,1,"1.0,0.25,1.0",stage1_pair_screen_1m,MacBookPro.fios-router.home,a778f3cbe9d6a9f3bd05580ec3a2cb3c45c4b342,3.671116,2026-04-29T03:46:00.945660+00:00,2026-04-29T03:46:04.616776+00:00,/Users/barry/Library/Mobile Documents/com~apple~CloudDocs/Carnegie Mellon/15740/Proj/Mixture-of-Prefetchers/artifacts/athena_traces/parsec_2.1.fluidanimate.simlarge.prebuilt.drop_9500M.length_250M.champsimtrace.xz,results/stage1_pair_screen_1m_probe1_budget8192_MLOP_SPPplusPPF/runs/20260429T034359.626926Z-6dd5/logs/parsec_2.1.fluidanimate.simlarge.prebuilt.drop_9500M.length_250M__WinnerTakeAll.out,results/stage1_pair_screen_1m_probe1_budget8192_MLOP_SPPplusPPF/runs/20260429T034359.626926Z-6dd5/logs/parsec_2.1.fluidanimate.simlarge.prebuilt.drop_9500M.length_250M__WinnerTakeAll.err,results/stage1_pair_screen_1m_probe1_budget8192_MLOP_SPPplusPPF/runs/20260429T034359.626926Z-6dd5/metrics/parsec_2.1.fluidanimate.simlarge.prebuilt.drop_9500M.length_250M__WinnerTakeAll.json,results/stage1_pair_screen_1m_probe1_budget8192_MLOP_SPPplusPPF/runs/20260429T034359.626926Z-6dd5/epoch_logs/parsec_2.1.fluidanimate.simlarge.prebuilt.drop_9500M.length_250M__WinnerTakeAll,"--warmup_instructions=500000 --simulation_instructions=1000000 --llc_replacement_type=ship --config='/Users/barry/Library/Mobile Documents/com~apple~CloudDocs/Carnegie Mellon/15740/Proj/Mixture-of-Prefetchers/external/athena'/config/nopref.ini --rob_partition_size=64,128,320 --rob_frontal_partition_ids=0 --rob_dorsal_partition_ids=2 --dram_io_freq=400 --config='/Users/barry/Library/Mobile Documents/com~apple~CloudDocs/Carnegie Mellon/15740/Proj/Mixture-of-Prefetchers/external/athena/config/mop_lite.ini' --mop_router_type=1 --mop_seed=1 --l2c_prefetcher_types=mlop --config='/Users/barry/Library/Mobile Documents/com~apple~CloudDocs/Carnegie Mellon/15740/Proj/Mixture-of-Prefetchers/external/athena/config/mlop.ini' --l2c_prefetcher_types=spp_ppf_dev --config='/Users/barry/Library/Mobile Documents/com~apple~CloudDocs/Carnegie Mellon/15740/Proj/Mixture-of-Prefetchers/external/athena/config/spp_ppf_dev.ini' --l2c_prefetcher_force_prefetch_at_llc=true --mop_epoch_trace=results/stage1_pair_screen_1m_probe1_budget8192_MLOP_SPPplusPPF/runs/20260429T034359.626926Z-6dd5/epoch_logs/parsec_2.1.fluidanimate.simlarge.prebuilt.drop_9500M.length_250M__WinnerTakeAll --mop_total_budget=8192 --mop_one_shot_epochs=1"
20260429T034359.626926Z-6dd5,parsec_2.1.fluidanimate.simlarge.prebuilt.drop_9500M.length_250M,PARSEC,train,OneShotFit,router,OneShotFit,,,MLOP,SPP+PPF,1,1.11936,1.0377031399197174,0.9997499196170198,1.07869,1.11964,1.0,855.0,0.855,773.0,773.0,0.0,0.0,0.0,0.0,653.0,773.0,653.0,0.8447606727037517,1340.0,854.0,1114.0,775.0,24576.0,0.0,3.0,0.0,0.8313432835820895,0.9074941451990632,2051.0,855.0,0.0,0.0,0.0,135.0,769.0,0.0,9.09,893366.0,1000000.0,500000,1000000,500000,8192,30,50,10,1,"1.0,0.25,1.0",stage1_pair_screen_1m,MacBookPro.fios-router.home,a778f3cbe9d6a9f3bd05580ec3a2cb3c45c4b342,3.612864,2026-04-29T03:46:04.622241+00:00,2026-04-29T03:46:08.235105+00:00,/Users/barry/Library/Mobile Documents/com~apple~CloudDocs/Carnegie Mellon/15740/Proj/Mixture-of-Prefetchers/artifacts/athena_traces/parsec_2.1.fluidanimate.simlarge.prebuilt.drop_9500M.length_250M.champsimtrace.xz,results/stage1_pair_screen_1m_probe1_budget8192_MLOP_SPPplusPPF/runs/20260429T034359.626926Z-6dd5/logs/parsec_2.1.fluidanimate.simlarge.prebuilt.drop_9500M.length_250M__OneShotFit.out,results/stage1_pair_screen_1m_probe1_budget8192_MLOP_SPPplusPPF/runs/20260429T034359.626926Z-6dd5/logs/parsec_2.1.fluidanimate.simlarge.prebuilt.drop_9500M.length_250M__OneShotFit.err,results/stage1_pair_screen_1m_probe1_budget8192_MLOP_SPPplusPPF/runs/20260429T034359.626926Z-6dd5/metrics/parsec_2.1.fluidanimate.simlarge.prebuilt.drop_9500M.length_250M__OneShotFit.json,results/stage1_pair_screen_1m_probe1_budget8192_MLOP_SPPplusPPF/runs/20260429T034359.626926Z-6dd5/epoch_logs/parsec_2.1.fluidanimate.simlarge.prebuilt.drop_9500M.length_250M__OneShotFit,"--warmup_instructions=500000 --simulation_instructions=1000000 --llc_replacement_type=ship --config='/Users/barry/Library/Mobile Documents/com~apple~CloudDocs/Carnegie Mellon/15740/Proj/Mixture-of-Prefetchers/external/athena'/config/nopref.ini --rob_partition_size=64,128,320 --rob_frontal_partition_ids=0 --rob_dorsal_partition_ids=2 --dram_io_freq=400 --config='/Users/barry/Library/Mobile Documents/com~apple~CloudDocs/Carnegie Mellon/15740/Proj/Mixture-of-Prefetchers/external/athena/config/mop_lite.ini' --mop_router_type=3 --mop_seed=1 --l2c_prefetcher_types=mlop --config='/Users/barry/Library/Mobile Documents/com~apple~CloudDocs/Carnegie Mellon/15740/Proj/Mixture-of-Prefetchers/external/athena/config/mlop.ini' --l2c_prefetcher_types=spp_ppf_dev --config='/Users/barry/Library/Mobile Documents/com~apple~CloudDocs/Carnegie Mellon/15740/Proj/Mixture-of-Prefetchers/external/athena/config/spp_ppf_dev.ini' --l2c_prefetcher_force_prefetch_at_llc=true --mop_epoch_trace=results/stage1_pair_screen_1m_probe1_budget8192_MLOP_SPPplusPPF/runs/20260429T034359.626926Z-6dd5/epoch_logs/parsec_2.1.fluidanimate.simlarge.prebuilt.drop_9500M.length_250M__OneShotFit --mop_total_budget=8192 --mop_one_shot_epochs=1"
20260429T034359.626926Z-6dd5,parsec_2.1.fluidanimate.simlarge.prebuilt.drop_9500M.length_250M,PARSEC,train,AthenaMAB,builtin,,,AthenaMAB,MLOP,SPP+PPF,,1.09252,1.0128211070835922,0.9757779286199135,1.07869,1.11964,1.0,855.0,0.855,995.0,995.0,0.0,0.0,0.0,0.0,179.0,995.0,179.0,0.1798994974874372,0.0,820.0,0.0,707.0,0.0,0.0,0.0,0.0,0.0,0.8621951219512195,2051.0,855.0,0.0,0.0,0.0,166.0,477.0,0.0,9.09,915318.0,1000000.0,500000,1000000,500000,,,,,,,stage1_pair_screen_1m,MacBookPro.fios-router.home,a778f3cbe9d6a9f3bd05580ec3a2cb3c45c4b342,3.612967,2026-04-29T03:46:08.235157+00:00,2026-04-29T03:46:11.848124+00:00,/Users/barry/Library/Mobile Documents/com~apple~CloudDocs/Carnegie Mellon/15740/Proj/Mixture-of-Prefetchers/artifacts/athena_traces/parsec_2.1.fluidanimate.simlarge.prebuilt.drop_9500M.length_250M.champsimtrace.xz,results/stage1_pair_screen_1m_probe1_budget8192_MLOP_SPPplusPPF/runs/20260429T034359.626926Z-6dd5/logs/parsec_2.1.fluidanimate.simlarge.prebuilt.drop_9500M.length_250M__AthenaMAB.out,results/stage1_pair_screen_1m_probe1_budget8192_MLOP_SPPplusPPF/runs/20260429T034359.626926Z-6dd5/logs/parsec_2.1.fluidanimate.simlarge.prebuilt.drop_9500M.length_250M__AthenaMAB.err,results/stage1_pair_screen_1m_probe1_budget8192_MLOP_SPPplusPPF/runs/20260429T034359.626926Z-6dd5/metrics/parsec_2.1.fluidanimate.simlarge.prebuilt.drop_9500M.length_250M__AthenaMAB.json,results/stage1_pair_screen_1m_probe1_budget8192_MLOP_SPPplusPPF/runs/20260429T034359.626926Z-6dd5/epoch_logs/parsec_2.1.fluidanimate.simlarge.prebuilt.drop_9500M.length_250M__AthenaMAB,"--warmup_instructions=500000 --simulation_instructions=1000000 --llc_replacement_type=ship --config='/Users/barry/Library/Mobile Documents/com~apple~CloudDocs/Carnegie Mellon/15740/Proj/Mixture-of-Prefetchers/external/athena'/config/nopref.ini --rob_partition_size=64,128,320 --rob_frontal_partition_ids=0 --rob_dorsal_partition_ids=2 --dram_io_freq=400 --config='/Users/barry/Library/Mobile Documents/com~apple~CloudDocs/Carnegie Mellon/15740/Proj/Mixture-of-Prefetchers/external/athena/config/mop_lite_mab.ini' --l2c_prefetcher_types=mlop --config='/Users/barry/Library/Mobile Documents/com~apple~CloudDocs/Carnegie Mellon/15740/Proj/Mixture-of-Prefetchers/external/athena/config/mlop.ini' --l2c_prefetcher_types=spp_ppf_dev --config='/Users/barry/Library/Mobile Documents/com~apple~CloudDocs/Carnegie Mellon/15740/Proj/Mixture-of-Prefetchers/external/athena/config/spp_ppf_dev.ini' --l2c_prefetcher_force_prefetch_at_llc=true --mop_epoch_trace=results/stage1_pair_screen_1m_probe1_budget8192_MLOP_SPPplusPPF/runs/20260429T034359.626926Z-6dd5/epoch_logs/parsec_2.1.fluidanimate.simlarge.prebuilt.drop_9500M.length_250M__AthenaMAB"
20260429T034359.626926Z-6dd5,parsec_2.1.raytrace.simlarge.prebuilt.drop_23500M.length_250M,PARSEC,train,Baseline,baseline,,,,,,,1.63362,1.0,0.8428020141153164,1.63362,1.93832,0.0,2570.0,2.5699948600102798,0.0,0.0,0.0,0.0,0.0,0.0,0.0,0.0,0.0,0.0,0.0,0.0,0.0,0.0,0.0,0.0,0.0,0.0,0.0,0.0,3502.0,4355.0,0.0,0.0,0.0,856.0,1720.0,0.0,0.0,612140.0,1000002.0,500000,1000000,,,,,,,,stage1_pair_screen_1m,MacBookPro.fios-router.home,a778f3cbe9d6a9f3bd05580ec3a2cb3c45c4b342,4.321938,2026-04-29T03:46:11.848195+00:00,2026-04-29T03:46:16.170133+00:00,/Users/barry/Library/Mobile Documents/com~apple~CloudDocs/Carnegie Mellon/15740/Proj/Mixture-of-Prefetchers/artifacts/athena_traces/parsec_2.1.raytrace.simlarge.prebuilt.drop_23500M.length_250M.champsimtrace.xz,results/stage1_pair_screen_1m_probe1_budget8192_MLOP_SPPplusPPF/runs/20260429T034359.626926Z-6dd5/logs/parsec_2.1.raytrace.simlarge.prebuilt.drop_23500M.length_250M__Baseline.out,results/stage1_pair_screen_1m_probe1_budget8192_MLOP_SPPplusPPF/runs/20260429T034359.626926Z-6dd5/logs/parsec_2.1.raytrace.simlarge.prebuilt.drop_23500M.length_250M__Baseline.err,results/stage1_pair_screen_1m_probe1_budget8192_MLOP_SPPplusPPF/runs/20260429T034359.626926Z-6dd5/metrics/parsec_2.1.raytrace.simlarge.prebuilt.drop_23500M.length_250M__Baseline.json,,"--warmup_instructions=500000 --simulation_instructions=1000000 --llc_replacement_type=ship --config='/Users/barry/Library/Mobile Documents/com~apple~CloudDocs/Carnegie Mellon/15740/Proj/Mixture-of-Prefetchers/external/athena'/config/nopref.ini --rob_partition_size=64,128,320 --rob_frontal_partition_ids=0 --rob_dorsal_partition_ids=2 --dram_io_freq=400"
20260429T034359.626926Z-6dd5,parsec_2.1.raytrace.simlarge.prebuilt.drop_23500M.length_250M,PARSEC,train,MLOP,single,,,,,,,1.92857,1.180549944295491,0.9949698708159642,1.63362,1.93832,1.0,2570.0,2.57,2979.0,2979.0,0.0,0.0,0.0,0.0,2464.0,2979.0,2464.0,0.8271231957032561,0.0,0.0,0.0,0.0,0.0,0.0,0.0,0.0,0.0,0.0,3502.0,4355.0,0.0,0.0,0.0,913.0,3465.0,0.0,0.0,518520.0,1000000.0,500000,1000000,,,,,,,,stage1_pair_screen_1m,MacBookPro.fios-router.home,a778f3cbe9d6a9f3bd05580ec3a2cb3c45c4b342,3.190573,2026-04-29T03:46:16.170188+00:00,2026-04-29T03:46:19.360761+00:00,/Users/barry/Library/Mobile Documents/com~apple~CloudDocs/Carnegie Mellon/15740/Proj/Mixture-of-Prefetchers/artifacts/athena_traces/parsec_2.1.raytrace.simlarge.prebuilt.drop_23500M.length_250M.champsimtrace.xz,results/stage1_pair_screen_1m_probe1_budget8192_MLOP_SPPplusPPF/runs/20260429T034359.626926Z-6dd5/logs/parsec_2.1.raytrace.simlarge.prebuilt.drop_23500M.length_250M__MLOP.out,results/stage1_pair_screen_1m_probe1_budget8192_MLOP_SPPplusPPF/runs/20260429T034359.626926Z-6dd5/logs/parsec_2.1.raytrace.simlarge.prebuilt.drop_23500M.length_250M__MLOP.err,results/stage1_pair_screen_1m_probe1_budget8192_MLOP_SPPplusPPF/runs/20260429T034359.626926Z-6dd5/metrics/parsec_2.1.raytrace.simlarge.prebuilt.drop_23500M.length_250M__MLOP.json,,"--warmup_instructions=500000 --simulation_instructions=1000000 --llc_replacement_type=ship --config='/Users/barry/Library/Mobile Documents/com~apple~CloudDocs/Carnegie Mellon/15740/Proj/Mixture-of-Prefetchers/external/athena'/config/nopref.ini --rob_partition_size=64,128,320 --rob_frontal_partition_ids=0 --rob_dorsal_partition_ids=2 --dram_io_freq=400 --l2c_prefetcher_types=mlop --config='/Users/barry/Library/Mobile Documents/com~apple~CloudDocs/Carnegie Mellon/15740/Proj/Mixture-of-Prefetchers/external/athena/config/mlop.ini' --l2c_prefetcher_force_prefetch_at_llc=true"
20260429T034359.626926Z-6dd5,parsec_2.1.raytrace.simlarge.prebuilt.drop_23500M.length_250M,PARSEC,train,SPP+PPF,single,,,,,,,1.93832,1.1865182845459776,1.0,1.63362,1.93832,1.0,2570.0,2.57,2740.0,2740.0,0.0,0.0,0.0,0.0,2156.0,2740.0,2156.0,0.7868613138686131,0.0,0.0,0.0,0.0,0.0,0.0,0.0,0.0,0.0,0.0,3502.0,4355.0,0.0,0.0,0.0,898.0,2161.0,0.0,0.0,515911.0,1000000.0,500000,1000000,,,,,,,,stage1_pair_screen_1m,MacBookPro.fios-router.home,a778f3cbe9d6a9f3bd05580ec3a2cb3c45c4b342,3.509724,2026-04-29T03:46:19.360818+00:00,2026-04-29T03:46:22.870542+00:00,/Users/barry/Library/Mobile Documents/com~apple~CloudDocs/Carnegie Mellon/15740/Proj/Mixture-of-Prefetchers/artifacts/athena_traces/parsec_2.1.raytrace.simlarge.prebuilt.drop_23500M.length_250M.champsimtrace.xz,results/stage1_pair_screen_1m_probe1_budget8192_MLOP_SPPplusPPF/runs/20260429T034359.626926Z-6dd5/logs/parsec_2.1.raytrace.simlarge.prebuilt.drop_23500M.length_250M__SPPplusPPF.out,results/stage1_pair_screen_1m_probe1_budget8192_MLOP_SPPplusPPF/runs/20260429T034359.626926Z-6dd5/logs/parsec_2.1.raytrace.simlarge.prebuilt.drop_23500M.length_250M__SPPplusPPF.err,results/stage1_pair_screen_1m_probe1_budget8192_MLOP_SPPplusPPF/runs/20260429T034359.626926Z-6dd5/metrics/parsec_2.1.raytrace.simlarge.prebuilt.drop_23500M.length_250M__SPPplusPPF.json,,"--warmup_instructions=500000 --simulation_instructions=1000000 --llc_replacement_type=ship --config='/Users/barry/Library/Mobile Documents/com~apple~CloudDocs/Carnegie Mellon/15740/Proj/Mixture-of-Prefetchers/external/athena'/config/nopref.ini --rob_partition_size=64,128,320 --rob_frontal_partition_ids=0 --rob_dorsal_partition_ids=2 --dram_io_freq=400 --l2c_prefetcher_types=spp_ppf_dev --config='/Users/barry/Library/Mobile Documents/com~apple~CloudDocs/Carnegie Mellon/15740/Proj/Mixture-of-Prefetchers/external/athena/config/spp_ppf_dev.ini' --l2c_prefetcher_force_prefetch_at_llc=true"
20260429T034359.626926Z-6dd5,parsec_2.1.raytrace.simlarge.prebuilt.drop_23500M.length_250M,PARSEC,train,MoP-V0,router,MoP-V0,,,MLOP,SPP+PPF,1,1.92864,1.180592793917802,0.9950059845639522,1.63362,1.93832,1.0,2570.0,2.57,5708.0,5708.0,0.0,0.0,0.0,0.0,2463.0,5708.0,2463.0,0.43149964961457604,4330.0,3718.0,3350.0,3580.0,8168.0,16408.0,3.0,3.0,0.7736720554272517,0.9628832705755783,3502.0,4355.0,0.0,0.0,0.0,864.0,3466.0,0.0,0.0,518500.0,1000000.0,500000,1000000,500000,8192,30,50,10,1,"1.0,0.25,1.0",stage1_pair_screen_1m,MacBookPro.fios-router.home,a778f3cbe9d6a9f3bd05580ec3a2cb3c45c4b342,3.415681,2026-04-29T03:46:22.870598+00:00,2026-04-29T03:46:26.286279+00:00,/Users/barry/Library/Mobile Documents/com~apple~CloudDocs/Carnegie Mellon/15740/Proj/Mixture-of-Prefetchers/artifacts/athena_traces/parsec_2.1.raytrace.simlarge.prebuilt.drop_23500M.length_250M.champsimtrace.xz,results/stage1_pair_screen_1m_probe1_budget8192_MLOP_SPPplusPPF/runs/20260429T034359.626926Z-6dd5/logs/parsec_2.1.raytrace.simlarge.prebuilt.drop_23500M.length_250M__MoP-V0.out,results/stage1_pair_screen_1m_probe1_budget8192_MLOP_SPPplusPPF/runs/20260429T034359.626926Z-6dd5/logs/parsec_2.1.raytrace.simlarge.prebuilt.drop_23500M.length_250M__MoP-V0.err,results/stage1_pair_screen_1m_probe1_budget8192_MLOP_SPPplusPPF/runs/20260429T034359.626926Z-6dd5/metrics/parsec_2.1.raytrace.simlarge.prebuilt.drop_23500M.length_250M__MoP-V0.json,results/stage1_pair_screen_1m_probe1_budget8192_MLOP_SPPplusPPF/runs/20260429T034359.626926Z-6dd5/epoch_logs/parsec_2.1.raytrace.simlarge.prebuilt.drop_23500M.length_250M__MoP-V0,"--warmup_instructions=500000 --simulation_instructions=1000000 --llc_replacement_type=ship --config='/Users/barry/Library/Mobile Documents/com~apple~CloudDocs/Carnegie Mellon/15740/Proj/Mixture-of-Prefetchers/external/athena'/config/nopref.ini --rob_partition_size=64,128,320 --rob_frontal_partition_ids=0 --rob_dorsal_partition_ids=2 --dram_io_freq=400 --config='/Users/barry/Library/Mobile Documents/com~apple~CloudDocs/Carnegie Mellon/15740/Proj/Mixture-of-Prefetchers/external/athena/config/mop_lite.ini' --mop_router_type=4 --mop_seed=1 --l2c_prefetcher_types=mlop --config='/Users/barry/Library/Mobile Documents/com~apple~CloudDocs/Carnegie Mellon/15740/Proj/Mixture-of-Prefetchers/external/athena/config/mlop.ini' --l2c_prefetcher_types=spp_ppf_dev --config='/Users/barry/Library/Mobile Documents/com~apple~CloudDocs/Carnegie Mellon/15740/Proj/Mixture-of-Prefetchers/external/athena/config/spp_ppf_dev.ini' --l2c_prefetcher_force_prefetch_at_llc=true --mop_epoch_trace=results/stage1_pair_screen_1m_probe1_budget8192_MLOP_SPPplusPPF/runs/20260429T034359.626926Z-6dd5/epoch_logs/parsec_2.1.raytrace.simlarge.prebuilt.drop_23500M.length_250M__MoP-V0 --mop_total_budget=8192 --mop_one_shot_epochs=1"
20260429T034359.626926Z-6dd5,parsec_2.1.raytrace.simlarge.prebuilt.drop_23500M.length_250M,PARSEC,train,MoP-V1.1,router,MoP-V1.1,,,MLOP,SPP+PPF,1,1.92707,1.1796317381031085,0.9941960047876511,1.63362,1.93832,1.0,2570.0,2.57,5717.0,5717.0,0.0,0.0,0.0,0.0,2464.0,5717.0,2464.0,0.43099527724330944,4330.0,3726.0,3350.0,3588.0,8182.0,16394.0,3.0,3.0,0.7736720554272517,0.9629629629629629,3502.0,4355.0,0.0,0.0,0.0,905.0,3477.0,0.0,0.0,518922.0,1000000.0,500000,1000000,500000,8192,30,50,10,1,"1.0,0.25,1.0",stage1_pair_screen_1m,MacBookPro.fios-router.home,a778f3cbe9d6a9f3bd05580ec3a2cb3c45c4b342,3.331188,2026-04-29T03:46:26.286349+00:00,2026-04-29T03:46:29.617537+00:00,/Users/barry/Library/Mobile Documents/com~apple~CloudDocs/Carnegie Mellon/15740/Proj/Mixture-of-Prefetchers/artifacts/athena_traces/parsec_2.1.raytrace.simlarge.prebuilt.drop_23500M.length_250M.champsimtrace.xz,results/stage1_pair_screen_1m_probe1_budget8192_MLOP_SPPplusPPF/runs/20260429T034359.626926Z-6dd5/logs/parsec_2.1.raytrace.simlarge.prebuilt.drop_23500M.length_250M__MoP-V1.1.out,results/stage1_pair_screen_1m_probe1_budget8192_MLOP_SPPplusPPF/runs/20260429T034359.626926Z-6dd5/logs/parsec_2.1.raytrace.simlarge.prebuilt.drop_23500M.length_250M__MoP-V1.1.err,results/stage1_pair_screen_1m_probe1_budget8192_MLOP_SPPplusPPF/runs/20260429T034359.626926Z-6dd5/metrics/parsec_2.1.raytrace.simlarge.prebuilt.drop_23500M.length_250M__MoP-V1.1.json,results/stage1_pair_screen_1m_probe1_budget8192_MLOP_SPPplusPPF/runs/20260429T034359.626926Z-6dd5/epoch_logs/parsec_2.1.raytrace.simlarge.prebuilt.drop_23500M.length_250M__MoP-V1.1,"--warmup_instructions=500000 --simulation_instructions=1000000 --llc_replacement_type=ship --config='/Users/barry/Library/Mobile Documents/com~apple~CloudDocs/Carnegie Mellon/15740/Proj/Mixture-of-Prefetchers/external/athena'/config/nopref.ini --rob_partition_size=64,128,320 --rob_frontal_partition_ids=0 --rob_dorsal_partition_ids=2 --dram_io_freq=400 --config='/Users/barry/Library/Mobile Documents/com~apple~CloudDocs/Carnegie Mellon/15740/Proj/Mixture-of-Prefetchers/external/athena/config/mop_lite.ini' --mop_router_type=5 --mop_seed=1 --l2c_prefetcher_types=mlop --config='/Users/barry/Library/Mobile Documents/com~apple~CloudDocs/Carnegie Mellon/15740/Proj/Mixture-of-Prefetchers/external/athena/config/mlop.ini' --l2c_prefetcher_types=spp_ppf_dev --config='/Users/barry/Library/Mobile Documents/com~apple~CloudDocs/Carnegie Mellon/15740/Proj/Mixture-of-Prefetchers/external/athena/config/spp_ppf_dev.ini' --l2c_prefetcher_force_prefetch_at_llc=true --mop_epoch_trace=results/stage1_pair_screen_1m_probe1_budget8192_MLOP_SPPplusPPF/runs/20260429T034359.626926Z-6dd5/epoch_logs/parsec_2.1.raytrace.simlarge.prebuilt.drop_23500M.length_250M__MoP-V1.1 --mop_total_budget=8192 --mop_one_shot_epochs=1"
20260429T034359.626926Z-6dd5,parsec_2.1.raytrace.simlarge.prebuilt.drop_23500M.length_250M,PARSEC,train,MoP-V1.2,router,MoP-V1.2,,,MLOP,SPP+PPF,1,1.95422,1.1962512701852328,1.0082029799001198,1.63362,1.93832,1.0,2570.0,2.57,2700.0,2700.0,0.0,0.0,0.0,0.0,2209.0,2700.0,2209.0,0.8181481481481482,2598.0,2494.0,1995.0,2417.0,8192.0,16384.0,1.0,2.0,0.7678983833718245,0.9691259021651965,3502.0,4354.0,0.0,0.0,0.0,809.0,2729.0,0.0,0.0,511714.0,1000000.0,500000,1000000,500000,8192,30,50,10,1,"1.0,0.25,1.0",stage1_pair_screen_1m,MacBookPro.fios-router.home,a778f3cbe9d6a9f3bd05580ec3a2cb3c45c4b342,3.457331,2026-04-29T03:46:29.617599+00:00,2026-04-29T03:46:33.074930+00:00,/Users/barry/Library/Mobile Documents/com~apple~CloudDocs/Carnegie Mellon/15740/Proj/Mixture-of-Prefetchers/artifacts/athena_traces/parsec_2.1.raytrace.simlarge.prebuilt.drop_23500M.length_250M.champsimtrace.xz,results/stage1_pair_screen_1m_probe1_budget8192_MLOP_SPPplusPPF/runs/20260429T034359.626926Z-6dd5/logs/parsec_2.1.raytrace.simlarge.prebuilt.drop_23500M.length_250M__MoP-V1.2.out,results/stage1_pair_screen_1m_probe1_budget8192_MLOP_SPPplusPPF/runs/20260429T034359.626926Z-6dd5/logs/parsec_2.1.raytrace.simlarge.prebuilt.drop_23500M.length_250M__MoP-V1.2.err,results/stage1_pair_screen_1m_probe1_budget8192_MLOP_SPPplusPPF/runs/20260429T034359.626926Z-6dd5/metrics/parsec_2.1.raytrace.simlarge.prebuilt.drop_23500M.length_250M__MoP-V1.2.json,results/stage1_pair_screen_1m_probe1_budget8192_MLOP_SPPplusPPF/runs/20260429T034359.626926Z-6dd5/epoch_logs/parsec_2.1.raytrace.simlarge.prebuilt.drop_23500M.length_250M__MoP-V1.2,"--warmup_instructions=500000 --simulation_instructions=1000000 --llc_replacement_type=ship --config='/Users/barry/Library/Mobile Documents/com~apple~CloudDocs/Carnegie Mellon/15740/Proj/Mixture-of-Prefetchers/external/athena'/config/nopref.ini --rob_partition_size=64,128,320 --rob_frontal_partition_ids=0 --rob_dorsal_partition_ids=2 --dram_io_freq=400 --config='/Users/barry/Library/Mobile Documents/com~apple~CloudDocs/Carnegie Mellon/15740/Proj/Mixture-of-Prefetchers/external/athena/config/mop_lite.ini' --mop_router_type=6 --mop_seed=1 --l2c_prefetcher_types=mlop --config='/Users/barry/Library/Mobile Documents/com~apple~CloudDocs/Carnegie Mellon/15740/Proj/Mixture-of-Prefetchers/external/athena/config/mlop.ini' --l2c_prefetcher_types=spp_ppf_dev --config='/Users/barry/Library/Mobile Documents/com~apple~CloudDocs/Carnegie Mellon/15740/Proj/Mixture-of-Prefetchers/external/athena/config/spp_ppf_dev.ini' --l2c_prefetcher_force_prefetch_at_llc=true --mop_epoch_trace=results/stage1_pair_screen_1m_probe1_budget8192_MLOP_SPPplusPPF/runs/20260429T034359.626926Z-6dd5/epoch_logs/parsec_2.1.raytrace.simlarge.prebuilt.drop_23500M.length_250M__MoP-V1.2 --mop_total_budget=8192 --mop_one_shot_epochs=1"
20260429T034359.626926Z-6dd5,parsec_2.1.raytrace.simlarge.prebuilt.drop_23500M.length_250M,PARSEC,train,WinnerTakeAll,router,WinnerTakeAll,,,MLOP,SPP+PPF,1,1.93804,1.1863468860567328,0.9998555450080482,1.63362,1.93832,1.0,2570.0,2.57,2704.0,2704.0,0.0,0.0,0.0,0.0,2198.0,2704.0,2198.0,0.8128698224852071,2598.0,2496.0,1995.0,2419.0,8192.0,16384.0,1.0,2.0,0.7678983833718245,0.9691506410256411,3502.0,4355.0,0.0,0.0,0.0,1110.0,2715.0,0.0,0.0,515985.0,1000000.0,500000,1000000,500000,8192,30,50,10,1,"1.0,0.25,1.0",stage1_pair_screen_1m,MacBookPro.fios-router.home,a778f3cbe9d6a9f3bd05580ec3a2cb3c45c4b342,3.401984,2026-04-29T03:46:33.074986+00:00,2026-04-29T03:46:36.476970+00:00,/Users/barry/Library/Mobile Documents/com~apple~CloudDocs/Carnegie Mellon/15740/Proj/Mixture-of-Prefetchers/artifacts/athena_traces/parsec_2.1.raytrace.simlarge.prebuilt.drop_23500M.length_250M.champsimtrace.xz,results/stage1_pair_screen_1m_probe1_budget8192_MLOP_SPPplusPPF/runs/20260429T034359.626926Z-6dd5/logs/parsec_2.1.raytrace.simlarge.prebuilt.drop_23500M.length_250M__WinnerTakeAll.out,results/stage1_pair_screen_1m_probe1_budget8192_MLOP_SPPplusPPF/runs/20260429T034359.626926Z-6dd5/logs/parsec_2.1.raytrace.simlarge.prebuilt.drop_23500M.length_250M__WinnerTakeAll.err,results/stage1_pair_screen_1m_probe1_budget8192_MLOP_SPPplusPPF/runs/20260429T034359.626926Z-6dd5/metrics/parsec_2.1.raytrace.simlarge.prebuilt.drop_23500M.length_250M__WinnerTakeAll.json,results/stage1_pair_screen_1m_probe1_budget8192_MLOP_SPPplusPPF/runs/20260429T034359.626926Z-6dd5/epoch_logs/parsec_2.1.raytrace.simlarge.prebuilt.drop_23500M.length_250M__WinnerTakeAll,"--warmup_instructions=500000 --simulation_instructions=1000000 --llc_replacement_type=ship --config='/Users/barry/Library/Mobile Documents/com~apple~CloudDocs/Carnegie Mellon/15740/Proj/Mixture-of-Prefetchers/external/athena'/config/nopref.ini --rob_partition_size=64,128,320 --rob_frontal_partition_ids=0 --rob_dorsal_partition_ids=2 --dram_io_freq=400 --config='/Users/barry/Library/Mobile Documents/com~apple~CloudDocs/Carnegie Mellon/15740/Proj/Mixture-of-Prefetchers/external/athena/config/mop_lite.ini' --mop_router_type=1 --mop_seed=1 --l2c_prefetcher_types=mlop --config='/Users/barry/Library/Mobile Documents/com~apple~CloudDocs/Carnegie Mellon/15740/Proj/Mixture-of-Prefetchers/external/athena/config/mlop.ini' --l2c_prefetcher_types=spp_ppf_dev --config='/Users/barry/Library/Mobile Documents/com~apple~CloudDocs/Carnegie Mellon/15740/Proj/Mixture-of-Prefetchers/external/athena/config/spp_ppf_dev.ini' --l2c_prefetcher_force_prefetch_at_llc=true --mop_epoch_trace=results/stage1_pair_screen_1m_probe1_budget8192_MLOP_SPPplusPPF/runs/20260429T034359.626926Z-6dd5/epoch_logs/parsec_2.1.raytrace.simlarge.prebuilt.drop_23500M.length_250M__WinnerTakeAll --mop_total_budget=8192 --mop_one_shot_epochs=1"
20260429T034359.626926Z-6dd5,parsec_2.1.raytrace.simlarge.prebuilt.drop_23500M.length_250M,PARSEC,train,OneShotFit,router,OneShotFit,,,MLOP,SPP+PPF,1,1.95322,1.1956391327236444,1.0076870692145776,1.63362,1.93832,1.0,2570.0,2.57,2751.0,2751.0,0.0,0.0,0.0,0.0,2192.0,2751.0,2192.0,0.7968011632133769,1352.0,3720.0,1003.0,3582.0,0.0,24576.0,0.0,3.0,0.7418639053254438,0.9629032258064516,3502.0,4355.0,0.0,0.0,0.0,812.0,2053.0,0.0,0.0,511974.0,1000000.0,500000,1000000,500000,8192,30,50,10,1,"1.0,0.25,1.0",stage1_pair_screen_1m,MacBookPro.fios-router.home,a778f3cbe9d6a9f3bd05580ec3a2cb3c45c4b342,3.213083,2026-04-29T03:46:36.477021+00:00,2026-04-29T03:46:39.690104+00:00,/Users/barry/Library/Mobile Documents/com~apple~CloudDocs/Carnegie Mellon/15740/Proj/Mixture-of-Prefetchers/artifacts/athena_traces/parsec_2.1.raytrace.simlarge.prebuilt.drop_23500M.length_250M.champsimtrace.xz,results/stage1_pair_screen_1m_probe1_budget8192_MLOP_SPPplusPPF/runs/20260429T034359.626926Z-6dd5/logs/parsec_2.1.raytrace.simlarge.prebuilt.drop_23500M.length_250M__OneShotFit.out,results/stage1_pair_screen_1m_probe1_budget8192_MLOP_SPPplusPPF/runs/20260429T034359.626926Z-6dd5/logs/parsec_2.1.raytrace.simlarge.prebuilt.drop_23500M.length_250M__OneShotFit.err,results/stage1_pair_screen_1m_probe1_budget8192_MLOP_SPPplusPPF/runs/20260429T034359.626926Z-6dd5/metrics/parsec_2.1.raytrace.simlarge.prebuilt.drop_23500M.length_250M__OneShotFit.json,results/stage1_pair_screen_1m_probe1_budget8192_MLOP_SPPplusPPF/runs/20260429T034359.626926Z-6dd5/epoch_logs/parsec_2.1.raytrace.simlarge.prebuilt.drop_23500M.length_250M__OneShotFit,"--warmup_instructions=500000 --simulation_instructions=1000000 --llc_replacement_type=ship --config='/Users/barry/Library/Mobile Documents/com~apple~CloudDocs/Carnegie Mellon/15740/Proj/Mixture-of-Prefetchers/external/athena'/config/nopref.ini --rob_partition_size=64,128,320 --rob_frontal_partition_ids=0 --rob_dorsal_partition_ids=2 --dram_io_freq=400 --config='/Users/barry/Library/Mobile Documents/com~apple~CloudDocs/Carnegie Mellon/15740/Proj/Mixture-of-Prefetchers/external/athena/config/mop_lite.ini' --mop_router_type=3 --mop_seed=1 --l2c_prefetcher_types=mlop --config='/Users/barry/Library/Mobile Documents/com~apple~CloudDocs/Carnegie Mellon/15740/Proj/Mixture-of-Prefetchers/external/athena/config/mlop.ini' --l2c_prefetcher_types=spp_ppf_dev --config='/Users/barry/Library/Mobile Documents/com~apple~CloudDocs/Carnegie Mellon/15740/Proj/Mixture-of-Prefetchers/external/athena/config/spp_ppf_dev.ini' --l2c_prefetcher_force_prefetch_at_llc=true --mop_epoch_trace=results/stage1_pair_screen_1m_probe1_budget8192_MLOP_SPPplusPPF/runs/20260429T034359.626926Z-6dd5/epoch_logs/parsec_2.1.raytrace.simlarge.prebuilt.drop_23500M.length_250M__OneShotFit --mop_total_budget=8192 --mop_one_shot_epochs=1"
20260429T034359.626926Z-6dd5,parsec_2.1.raytrace.simlarge.prebuilt.drop_23500M.length_250M,PARSEC,train,AthenaMAB,builtin,,,AthenaMAB,MLOP,SPP+PPF,,1.72354,1.0550434005460265,0.8891927029592637,1.63362,1.93832,1.0,2570.0,2.57,1290.0,1290.0,0.0,0.0,0.0,0.0,982.0,1290.0,982.0,0.7612403100775194,0.0,1224.0,0.0,1164.0,0.0,0.0,0.0,0.0,0.0,0.9509803921568627,3502.0,4355.0,0.0,0.0,0.0,829.0,1832.0,0.0,0.0,580200.0,1000000.0,500000,1000000,500000,,,,,,,stage1_pair_screen_1m,MacBookPro.fios-router.home,a778f3cbe9d6a9f3bd05580ec3a2cb3c45c4b342,3.652727,2026-04-29T03:46:39.690172+00:00,2026-04-29T03:46:43.342899+00:00,/Users/barry/Library/Mobile Documents/com~apple~CloudDocs/Carnegie Mellon/15740/Proj/Mixture-of-Prefetchers/artifacts/athena_traces/parsec_2.1.raytrace.simlarge.prebuilt.drop_23500M.length_250M.champsimtrace.xz,results/stage1_pair_screen_1m_probe1_budget8192_MLOP_SPPplusPPF/runs/20260429T034359.626926Z-6dd5/logs/parsec_2.1.raytrace.simlarge.prebuilt.drop_23500M.length_250M__AthenaMAB.out,results/stage1_pair_screen_1m_probe1_budget8192_MLOP_SPPplusPPF/runs/20260429T034359.626926Z-6dd5/logs/parsec_2.1.raytrace.simlarge.prebuilt.drop_23500M.length_250M__AthenaMAB.err,results/stage1_pair_screen_1m_probe1_budget8192_MLOP_SPPplusPPF/runs/20260429T034359.626926Z-6dd5/metrics/parsec_2.1.raytrace.simlarge.prebuilt.drop_23500M.length_250M__AthenaMAB.json,results/stage1_pair_screen_1m_probe1_budget8192_MLOP_SPPplusPPF/runs/20260429T034359.626926Z-6dd5/epoch_logs/parsec_2.1.raytrace.simlarge.prebuilt.drop_23500M.length_250M__AthenaMAB,"--warmup_instructions=500000 --simulation_instructions=1000000 --llc_replacement_type=ship --config='/Users/barry/Library/Mobile Documents/com~apple~CloudDocs/Carnegie Mellon/15740/Proj/Mixture-of-Prefetchers/external/athena'/config/nopref.ini --rob_partition_size=64,128,320 --rob_frontal_partition_ids=0 --rob_dorsal_partition_ids=2 --dram_io_freq=400 --config='/Users/barry/Library/Mobile Documents/com~apple~CloudDocs/Carnegie Mellon/15740/Proj/Mixture-of-Prefetchers/external/athena/config/mop_lite_mab.ini' --l2c_prefetcher_types=mlop --config='/Users/barry/Library/Mobile Documents/com~apple~CloudDocs/Carnegie Mellon/15740/Proj/Mixture-of-Prefetchers/external/athena/config/mlop.ini' --l2c_prefetcher_types=spp_ppf_dev --config='/Users/barry/Library/Mobile Documents/com~apple~CloudDocs/Carnegie Mellon/15740/Proj/Mixture-of-Prefetchers/external/athena/config/spp_ppf_dev.ini' --l2c_prefetcher_force_prefetch_at_llc=true --mop_epoch_trace=results/stage1_pair_screen_1m_probe1_budget8192_MLOP_SPPplusPPF/runs/20260429T034359.626926Z-6dd5/epoch_logs/parsec_2.1.raytrace.simlarge.prebuilt.drop_23500M.length_250M__AthenaMAB"
20260429T034359.626926Z-6dd5,ligra_CF.com-lj.ungraph.gcc_6.3.0_O3.drop_154750M.length_250M,LIGRA,train,Baseline,baseline,,,,,,,0.5159,1.0,1.0075384735567534,0.5159,0.51204,0.0,15640.0,15.63996872006256,0.0,0.0,0.0,0.0,0.0,0.0,0.0,0.0,0.0,0.0,0.0,0.0,0.0,0.0,0.0,0.0,0.0,0.0,0.0,0.0,15806.0,15640.0,0.0,0.0,0.0,9554.0,11818.0,0.0,1.18,1938366.0,1000002.0,500000,1000000,,,,,,,,stage1_pair_screen_1m,MacBookPro.fios-router.home,a778f3cbe9d6a9f3bd05580ec3a2cb3c45c4b342,4.414818,2026-04-29T03:46:43.342949+00:00,2026-04-29T03:46:47.757767+00:00,/Users/barry/Library/Mobile Documents/com~apple~CloudDocs/Carnegie Mellon/15740/Proj/Mixture-of-Prefetchers/artifacts/athena_traces/ligra_CF.com-lj.ungraph.gcc_6.3.0_O3.drop_154750M.length_250M.champsimtrace.xz,results/stage1_pair_screen_1m_probe1_budget8192_MLOP_SPPplusPPF/runs/20260429T034359.626926Z-6dd5/logs/ligra_CF.com-lj.ungraph.gcc_6.3.0_O3.drop_154750M.length_250M__Baseline.out,results/stage1_pair_screen_1m_probe1_budget8192_MLOP_SPPplusPPF/runs/20260429T034359.626926Z-6dd5/logs/ligra_CF.com-lj.ungraph.gcc_6.3.0_O3.drop_154750M.length_250M__Baseline.err,results/stage1_pair_screen_1m_probe1_budget8192_MLOP_SPPplusPPF/runs/20260429T034359.626926Z-6dd5/metrics/ligra_CF.com-lj.ungraph.gcc_6.3.0_O3.drop_154750M.length_250M__Baseline.json,,"--warmup_instructions=500000 --simulation_instructions=1000000 --llc_replacement_type=ship --config='/Users/barry/Library/Mobile Documents/com~apple~CloudDocs/Carnegie Mellon/15740/Proj/Mixture-of-Prefetchers/external/athena'/config/nopref.ini --rob_partition_size=64,128,320 --rob_frontal_partition_ids=0 --rob_dorsal_partition_ids=2 --dram_io_freq=400"
20260429T034359.626926Z-6dd5,ligra_CF.com-lj.ungraph.gcc_6.3.0_O3.drop_154750M.length_250M,LIGRA,train,MLOP,single,,,,,,,0.26534,0.5143244814886606,0.5182017029919538,0.5159,0.51204,1.0,15649.0,15.649,41259.0,41259.0,0.0,0.0,0.0,0.0,9288.0,41259.0,9288.0,0.22511452046826147,0.0,0.0,0.0,0.0,0.0,0.0,0.0,0.0,0.0,0.0,15808.0,15649.0,0.0,0.0,0.0,12648.0,43612.0,0.0,1.18,3768775.0,1000000.0,500000,1000000,,,,,,,,stage1_pair_screen_1m,MacBookPro.fios-router.home,a778f3cbe9d6a9f3bd05580ec3a2cb3c45c4b342,5.918002,2026-04-29T03:46:47.757836+00:00,2026-04-29T03:46:53.675838+00:00,/Users/barry/Library/Mobile Documents/com~apple~CloudDocs/Carnegie Mellon/15740/Proj/Mixture-of-Prefetchers/artifacts/athena_traces/ligra_CF.com-lj.ungraph.gcc_6.3.0_O3.drop_154750M.length_250M.champsimtrace.xz,results/stage1_pair_screen_1m_probe1_budget8192_MLOP_SPPplusPPF/runs/20260429T034359.626926Z-6dd5/logs/ligra_CF.com-lj.ungraph.gcc_6.3.0_O3.drop_154750M.length_250M__MLOP.out,results/stage1_pair_screen_1m_probe1_budget8192_MLOP_SPPplusPPF/runs/20260429T034359.626926Z-6dd5/logs/ligra_CF.com-lj.ungraph.gcc_6.3.0_O3.drop_154750M.length_250M__MLOP.err,results/stage1_pair_screen_1m_probe1_budget8192_MLOP_SPPplusPPF/runs/20260429T034359.626926Z-6dd5/metrics/ligra_CF.com-lj.ungraph.gcc_6.3.0_O3.drop_154750M.length_250M__MLOP.json,,"--warmup_instructions=500000 --simulation_instructions=1000000 --llc_replacement_type=ship --config='/Users/barry/Library/Mobile Documents/com~apple~CloudDocs/Carnegie Mellon/15740/Proj/Mixture-of-Prefetchers/external/athena'/config/nopref.ini --rob_partition_size=64,128,320 --rob_frontal_partition_ids=0 --rob_dorsal_partition_ids=2 --dram_io_freq=400 --l2c_prefetcher_types=mlop --config='/Users/barry/Library/Mobile Documents/com~apple~CloudDocs/Carnegie Mellon/15740/Proj/Mixture-of-Prefetchers/external/athena/config/mlop.ini' --l2c_prefetcher_force_prefetch_at_llc=true"
20260429T034359.626926Z-6dd5,ligra_CF.com-lj.ungraph.gcc_6.3.0_O3.drop_154750M.length_250M,LIGRA,train,SPP+PPF,single,,,,,,,0.51204,0.9925179298313627,1.0,0.5159,0.51204,1.0,15643.0,15.642968714062572,14179.0,14179.0,0.0,0.0,0.0,0.0,3754.0,14179.0,3754.0,0.26475774032019184,0.0,0.0,0.0,0.0,0.0,0.0,0.0,0.0,0.0,0.0,15806.0,15643.0,0.0,0.0,0.0,10733.0,15375.0,0.0,1.18,1952978.0,1000002.0,500000,1000000,,,,,,,,stage1_pair_screen_1m,MacBookPro.fios-router.home,a778f3cbe9d6a9f3bd05580ec3a2cb3c45c4b342,4.517738,2026-04-29T03:46:53.675899+00:00,2026-04-29T03:46:58.193637+00:00,/Users/barry/Library/Mobile Documents/com~apple~CloudDocs/Carnegie Mellon/15740/Proj/Mixture-of-Prefetchers/artifacts/athena_traces/ligra_CF.com-lj.ungraph.gcc_6.3.0_O3.drop_154750M.length_250M.champsimtrace.xz,results/stage1_pair_screen_1m_probe1_budget8192_MLOP_SPPplusPPF/runs/20260429T034359.626926Z-6dd5/logs/ligra_CF.com-lj.ungraph.gcc_6.3.0_O3.drop_154750M.length_250M__SPPplusPPF.out,results/stage1_pair_screen_1m_probe1_budget8192_MLOP_SPPplusPPF/runs/20260429T034359.626926Z-6dd5/logs/ligra_CF.com-lj.ungraph.gcc_6.3.0_O3.drop_154750M.length_250M__SPPplusPPF.err,results/stage1_pair_screen_1m_probe1_budget8192_MLOP_SPPplusPPF/runs/20260429T034359.626926Z-6dd5/metrics/ligra_CF.com-lj.ungraph.gcc_6.3.0_O3.drop_154750M.length_250M__SPPplusPPF.json,,"--warmup_instructions=500000 --simulation_instructions=1000000 --llc_replacement_type=ship --config='/Users/barry/Library/Mobile Documents/com~apple~CloudDocs/Carnegie Mellon/15740/Proj/Mixture-of-Prefetchers/external/athena'/config/nopref.ini --rob_partition_size=64,128,320 --rob_frontal_partition_ids=0 --rob_dorsal_partition_ids=2 --dram_io_freq=400 --l2c_prefetcher_types=spp_ppf_dev --config='/Users/barry/Library/Mobile Documents/com~apple~CloudDocs/Carnegie Mellon/15740/Proj/Mixture-of-Prefetchers/external/athena/config/spp_ppf_dev.ini' --l2c_prefetcher_force_prefetch_at_llc=true"
20260429T034359.626926Z-6dd5,ligra_CF.com-lj.ungraph.gcc_6.3.0_O3.drop_154750M.length_250M,LIGRA,train,MoP-V0,router,MoP-V0,,,MLOP,SPP+PPF,1,0.51934,1.0066679589067649,1.0142566986954145,0.5159,0.51204,1.0,15646.0,15.645968708062584,4972.0,4972.0,0.0,0.0,0.0,0.0,1583.0,4972.0,1583.0,0.3183829444891392,4096.0,8734.0,892.0,7041.0,0.0,8192.0,0.0,1.0,0.2177734375,0.8061598351270896,15806.0,15646.0,0.0,0.0,0.0,9889.0,12815.0,0.0,1.18,1925542.0,1000002.0,500000,1000000,500000,8192,30,50,10,1,"1.0,0.25,1.0",stage1_pair_screen_1m,MacBookPro.fios-router.home,a778f3cbe9d6a9f3bd05580ec3a2cb3c45c4b342,4.395221,2026-04-29T03:46:58.193691+00:00,2026-04-29T03:47:02.588912+00:00,/Users/barry/Library/Mobile Documents/com~apple~CloudDocs/Carnegie Mellon/15740/Proj/Mixture-of-Prefetchers/artifacts/athena_traces/ligra_CF.com-lj.ungraph.gcc_6.3.0_O3.drop_154750M.length_250M.champsimtrace.xz,results/stage1_pair_screen_1m_probe1_budget8192_MLOP_SPPplusPPF/runs/20260429T034359.626926Z-6dd5/logs/ligra_CF.com-lj.ungraph.gcc_6.3.0_O3.drop_154750M.length_250M__MoP-V0.out,results/stage1_pair_screen_1m_probe1_budget8192_MLOP_SPPplusPPF/runs/20260429T034359.626926Z-6dd5/logs/ligra_CF.com-lj.ungraph.gcc_6.3.0_O3.drop_154750M.length_250M__MoP-V0.err,results/stage1_pair_screen_1m_probe1_budget8192_MLOP_SPPplusPPF/runs/20260429T034359.626926Z-6dd5/metrics/ligra_CF.com-lj.ungraph.gcc_6.3.0_O3.drop_154750M.length_250M__MoP-V0.json,results/stage1_pair_screen_1m_probe1_budget8192_MLOP_SPPplusPPF/runs/20260429T034359.626926Z-6dd5/epoch_logs/ligra_CF.com-lj.ungraph.gcc_6.3.0_O3.drop_154750M.length_250M__MoP-V0,"--warmup_instructions=500000 --simulation_instructions=1000000 --llc_replacement_type=ship --config='/Users/barry/Library/Mobile Documents/com~apple~CloudDocs/Carnegie Mellon/15740/Proj/Mixture-of-Prefetchers/external/athena'/config/nopref.ini --rob_partition_size=64,128,320 --rob_frontal_partition_ids=0 --rob_dorsal_partition_ids=2 --dram_io_freq=400 --config='/Users/barry/Library/Mobile Documents/com~apple~CloudDocs/Carnegie Mellon/15740/Proj/Mixture-of-Prefetchers/external/athena/config/mop_lite.ini' --mop_router_type=4 --mop_seed=1 --l2c_prefetcher_types=mlop --config='/Users/barry/Library/Mobile Documents/com~apple~CloudDocs/Carnegie Mellon/15740/Proj/Mixture-of-Prefetchers/external/athena/config/mlop.ini' --l2c_prefetcher_types=spp_ppf_dev --config='/Users/barry/Library/Mobile Documents/com~apple~CloudDocs/Carnegie Mellon/15740/Proj/Mixture-of-Prefetchers/external/athena/config/spp_ppf_dev.ini' --l2c_prefetcher_force_prefetch_at_llc=true --mop_epoch_trace=results/stage1_pair_screen_1m_probe1_budget8192_MLOP_SPPplusPPF/runs/20260429T034359.626926Z-6dd5/epoch_logs/ligra_CF.com-lj.ungraph.gcc_6.3.0_O3.drop_154750M.length_250M__MoP-V0 --mop_total_budget=8192 --mop_one_shot_epochs=1"
20260429T034359.626926Z-6dd5,ligra_CF.com-lj.ungraph.gcc_6.3.0_O3.drop_154750M.length_250M,LIGRA,train,MoP-V1.1,router,MoP-V1.1,,,MLOP,SPP+PPF,1,0.47166,0.914246947082768,0.9211389735176939,0.5159,0.51204,1.0,15640.0,15.63996872006256,12968.0,12968.0,0.0,0.0,0.0,0.0,3133.0,12968.0,3133.0,0.24159469463294264,8192.0,12608.0,2187.0,10106.0,4096.0,20480.0,1.0,3.0,0.2669677734375,0.8015545685279187,15806.0,15640.0,0.0,0.0,0.0,10365.0,16761.0,0.0,1.18,2120187.0,1000002.0,500000,1000000,500000,8192,30,50,10,1,"1.0,0.25,1.0",stage1_pair_screen_1m,MacBookPro.fios-router.home,a778f3cbe9d6a9f3bd05580ec3a2cb3c45c4b342,4.658037,2026-04-29T03:47:02.588978+00:00,2026-04-29T03:47:07.247015+00:00,/Users/barry/Library/Mobile Documents/com~apple~CloudDocs/Carnegie Mellon/15740/Proj/Mixture-of-Prefetchers/artifacts/athena_traces/ligra_CF.com-lj.ungraph.gcc_6.3.0_O3.drop_154750M.length_250M.champsimtrace.xz,results/stage1_pair_screen_1m_probe1_budget8192_MLOP_SPPplusPPF/runs/20260429T034359.626926Z-6dd5/logs/ligra_CF.com-lj.ungraph.gcc_6.3.0_O3.drop_154750M.length_250M__MoP-V1.1.out,results/stage1_pair_screen_1m_probe1_budget8192_MLOP_SPPplusPPF/runs/20260429T034359.626926Z-6dd5/logs/ligra_CF.com-lj.ungraph.gcc_6.3.0_O3.drop_154750M.length_250M__MoP-V1.1.err,results/stage1_pair_screen_1m_probe1_budget8192_MLOP_SPPplusPPF/runs/20260429T034359.626926Z-6dd5/metrics/ligra_CF.com-lj.ungraph.gcc_6.3.0_O3.drop_154750M.length_250M__MoP-V1.1.json,results/stage1_pair_screen_1m_probe1_budget8192_MLOP_SPPplusPPF/runs/20260429T034359.626926Z-6dd5/epoch_logs/ligra_CF.com-lj.ungraph.gcc_6.3.0_O3.drop_154750M.length_250M__MoP-V1.1,"--warmup_instructions=500000 --simulation_instructions=1000000 --llc_replacement_type=ship --config='/Users/barry/Library/Mobile Documents/com~apple~CloudDocs/Carnegie Mellon/15740/Proj/Mixture-of-Prefetchers/external/athena'/config/nopref.ini --rob_partition_size=64,128,320 --rob_frontal_partition_ids=0 --rob_dorsal_partition_ids=2 --dram_io_freq=400 --config='/Users/barry/Library/Mobile Documents/com~apple~CloudDocs/Carnegie Mellon/15740/Proj/Mixture-of-Prefetchers/external/athena/config/mop_lite.ini' --mop_router_type=5 --mop_seed=1 --l2c_prefetcher_types=mlop --config='/Users/barry/Library/Mobile Documents/com~apple~CloudDocs/Carnegie Mellon/15740/Proj/Mixture-of-Prefetchers/external/athena/config/mlop.ini' --l2c_prefetcher_types=spp_ppf_dev --config='/Users/barry/Library/Mobile Documents/com~apple~CloudDocs/Carnegie Mellon/15740/Proj/Mixture-of-Prefetchers/external/athena/config/spp_ppf_dev.ini' --l2c_prefetcher_force_prefetch_at_llc=true --mop_epoch_trace=results/stage1_pair_screen_1m_probe1_budget8192_MLOP_SPPplusPPF/runs/20260429T034359.626926Z-6dd5/epoch_logs/ligra_CF.com-lj.ungraph.gcc_6.3.0_O3.drop_154750M.length_250M__MoP-V1.1 --mop_total_budget=8192 --mop_one_shot_epochs=1"
20260429T034359.626926Z-6dd5,ligra_CF.com-lj.ungraph.gcc_6.3.0_O3.drop_154750M.length_250M,LIGRA,train,MoP-V1.2,router,MoP-V1.2,,,MLOP,SPP+PPF,1,0.43514,0.8434580345028106,0.8498164205921412,0.5159,0.51204,1.0,15644.0,15.643968712062575,13163.0,13163.0,0.0,0.0,0.0,0.0,3370.0,13163.0,3370.0,0.25602066398237483,12288.0,8738.0,3270.0,7045.0,16384.0,8192.0,2.0,1.0,0.26611328125,0.8062485694666972,15806.0,15644.0,0.0,0.0,0.0,10406.0,19260.0,0.0,1.18,2298111.0,1000002.0,500000,1000000,500000,8192,30,50,10,1,"1.0,0.25,1.0",stage1_pair_screen_1m,MacBookPro.fios-router.home,a778f3cbe9d6a9f3bd05580ec3a2cb3c45c4b342,4.668978,2026-04-29T03:47:07.247077+00:00,2026-04-29T03:47:11.916055+00:00,/Users/barry/Library/Mobile Documents/com~apple~CloudDocs/Carnegie Mellon/15740/Proj/Mixture-of-Prefetchers/artifacts/athena_traces/ligra_CF.com-lj.ungraph.gcc_6.3.0_O3.drop_154750M.length_250M.champsimtrace.xz,results/stage1_pair_screen_1m_probe1_budget8192_MLOP_SPPplusPPF/runs/20260429T034359.626926Z-6dd5/logs/ligra_CF.com-lj.ungraph.gcc_6.3.0_O3.drop_154750M.length_250M__MoP-V1.2.out,results/stage1_pair_screen_1m_probe1_budget8192_MLOP_SPPplusPPF/runs/20260429T034359.626926Z-6dd5/logs/ligra_CF.com-lj.ungraph.gcc_6.3.0_O3.drop_154750M.length_250M__MoP-V1.2.err,results/stage1_pair_screen_1m_probe1_budget8192_MLOP_SPPplusPPF/runs/20260429T034359.626926Z-6dd5/metrics/ligra_CF.com-lj.ungraph.gcc_6.3.0_O3.drop_154750M.length_250M__MoP-V1.2.json,results/stage1_pair_screen_1m_probe1_budget8192_MLOP_SPPplusPPF/runs/20260429T034359.626926Z-6dd5/epoch_logs/ligra_CF.com-lj.ungraph.gcc_6.3.0_O3.drop_154750M.length_250M__MoP-V1.2,"--warmup_instructions=500000 --simulation_instructions=1000000 --llc_replacement_type=ship --config='/Users/barry/Library/Mobile Documents/com~apple~CloudDocs/Carnegie Mellon/15740/Proj/Mixture-of-Prefetchers/external/athena'/config/nopref.ini --rob_partition_size=64,128,320 --rob_frontal_partition_ids=0 --rob_dorsal_partition_ids=2 --dram_io_freq=400 --config='/Users/barry/Library/Mobile Documents/com~apple~CloudDocs/Carnegie Mellon/15740/Proj/Mixture-of-Prefetchers/external/athena/config/mop_lite.ini' --mop_router_type=6 --mop_seed=1 --l2c_prefetcher_types=mlop --config='/Users/barry/Library/Mobile Documents/com~apple~CloudDocs/Carnegie Mellon/15740/Proj/Mixture-of-Prefetchers/external/athena/config/mlop.ini' --l2c_prefetcher_types=spp_ppf_dev --config='/Users/barry/Library/Mobile Documents/com~apple~CloudDocs/Carnegie Mellon/15740/Proj/Mixture-of-Prefetchers/external/athena/config/spp_ppf_dev.ini' --l2c_prefetcher_force_prefetch_at_llc=true --mop_epoch_trace=results/stage1_pair_screen_1m_probe1_budget8192_MLOP_SPPplusPPF/runs/20260429T034359.626926Z-6dd5/epoch_logs/ligra_CF.com-lj.ungraph.gcc_6.3.0_O3.drop_154750M.length_250M__MoP-V1.2 --mop_total_budget=8192 --mop_one_shot_epochs=1"
20260429T034359.626926Z-6dd5,ligra_CF.com-lj.ungraph.gcc_6.3.0_O3.drop_154750M.length_250M,LIGRA,train,WinnerTakeAll,router,WinnerTakeAll,,,MLOP,SPP+PPF,1,0.4345,0.8422174840085287,0.8485665182407623,0.5159,0.51204,1.0,15648.0,15.647968704062592,13118.0,13118.0,0.0,0.0,0.0,0.0,3352.0,13118.0,3352.0,0.2555267571276109,12288.0,8723.0,3266.0,7038.0,16384.0,8192.0,2.0,1.0,0.2657877604166667,0.8068325117505445,15806.0,15648.0,0.0,0.0,0.0,10510.0,19220.0,0.0,1.18,2301525.0,1000002.0,500000,1000000,500000,8192,30,50,10,1,"1.0,0.25,1.0",stage1_pair_screen_1m,MacBookPro.fios-router.home,a778f3cbe9d6a9f3bd05580ec3a2cb3c45c4b342,4.801045,2026-04-29T03:47:11.916119+00:00,2026-04-29T03:47:16.717164+00:00,/Users/barry/Library/Mobile Documents/com~apple~CloudDocs/Carnegie Mellon/15740/Proj/Mixture-of-Prefetchers/artifacts/athena_traces/ligra_CF.com-lj.ungraph.gcc_6.3.0_O3.drop_154750M.length_250M.champsimtrace.xz,results/stage1_pair_screen_1m_probe1_budget8192_MLOP_SPPplusPPF/runs/20260429T034359.626926Z-6dd5/logs/ligra_CF.com-lj.ungraph.gcc_6.3.0_O3.drop_154750M.length_250M__WinnerTakeAll.out,results/stage1_pair_screen_1m_probe1_budget8192_MLOP_SPPplusPPF/runs/20260429T034359.626926Z-6dd5/logs/ligra_CF.com-lj.ungraph.gcc_6.3.0_O3.drop_154750M.length_250M__WinnerTakeAll.err,results/stage1_pair_screen_1m_probe1_budget8192_MLOP_SPPplusPPF/runs/20260429T034359.626926Z-6dd5/metrics/ligra_CF.com-lj.ungraph.gcc_6.3.0_O3.drop_154750M.length_250M__WinnerTakeAll.json,results/stage1_pair_screen_1m_probe1_budget8192_MLOP_SPPplusPPF/runs/20260429T034359.626926Z-6dd5/epoch_logs/ligra_CF.com-lj.ungraph.gcc_6.3.0_O3.drop_154750M.length_250M__WinnerTakeAll,"--warmup_instructions=500000 --simulation_instructions=1000000 --llc_replacement_type=ship --config='/Users/barry/Library/Mobile Documents/com~apple~CloudDocs/Carnegie Mellon/15740/Proj/Mixture-of-Prefetchers/external/athena'/config/nopref.ini --rob_partition_size=64,128,320 --rob_frontal_partition_ids=0 --rob_dorsal_partition_ids=2 --dram_io_freq=400 --config='/Users/barry/Library/Mobile Documents/com~apple~CloudDocs/Carnegie Mellon/15740/Proj/Mixture-of-Prefetchers/external/athena/config/mop_lite.ini' --mop_router_type=1 --mop_seed=1 --l2c_prefetcher_types=mlop --config='/Users/barry/Library/Mobile Documents/com~apple~CloudDocs/Carnegie Mellon/15740/Proj/Mixture-of-Prefetchers/external/athena/config/mlop.ini' --l2c_prefetcher_types=spp_ppf_dev --config='/Users/barry/Library/Mobile Documents/com~apple~CloudDocs/Carnegie Mellon/15740/Proj/Mixture-of-Prefetchers/external/athena/config/spp_ppf_dev.ini' --l2c_prefetcher_force_prefetch_at_llc=true --mop_epoch_trace=results/stage1_pair_screen_1m_probe1_budget8192_MLOP_SPPplusPPF/runs/20260429T034359.626926Z-6dd5/epoch_logs/ligra_CF.com-lj.ungraph.gcc_6.3.0_O3.drop_154750M.length_250M__WinnerTakeAll --mop_total_budget=8192 --mop_one_shot_epochs=1"
20260429T034359.626926Z-6dd5,ligra_CF.com-lj.ungraph.gcc_6.3.0_O3.drop_154750M.length_250M,LIGRA,train,OneShotFit,router,OneShotFit,,,MLOP,SPP+PPF,1,0.51273,0.9938553983330103,1.0013475509725802,0.5159,0.51204,1.0,15650.0,15.6499687000626,13153.0,13153.0,0.0,0.0,0.0,0.0,3627.0,13153.0,3627.0,0.2757545807040219,4096.0,16424.0,891.0,13040.0,0.0,24576.0,0.0,3.0,0.217529296875,0.7939600584510472,15806.0,15650.0,0.0,0.0,0.0,10505.0,15115.0,0.0,1.18,1950356.0,1000002.0,500000,1000000,500000,8192,30,50,10,1,"1.0,0.25,1.0",stage1_pair_screen_1m,MacBookPro.fios-router.home,a778f3cbe9d6a9f3bd05580ec3a2cb3c45c4b342,4.435768,2026-04-29T03:47:16.717220+00:00,2026-04-29T03:47:21.152988+00:00,/Users/barry/Library/Mobile Documents/com~apple~CloudDocs/Carnegie Mellon/15740/Proj/Mixture-of-Prefetchers/artifacts/athena_traces/ligra_CF.com-lj.ungraph.gcc_6.3.0_O3.drop_154750M.length_250M.champsimtrace.xz,results/stage1_pair_screen_1m_probe1_budget8192_MLOP_SPPplusPPF/runs/20260429T034359.626926Z-6dd5/logs/ligra_CF.com-lj.ungraph.gcc_6.3.0_O3.drop_154750M.length_250M__OneShotFit.out,results/stage1_pair_screen_1m_probe1_budget8192_MLOP_SPPplusPPF/runs/20260429T034359.626926Z-6dd5/logs/ligra_CF.com-lj.ungraph.gcc_6.3.0_O3.drop_154750M.length_250M__OneShotFit.err,results/stage1_pair_screen_1m_probe1_budget8192_MLOP_SPPplusPPF/runs/20260429T034359.626926Z-6dd5/metrics/ligra_CF.com-lj.ungraph.gcc_6.3.0_O3.drop_154750M.length_250M__OneShotFit.json,results/stage1_pair_screen_1m_probe1_budget8192_MLOP_SPPplusPPF/runs/20260429T034359.626926Z-6dd5/epoch_logs/ligra_CF.com-lj.ungraph.gcc_6.3.0_O3.drop_154750M.length_250M__OneShotFit,"--warmup_instructions=500000 --simulation_instructions=1000000 --llc_replacement_type=ship --config='/Users/barry/Library/Mobile Documents/com~apple~CloudDocs/Carnegie Mellon/15740/Proj/Mixture-of-Prefetchers/external/athena'/config/nopref.ini --rob_partition_size=64,128,320 --rob_frontal_partition_ids=0 --rob_dorsal_partition_ids=2 --dram_io_freq=400 --config='/Users/barry/Library/Mobile Documents/com~apple~CloudDocs/Carnegie Mellon/15740/Proj/Mixture-of-Prefetchers/external/athena/config/mop_lite.ini' --mop_router_type=3 --mop_seed=1 --l2c_prefetcher_types=mlop --config='/Users/barry/Library/Mobile Documents/com~apple~CloudDocs/Carnegie Mellon/15740/Proj/Mixture-of-Prefetchers/external/athena/config/mlop.ini' --l2c_prefetcher_types=spp_ppf_dev --config='/Users/barry/Library/Mobile Documents/com~apple~CloudDocs/Carnegie Mellon/15740/Proj/Mixture-of-Prefetchers/external/athena/config/spp_ppf_dev.ini' --l2c_prefetcher_force_prefetch_at_llc=true --mop_epoch_trace=results/stage1_pair_screen_1m_probe1_budget8192_MLOP_SPPplusPPF/runs/20260429T034359.626926Z-6dd5/epoch_logs/ligra_CF.com-lj.ungraph.gcc_6.3.0_O3.drop_154750M.length_250M__OneShotFit --mop_total_budget=8192 --mop_one_shot_epochs=1"
20260429T034359.626926Z-6dd5,ligra_CF.com-lj.ungraph.gcc_6.3.0_O3.drop_154750M.length_250M,LIGRA,train,AthenaMAB,builtin,,,AthenaMAB,MLOP,SPP+PPF,,0.50809,0.984861407249467,0.992285758925084,0.5159,0.51204,1.0,15642.0,15.641968716062568,9353.0,9353.0,0.0,0.0,0.0,0.0,2295.0,9353.0,2295.0,0.245375815246445,0.0,8850.0,0.0,6918.0,0.0,0.0,0.0,0.0,0.0,0.7816949152542373,15805.0,15642.0,0.0,0.0,0.0,10399.0,14362.0,0.0,1.18,1968171.0,1000002.0,500000,1000000,500000,,,,,,,stage1_pair_screen_1m,MacBookPro.fios-router.home,a778f3cbe9d6a9f3bd05580ec3a2cb3c45c4b342,4.646627,2026-04-29T03:47:21.153045+00:00,2026-04-29T03:47:25.799672+00:00,/Users/barry/Library/Mobile Documents/com~apple~CloudDocs/Carnegie Mellon/15740/Proj/Mixture-of-Prefetchers/artifacts/athena_traces/ligra_CF.com-lj.ungraph.gcc_6.3.0_O3.drop_154750M.length_250M.champsimtrace.xz,results/stage1_pair_screen_1m_probe1_budget8192_MLOP_SPPplusPPF/runs/20260429T034359.626926Z-6dd5/logs/ligra_CF.com-lj.ungraph.gcc_6.3.0_O3.drop_154750M.length_250M__AthenaMAB.out,results/stage1_pair_screen_1m_probe1_budget8192_MLOP_SPPplusPPF/runs/20260429T034359.626926Z-6dd5/logs/ligra_CF.com-lj.ungraph.gcc_6.3.0_O3.drop_154750M.length_250M__AthenaMAB.err,results/stage1_pair_screen_1m_probe1_budget8192_MLOP_SPPplusPPF/runs/20260429T034359.626926Z-6dd5/metrics/ligra_CF.com-lj.ungraph.gcc_6.3.0_O3.drop_154750M.length_250M__AthenaMAB.json,results/stage1_pair_screen_1m_probe1_budget8192_MLOP_SPPplusPPF/runs/20260429T034359.626926Z-6dd5/epoch_logs/ligra_CF.com-lj.ungraph.gcc_6.3.0_O3.drop_154750M.length_250M__AthenaMAB,"--warmup_instructions=500000 --simulation_instructions=1000000 --llc_replacement_type=ship --config='/Users/barry/Library/Mobile Documents/com~apple~CloudDocs/Carnegie Mellon/15740/Proj/Mixture-of-Prefetchers/external/athena'/config/nopref.ini --rob_partition_size=64,128,320 --rob_frontal_partition_ids=0 --rob_dorsal_partition_ids=2 --dram_io_freq=400 --config='/Users/barry/Library/Mobile Documents/com~apple~CloudDocs/Carnegie Mellon/15740/Proj/Mixture-of-Prefetchers/external/athena/config/mop_lite_mab.ini' --l2c_prefetcher_types=mlop --config='/Users/barry/Library/Mobile Documents/com~apple~CloudDocs/Carnegie Mellon/15740/Proj/Mixture-of-Prefetchers/external/athena/config/mlop.ini' --l2c_prefetcher_types=spp_ppf_dev --config='/Users/barry/Library/Mobile Documents/com~apple~CloudDocs/Carnegie Mellon/15740/Proj/Mixture-of-Prefetchers/external/athena/config/spp_ppf_dev.ini' --l2c_prefetcher_force_prefetch_at_llc=true --mop_epoch_trace=results/stage1_pair_screen_1m_probe1_budget8192_MLOP_SPPplusPPF/runs/20260429T034359.626926Z-6dd5/epoch_logs/ligra_CF.com-lj.ungraph.gcc_6.3.0_O3.drop_154750M.length_250M__AthenaMAB"
20260429T034359.626926Z-6dd5,ligra_PageRankDelta.com-lj.ungraph.gcc_6.3.0_O3.drop_1250M.length_250M,LIGRA,train,Baseline,baseline,,,,,,,1.08186,1.0,0.99990757514141,1.08186,1.08196,0.0,2348.0,2.347995304009392,0.0,0.0,0.0,0.0,0.0,0.0,0.0,0.0,0.0,0.0,0.0,0.0,0.0,0.0,0.0,0.0,0.0,0.0,0.0,0.0,2348.0,2348.0,0.0,0.0,0.0,48.0,0.0,0.0,3.95,924334.0,1000002.0,500000,1000000,,,,,,,,stage1_pair_screen_1m,MacBookPro.fios-router.home,a778f3cbe9d6a9f3bd05580ec3a2cb3c45c4b342,2.17289,2026-04-29T03:47:25.799794+00:00,2026-04-29T03:47:27.972684+00:00,/Users/barry/Library/Mobile Documents/com~apple~CloudDocs/Carnegie Mellon/15740/Proj/Mixture-of-Prefetchers/artifacts/athena_traces/ligra_PageRankDelta.com-lj.ungraph.gcc_6.3.0_O3.drop_1250M.length_250M.champsimtrace.xz,results/stage1_pair_screen_1m_probe1_budget8192_MLOP_SPPplusPPF/runs/20260429T034359.626926Z-6dd5/logs/ligra_PageRankDelta.com-lj.ungraph.gcc_6.3.0_O3.drop_1250M.length_250M__Baseline.out,results/stage1_pair_screen_1m_probe1_budget8192_MLOP_SPPplusPPF/runs/20260429T034359.626926Z-6dd5/logs/ligra_PageRankDelta.com-lj.ungraph.gcc_6.3.0_O3.drop_1250M.length_250M__Baseline.err,results/stage1_pair_screen_1m_probe1_budget8192_MLOP_SPPplusPPF/runs/20260429T034359.626926Z-6dd5/metrics/ligra_PageRankDelta.com-lj.ungraph.gcc_6.3.0_O3.drop_1250M.length_250M__Baseline.json,,"--warmup_instructions=500000 --simulation_instructions=1000000 --llc_replacement_type=ship --config='/Users/barry/Library/Mobile Documents/com~apple~CloudDocs/Carnegie Mellon/15740/Proj/Mixture-of-Prefetchers/external/athena'/config/nopref.ini --rob_partition_size=64,128,320 --rob_frontal_partition_ids=0 --rob_dorsal_partition_ids=2 --dram_io_freq=400"
20260429T034359.626926Z-6dd5,ligra_PageRankDelta.com-lj.ungraph.gcc_6.3.0_O3.drop_1250M.length_250M,LIGRA,train,MLOP,single,,,,,,,1.08196,1.000092433401734,1.0,1.08186,1.08196,1.0,2348.0,2.348,2327.0,2327.0,0.0,0.0,0.0,0.0,2311.0,2327.0,2311.0,0.9931241942415127,0.0,0.0,0.0,0.0,0.0,0.0,0.0,0.0,0.0,0.0,2348.0,2348.0,0.0,0.0,0.0,24.0,729.0,0.0,3.95,924251.0,1000000.0,500000,1000000,,,,,,,,stage1_pair_screen_1m,MacBookPro.fios-router.home,a778f3cbe9d6a9f3bd05580ec3a2cb3c45c4b342,2.139686,2026-04-29T03:47:27.972764+00:00,2026-04-29T03:47:30.112450+00:00,/Users/barry/Library/Mobile Documents/com~apple~CloudDocs/Carnegie Mellon/15740/Proj/Mixture-of-Prefetchers/artifacts/athena_traces/ligra_PageRankDelta.com-lj.ungraph.gcc_6.3.0_O3.drop_1250M.length_250M.champsimtrace.xz,results/stage1_pair_screen_1m_probe1_budget8192_MLOP_SPPplusPPF/runs/20260429T034359.626926Z-6dd5/logs/ligra_PageRankDelta.com-lj.ungraph.gcc_6.3.0_O3.drop_1250M.length_250M__MLOP.out,results/stage1_pair_screen_1m_probe1_budget8192_MLOP_SPPplusPPF/runs/20260429T034359.626926Z-6dd5/logs/ligra_PageRankDelta.com-lj.ungraph.gcc_6.3.0_O3.drop_1250M.length_250M__MLOP.err,results/stage1_pair_screen_1m_probe1_budget8192_MLOP_SPPplusPPF/runs/20260429T034359.626926Z-6dd5/metrics/ligra_PageRankDelta.com-lj.ungraph.gcc_6.3.0_O3.drop_1250M.length_250M__MLOP.json,,"--warmup_instructions=500000 --simulation_instructions=1000000 --llc_replacement_type=ship --config='/Users/barry/Library/Mobile Documents/com~apple~CloudDocs/Carnegie Mellon/15740/Proj/Mixture-of-Prefetchers/external/athena'/config/nopref.ini --rob_partition_size=64,128,320 --rob_frontal_partition_ids=0 --rob_dorsal_partition_ids=2 --dram_io_freq=400 --l2c_prefetcher_types=mlop --config='/Users/barry/Library/Mobile Documents/com~apple~CloudDocs/Carnegie Mellon/15740/Proj/Mixture-of-Prefetchers/external/athena/config/mlop.ini' --l2c_prefetcher_force_prefetch_at_llc=true"
20260429T034359.626926Z-6dd5,ligra_PageRankDelta.com-lj.ungraph.gcc_6.3.0_O3.drop_1250M.length_250M,LIGRA,train,SPP+PPF,single,,,,,,,1.08196,1.000092433401734,1.0,1.08186,1.08196,1.0,2348.0,2.348,2308.0,2308.0,0.0,0.0,0.0,0.0,2307.0,2308.0,2307.0,0.9995667244367418,0.0,0.0,0.0,0.0,0.0,0.0,0.0,0.0,0.0,0.0,2348.0,2348.0,0.0,0.0,0.0,32.0,41.0,0.0,3.95,924251.0,1000000.0,500000,1000000,,,,,,,,stage1_pair_screen_1m,MacBookPro.fios-router.home,a778f3cbe9d6a9f3bd05580ec3a2cb3c45c4b342,2.113477,2026-04-29T03:47:30.112517+00:00,2026-04-29T03:47:32.225994+00:00,/Users/barry/Library/Mobile Documents/com~apple~CloudDocs/Carnegie Mellon/15740/Proj/Mixture-of-Prefetchers/artifacts/athena_traces/ligra_PageRankDelta.com-lj.ungraph.gcc_6.3.0_O3.drop_1250M.length_250M.champsimtrace.xz,results/stage1_pair_screen_1m_probe1_budget8192_MLOP_SPPplusPPF/runs/20260429T034359.626926Z-6dd5/logs/ligra_PageRankDelta.com-lj.ungraph.gcc_6.3.0_O3.drop_1250M.length_250M__SPPplusPPF.out,results/stage1_pair_screen_1m_probe1_budget8192_MLOP_SPPplusPPF/runs/20260429T034359.626926Z-6dd5/logs/ligra_PageRankDelta.com-lj.ungraph.gcc_6.3.0_O3.drop_1250M.length_250M__SPPplusPPF.err,results/stage1_pair_screen_1m_probe1_budget8192_MLOP_SPPplusPPF/runs/20260429T034359.626926Z-6dd5/metrics/ligra_PageRankDelta.com-lj.ungraph.gcc_6.3.0_O3.drop_1250M.length_250M__SPPplusPPF.json,,"--warmup_instructions=500000 --simulation_instructions=1000000 --llc_replacement_type=ship --config='/Users/barry/Library/Mobile Documents/com~apple~CloudDocs/Carnegie Mellon/15740/Proj/Mixture-of-Prefetchers/external/athena'/config/nopref.ini --rob_partition_size=64,128,320 --rob_frontal_partition_ids=0 --rob_dorsal_partition_ids=2 --dram_io_freq=400 --l2c_prefetcher_types=spp_ppf_dev --config='/Users/barry/Library/Mobile Documents/com~apple~CloudDocs/Carnegie Mellon/15740/Proj/Mixture-of-Prefetchers/external/athena/config/spp_ppf_dev.ini' --l2c_prefetcher_force_prefetch_at_llc=true"
20260429T034359.626926Z-6dd5,ligra_PageRankDelta.com-lj.ungraph.gcc_6.3.0_O3.drop_1250M.length_250M,LIGRA,train,MoP-V0,router,MoP-V0,,,MLOP,SPP+PPF,1,1.08196,1.000092433401734,1.0,1.08186,1.08196,1.0,2348.0,2.348,4601.0,4601.0,0.0,0.0,0.0,0.0,2311.0,4601.0,2311.0,0.5022821125842208,2984.0,3462.0,2952.0,3460.0,13268.0,11308.0,3.0,3.0,0.9892761394101877,0.9994222992489891,2348.0,2348.0,0.0,0.0,0.0,32.0,728.0,0.0,3.95,924251.0,1000000.0,500000,1000000,500000,8192,30,50,10,1,"1.0,0.25,1.0",stage1_pair_screen_1m,MacBookPro.fios-router.home,a778f3cbe9d6a9f3bd05580ec3a2cb3c45c4b342,2.087565,2026-04-29T03:47:32.226053+00:00,2026-04-29T03:47:34.313618+00:00,/Users/barry/Library/Mobile Documents/com~apple~CloudDocs/Carnegie Mellon/15740/Proj/Mixture-of-Prefetchers/artifacts/athena_traces/ligra_PageRankDelta.com-lj.ungraph.gcc_6.3.0_O3.drop_1250M.length_250M.champsimtrace.xz,results/stage1_pair_screen_1m_probe1_budget8192_MLOP_SPPplusPPF/runs/20260429T034359.626926Z-6dd5/logs/ligra_PageRankDelta.com-lj.ungraph.gcc_6.3.0_O3.drop_1250M.length_250M__MoP-V0.out,results/stage1_pair_screen_1m_probe1_budget8192_MLOP_SPPplusPPF/runs/20260429T034359.626926Z-6dd5/logs/ligra_PageRankDelta.com-lj.ungraph.gcc_6.3.0_O3.drop_1250M.length_250M__MoP-V0.err,results/stage1_pair_screen_1m_probe1_budget8192_MLOP_SPPplusPPF/runs/20260429T034359.626926Z-6dd5/metrics/ligra_PageRankDelta.com-lj.ungraph.gcc_6.3.0_O3.drop_1250M.length_250M__MoP-V0.json,results/stage1_pair_screen_1m_probe1_budget8192_MLOP_SPPplusPPF/runs/20260429T034359.626926Z-6dd5/epoch_logs/ligra_PageRankDelta.com-lj.ungraph.gcc_6.3.0_O3.drop_1250M.length_250M__MoP-V0,"--warmup_instructions=500000 --simulation_instructions=1000000 --llc_replacement_type=ship --config='/Users/barry/Library/Mobile Documents/com~apple~CloudDocs/Carnegie Mellon/15740/Proj/Mixture-of-Prefetchers/external/athena'/config/nopref.ini --rob_partition_size=64,128,320 --rob_frontal_partition_ids=0 --rob_dorsal_partition_ids=2 --dram_io_freq=400 --config='/Users/barry/Library/Mobile Documents/com~apple~CloudDocs/Carnegie Mellon/15740/Proj/Mixture-of-Prefetchers/external/athena/config/mop_lite.ini' --mop_router_type=4 --mop_seed=1 --l2c_prefetcher_types=mlop --config='/Users/barry/Library/Mobile Documents/com~apple~CloudDocs/Carnegie Mellon/15740/Proj/Mixture-of-Prefetchers/external/athena/config/mlop.ini' --l2c_prefetcher_types=spp_ppf_dev --config='/Users/barry/Library/Mobile Documents/com~apple~CloudDocs/Carnegie Mellon/15740/Proj/Mixture-of-Prefetchers/external/athena/config/spp_ppf_dev.ini' --l2c_prefetcher_force_prefetch_at_llc=true --mop_epoch_trace=results/stage1_pair_screen_1m_probe1_budget8192_MLOP_SPPplusPPF/runs/20260429T034359.626926Z-6dd5/epoch_logs/ligra_PageRankDelta.com-lj.ungraph.gcc_6.3.0_O3.drop_1250M.length_250M__MoP-V0 --mop_total_budget=8192 --mop_one_shot_epochs=1"
20260429T034359.626926Z-6dd5,ligra_PageRankDelta.com-lj.ungraph.gcc_6.3.0_O3.drop_1250M.length_250M,LIGRA,train,MoP-V1.1,router,MoP-V1.1,,,MLOP,SPP+PPF,1,1.08196,1.000092433401734,1.0,1.08186,1.08196,1.0,2348.0,2.348,4600.0,4600.0,0.0,0.0,0.0,0.0,2311.0,4600.0,2311.0,0.5023913043478261,2984.0,3461.0,2952.0,3459.0,13266.0,11310.0,3.0,3.0,0.9892761394101877,0.9994221323316961,2348.0,2348.0,0.0,0.0,0.0,24.0,729.0,0.0,3.95,924251.0,1000000.0,500000,1000000,500000,8192,30,50,10,1,"1.0,0.25,1.0",stage1_pair_screen_1m,MacBookPro.fios-router.home,a778f3cbe9d6a9f3bd05580ec3a2cb3c45c4b342,2.140912,2026-04-29T03:47:34.313695+00:00,2026-04-29T03:47:36.454607+00:00,/Users/barry/Library/Mobile Documents/com~apple~CloudDocs/Carnegie Mellon/15740/Proj/Mixture-of-Prefetchers/artifacts/athena_traces/ligra_PageRankDelta.com-lj.ungraph.gcc_6.3.0_O3.drop_1250M.length_250M.champsimtrace.xz,results/stage1_pair_screen_1m_probe1_budget8192_MLOP_SPPplusPPF/runs/20260429T034359.626926Z-6dd5/logs/ligra_PageRankDelta.com-lj.ungraph.gcc_6.3.0_O3.drop_1250M.length_250M__MoP-V1.1.out,results/stage1_pair_screen_1m_probe1_budget8192_MLOP_SPPplusPPF/runs/20260429T034359.626926Z-6dd5/logs/ligra_PageRankDelta.com-lj.ungraph.gcc_6.3.0_O3.drop_1250M.length_250M__MoP-V1.1.err,results/stage1_pair_screen_1m_probe1_budget8192_MLOP_SPPplusPPF/runs/20260429T034359.626926Z-6dd5/metrics/ligra_PageRankDelta.com-lj.ungraph.gcc_6.3.0_O3.drop_1250M.length_250M__MoP-V1.1.json,results/stage1_pair_screen_1m_probe1_budget8192_MLOP_SPPplusPPF/runs/20260429T034359.626926Z-6dd5/epoch_logs/ligra_PageRankDelta.com-lj.ungraph.gcc_6.3.0_O3.drop_1250M.length_250M__MoP-V1.1,"--warmup_instructions=500000 --simulation_instructions=1000000 --llc_replacement_type=ship --config='/Users/barry/Library/Mobile Documents/com~apple~CloudDocs/Carnegie Mellon/15740/Proj/Mixture-of-Prefetchers/external/athena'/config/nopref.ini --rob_partition_size=64,128,320 --rob_frontal_partition_ids=0 --rob_dorsal_partition_ids=2 --dram_io_freq=400 --config='/Users/barry/Library/Mobile Documents/com~apple~CloudDocs/Carnegie Mellon/15740/Proj/Mixture-of-Prefetchers/external/athena/config/mop_lite.ini' --mop_router_type=5 --mop_seed=1 --l2c_prefetcher_types=mlop --config='/Users/barry/Library/Mobile Documents/com~apple~CloudDocs/Carnegie Mellon/15740/Proj/Mixture-of-Prefetchers/external/athena/config/mlop.ini' --l2c_prefetcher_types=spp_ppf_dev --config='/Users/barry/Library/Mobile Documents/com~apple~CloudDocs/Carnegie Mellon/15740/Proj/Mixture-of-Prefetchers/external/athena/config/spp_ppf_dev.ini' --l2c_prefetcher_force_prefetch_at_llc=true --mop_epoch_trace=results/stage1_pair_screen_1m_probe1_budget8192_MLOP_SPPplusPPF/runs/20260429T034359.626926Z-6dd5/epoch_logs/ligra_PageRankDelta.com-lj.ungraph.gcc_6.3.0_O3.drop_1250M.length_250M__MoP-V1.1 --mop_total_budget=8192 --mop_one_shot_epochs=1"
20260429T034359.626926Z-6dd5,ligra_PageRankDelta.com-lj.ungraph.gcc_6.3.0_O3.drop_1250M.length_250M,LIGRA,train,MoP-V1.2,router,MoP-V1.2,,,MLOP,SPP+PPF,1,1.08196,1.000092433401734,1.0,1.08186,1.08196,1.0,2348.0,2.348,2326.0,2326.0,0.0,0.0,0.0,0.0,2311.0,2326.0,2311.0,0.9935511607910577,1827.0,2307.0,1811.0,2307.0,8192.0,16384.0,1.0,2.0,0.9912424740010947,1.0,2348.0,2348.0,0.0,0.0,0.0,24.0,391.0,0.0,3.95,924251.0,1000000.0,500000,1000000,500000,8192,30,50,10,1,"1.0,0.25,1.0",stage1_pair_screen_1m,MacBookPro.fios-router.home,a778f3cbe9d6a9f3bd05580ec3a2cb3c45c4b342,2.089694,2026-04-29T03:47:36.454675+00:00,2026-04-29T03:47:38.544369+00:00,/Users/barry/Library/Mobile Documents/com~apple~CloudDocs/Carnegie Mellon/15740/Proj/Mixture-of-Prefetchers/artifacts/athena_traces/ligra_PageRankDelta.com-lj.ungraph.gcc_6.3.0_O3.drop_1250M.length_250M.champsimtrace.xz,results/stage1_pair_screen_1m_probe1_budget8192_MLOP_SPPplusPPF/runs/20260429T034359.626926Z-6dd5/logs/ligra_PageRankDelta.com-lj.ungraph.gcc_6.3.0_O3.drop_1250M.length_250M__MoP-V1.2.out,results/stage1_pair_screen_1m_probe1_budget8192_MLOP_SPPplusPPF/runs/20260429T034359.626926Z-6dd5/logs/ligra_PageRankDelta.com-lj.ungraph.gcc_6.3.0_O3.drop_1250M.length_250M__MoP-V1.2.err,results/stage1_pair_screen_1m_probe1_budget8192_MLOP_SPPplusPPF/runs/20260429T034359.626926Z-6dd5/metrics/ligra_PageRankDelta.com-lj.ungraph.gcc_6.3.0_O3.drop_1250M.length_250M__MoP-V1.2.json,results/stage1_pair_screen_1m_probe1_budget8192_MLOP_SPPplusPPF/runs/20260429T034359.626926Z-6dd5/epoch_logs/ligra_PageRankDelta.com-lj.ungraph.gcc_6.3.0_O3.drop_1250M.length_250M__MoP-V1.2,"--warmup_instructions=500000 --simulation_instructions=1000000 --llc_replacement_type=ship --config='/Users/barry/Library/Mobile Documents/com~apple~CloudDocs/Carnegie Mellon/15740/Proj/Mixture-of-Prefetchers/external/athena'/config/nopref.ini --rob_partition_size=64,128,320 --rob_frontal_partition_ids=0 --rob_dorsal_partition_ids=2 --dram_io_freq=400 --config='/Users/barry/Library/Mobile Documents/com~apple~CloudDocs/Carnegie Mellon/15740/Proj/Mixture-of-Prefetchers/external/athena/config/mop_lite.ini' --mop_router_type=6 --mop_seed=1 --l2c_prefetcher_types=mlop --config='/Users/barry/Library/Mobile Documents/com~apple~CloudDocs/Carnegie Mellon/15740/Proj/Mixture-of-Prefetchers/external/athena/config/mlop.ini' --l2c_prefetcher_types=spp_ppf_dev --config='/Users/barry/Library/Mobile Documents/com~apple~CloudDocs/Carnegie Mellon/15740/Proj/Mixture-of-Prefetchers/external/athena/config/spp_ppf_dev.ini' --l2c_prefetcher_force_prefetch_at_llc=true --mop_epoch_trace=results/stage1_pair_screen_1m_probe1_budget8192_MLOP_SPPplusPPF/runs/20260429T034359.626926Z-6dd5/epoch_logs/ligra_PageRankDelta.com-lj.ungraph.gcc_6.3.0_O3.drop_1250M.length_250M__MoP-V1.2 --mop_total_budget=8192 --mop_one_shot_epochs=1"
20260429T034359.626926Z-6dd5,ligra_PageRankDelta.com-lj.ungraph.gcc_6.3.0_O3.drop_1250M.length_250M,LIGRA,train,WinnerTakeAll,router,WinnerTakeAll,,,MLOP,SPP+PPF,1,1.08196,1.000092433401734,1.0,1.08186,1.08196,1.0,2348.0,2.348,2326.0,2326.0,0.0,0.0,0.0,0.0,2310.0,2326.0,2310.0,0.9931212381771282,1827.0,2307.0,1811.0,2306.0,8192.0,16384.0,1.0,2.0,0.9912424740010947,0.9995665366276549,2348.0,2348.0,0.0,0.0,0.0,24.0,393.0,0.0,3.95,924251.0,1000000.0,500000,1000000,500000,8192,30,50,10,1,"1.0,0.25,1.0",stage1_pair_screen_1m,MacBookPro.fios-router.home,a778f3cbe9d6a9f3bd05580ec3a2cb3c45c4b342,2.088002,2026-04-29T03:47:38.544442+00:00,2026-04-29T03:47:40.632444+00:00,/Users/barry/Library/Mobile Documents/com~apple~CloudDocs/Carnegie Mellon/15740/Proj/Mixture-of-Prefetchers/artifacts/athena_traces/ligra_PageRankDelta.com-lj.ungraph.gcc_6.3.0_O3.drop_1250M.length_250M.champsimtrace.xz,results/stage1_pair_screen_1m_probe1_budget8192_MLOP_SPPplusPPF/runs/20260429T034359.626926Z-6dd5/logs/ligra_PageRankDelta.com-lj.ungraph.gcc_6.3.0_O3.drop_1250M.length_250M__WinnerTakeAll.out,results/stage1_pair_screen_1m_probe1_budget8192_MLOP_SPPplusPPF/runs/20260429T034359.626926Z-6dd5/logs/ligra_PageRankDelta.com-lj.ungraph.gcc_6.3.0_O3.drop_1250M.length_250M__WinnerTakeAll.err,results/stage1_pair_screen_1m_probe1_budget8192_MLOP_SPPplusPPF/runs/20260429T034359.626926Z-6dd5/metrics/ligra_PageRankDelta.com-lj.ungraph.gcc_6.3.0_O3.drop_1250M.length_250M__WinnerTakeAll.json,results/stage1_pair_screen_1m_probe1_budget8192_MLOP_SPPplusPPF/runs/20260429T034359.626926Z-6dd5/epoch_logs/ligra_PageRankDelta.com-lj.ungraph.gcc_6.3.0_O3.drop_1250M.length_250M__WinnerTakeAll,"--warmup_instructions=500000 --simulation_instructions=1000000 --llc_replacement_type=ship --config='/Users/barry/Library/Mobile Documents/com~apple~CloudDocs/Carnegie Mellon/15740/Proj/Mixture-of-Prefetchers/external/athena'/config/nopref.ini --rob_partition_size=64,128,320 --rob_frontal_partition_ids=0 --rob_dorsal_partition_ids=2 --dram_io_freq=400 --config='/Users/barry/Library/Mobile Documents/com~apple~CloudDocs/Carnegie Mellon/15740/Proj/Mixture-of-Prefetchers/external/athena/config/mop_lite.ini' --mop_router_type=1 --mop_seed=1 --l2c_prefetcher_types=mlop --config='/Users/barry/Library/Mobile Documents/com~apple~CloudDocs/Carnegie Mellon/15740/Proj/Mixture-of-Prefetchers/external/athena/config/mlop.ini' --l2c_prefetcher_types=spp_ppf_dev --config='/Users/barry/Library/Mobile Documents/com~apple~CloudDocs/Carnegie Mellon/15740/Proj/Mixture-of-Prefetchers/external/athena/config/spp_ppf_dev.ini' --l2c_prefetcher_force_prefetch_at_llc=true --mop_epoch_trace=results/stage1_pair_screen_1m_probe1_budget8192_MLOP_SPPplusPPF/runs/20260429T034359.626926Z-6dd5/epoch_logs/ligra_PageRankDelta.com-lj.ungraph.gcc_6.3.0_O3.drop_1250M.length_250M__WinnerTakeAll --mop_total_budget=8192 --mop_one_shot_epochs=1"
20260429T034359.626926Z-6dd5,ligra_PageRankDelta.com-lj.ungraph.gcc_6.3.0_O3.drop_1250M.length_250M,LIGRA,train,OneShotFit,router,OneShotFit,,,MLOP,SPP+PPF,1,1.08196,1.000092433401734,1.0,1.08186,1.08196,1.0,2348.0,2.348,2327.0,2327.0,0.0,0.0,0.0,0.0,2311.0,2327.0,2311.0,0.9931241942415127,2984.0,1151.0,2952.0,1151.0,24576.0,0.0,3.0,0.0,0.9892761394101877,1.0,2348.0,2348.0,0.0,0.0,0.0,24.0,729.0,0.0,3.95,924251.0,1000000.0,500000,1000000,500000,8192,30,50,10,1,"1.0,0.25,1.0",stage1_pair_screen_1m,MacBookPro.fios-router.home,a778f3cbe9d6a9f3bd05580ec3a2cb3c45c4b342,2.078311,2026-04-29T03:47:40.632503+00:00,2026-04-29T03:47:42.710814+00:00,/Users/barry/Library/Mobile Documents/com~apple~CloudDocs/Carnegie Mellon/15740/Proj/Mixture-of-Prefetchers/artifacts/athena_traces/ligra_PageRankDelta.com-lj.ungraph.gcc_6.3.0_O3.drop_1250M.length_250M.champsimtrace.xz,results/stage1_pair_screen_1m_probe1_budget8192_MLOP_SPPplusPPF/runs/20260429T034359.626926Z-6dd5/logs/ligra_PageRankDelta.com-lj.ungraph.gcc_6.3.0_O3.drop_1250M.length_250M__OneShotFit.out,results/stage1_pair_screen_1m_probe1_budget8192_MLOP_SPPplusPPF/runs/20260429T034359.626926Z-6dd5/logs/ligra_PageRankDelta.com-lj.ungraph.gcc_6.3.0_O3.drop_1250M.length_250M__OneShotFit.err,results/stage1_pair_screen_1m_probe1_budget8192_MLOP_SPPplusPPF/runs/20260429T034359.626926Z-6dd5/metrics/ligra_PageRankDelta.com-lj.ungraph.gcc_6.3.0_O3.drop_1250M.length_250M__OneShotFit.json,results/stage1_pair_screen_1m_probe1_budget8192_MLOP_SPPplusPPF/runs/20260429T034359.626926Z-6dd5/epoch_logs/ligra_PageRankDelta.com-lj.ungraph.gcc_6.3.0_O3.drop_1250M.length_250M__OneShotFit,"--warmup_instructions=500000 --simulation_instructions=1000000 --llc_replacement_type=ship --config='/Users/barry/Library/Mobile Documents/com~apple~CloudDocs/Carnegie Mellon/15740/Proj/Mixture-of-Prefetchers/external/athena'/config/nopref.ini --rob_partition_size=64,128,320 --rob_frontal_partition_ids=0 --rob_dorsal_partition_ids=2 --dram_io_freq=400 --config='/Users/barry/Library/Mobile Documents/com~apple~CloudDocs/Carnegie Mellon/15740/Proj/Mixture-of-Prefetchers/external/athena/config/mop_lite.ini' --mop_router_type=3 --mop_seed=1 --l2c_prefetcher_types=mlop --config='/Users/barry/Library/Mobile Documents/com~apple~CloudDocs/Carnegie Mellon/15740/Proj/Mixture-of-Prefetchers/external/athena/config/mlop.ini' --l2c_prefetcher_types=spp_ppf_dev --config='/Users/barry/Library/Mobile Documents/com~apple~CloudDocs/Carnegie Mellon/15740/Proj/Mixture-of-Prefetchers/external/athena/config/spp_ppf_dev.ini' --l2c_prefetcher_force_prefetch_at_llc=true --mop_epoch_trace=results/stage1_pair_screen_1m_probe1_budget8192_MLOP_SPPplusPPF/runs/20260429T034359.626926Z-6dd5/epoch_logs/ligra_PageRankDelta.com-lj.ungraph.gcc_6.3.0_O3.drop_1250M.length_250M__OneShotFit --mop_total_budget=8192 --mop_one_shot_epochs=1"
20260429T034359.626926Z-6dd5,ligra_PageRankDelta.com-lj.ungraph.gcc_6.3.0_O3.drop_1250M.length_250M,LIGRA,train,AthenaMAB,builtin,,,AthenaMAB,MLOP,SPP+PPF,,1.08196,1.000092433401734,1.0,1.08186,1.08196,1.0,2348.0,2.348,1157.0,1157.0,0.0,0.0,0.0,0.0,1156.0,1157.0,1156.0,0.9991356957649092,0.0,1157.0,0.0,1156.0,0.0,0.0,0.0,0.0,0.0,0.9991356957649092,2348.0,2348.0,0.0,0.0,0.0,32.0,19.0,0.0,3.95,924251.0,1000000.0,500000,1000000,500000,,,,,,,stage1_pair_screen_1m,MacBookPro.fios-router.home,a778f3cbe9d6a9f3bd05580ec3a2cb3c45c4b342,2.274245,2026-04-29T03:47:42.710879+00:00,2026-04-29T03:47:44.985124+00:00,/Users/barry/Library/Mobile Documents/com~apple~CloudDocs/Carnegie Mellon/15740/Proj/Mixture-of-Prefetchers/artifacts/athena_traces/ligra_PageRankDelta.com-lj.ungraph.gcc_6.3.0_O3.drop_1250M.length_250M.champsimtrace.xz,results/stage1_pair_screen_1m_probe1_budget8192_MLOP_SPPplusPPF/runs/20260429T034359.626926Z-6dd5/logs/ligra_PageRankDelta.com-lj.ungraph.gcc_6.3.0_O3.drop_1250M.length_250M__AthenaMAB.out,results/stage1_pair_screen_1m_probe1_budget8192_MLOP_SPPplusPPF/runs/20260429T034359.626926Z-6dd5/logs/ligra_PageRankDelta.com-lj.ungraph.gcc_6.3.0_O3.drop_1250M.length_250M__AthenaMAB.err,results/stage1_pair_screen_1m_probe1_budget8192_MLOP_SPPplusPPF/runs/20260429T034359.626926Z-6dd5/metrics/ligra_PageRankDelta.com-lj.ungraph.gcc_6.3.0_O3.drop_1250M.length_250M__AthenaMAB.json,results/stage1_pair_screen_1m_probe1_budget8192_MLOP_SPPplusPPF/runs/20260429T034359.626926Z-6dd5/epoch_logs/ligra_PageRankDelta.com-lj.ungraph.gcc_6.3.0_O3.drop_1250M.length_250M__AthenaMAB,"--warmup_instructions=500000 --simulation_instructions=1000000 --llc_replacement_type=ship --config='/Users/barry/Library/Mobile Documents/com~apple~CloudDocs/Carnegie Mellon/15740/Proj/Mixture-of-Prefetchers/external/athena'/config/nopref.ini --rob_partition_size=64,128,320 --rob_frontal_partition_ids=0 --rob_dorsal_partition_ids=2 --dram_io_freq=400 --config='/Users/barry/Library/Mobile Documents/com~apple~CloudDocs/Carnegie Mellon/15740/Proj/Mixture-of-Prefetchers/external/athena/config/mop_lite_mab.ini' --l2c_prefetcher_types=mlop --config='/Users/barry/Library/Mobile Documents/com~apple~CloudDocs/Carnegie Mellon/15740/Proj/Mixture-of-Prefetchers/external/athena/config/mlop.ini' --l2c_prefetcher_types=spp_ppf_dev --config='/Users/barry/Library/Mobile Documents/com~apple~CloudDocs/Carnegie Mellon/15740/Proj/Mixture-of-Prefetchers/external/athena/config/spp_ppf_dev.ini' --l2c_prefetcher_force_prefetch_at_llc=true --mop_epoch_trace=results/stage1_pair_screen_1m_probe1_budget8192_MLOP_SPPplusPPF/runs/20260429T034359.626926Z-6dd5/epoch_logs/ligra_PageRankDelta.com-lj.ungraph.gcc_6.3.0_O3.drop_1250M.length_250M__AthenaMAB"
20260429T034359.626926Z-6dd5,secret_compute_fp_45,CVP,train,Baseline,baseline,,,,,,,0.14666,1.0,0.9115544782149295,0.14666,0.16089,0.0,45470.0,45.47,0.0,0.0,0.0,0.0,0.0,0.0,0.0,0.0,0.0,0.0,0.0,0.0,0.0,0.0,0.0,0.0,0.0,0.0,0.0,0.0,44731.0,54403.0,0.0,0.0,0.0,24964.0,56808.0,0.0,11.18,6818302.0,1000000.0,500000,1000000,,,,,,,,stage1_pair_screen_1m,MacBookPro.fios-router.home,a778f3cbe9d6a9f3bd05580ec3a2cb3c45c4b342,10.280612,2026-04-29T03:47:44.985214+00:00,2026-04-29T03:47:55.265826+00:00,/Users/barry/Library/Mobile Documents/com~apple~CloudDocs/Carnegie Mellon/15740/Proj/Mixture-of-Prefetchers/artifacts/athena_traces/compute_fp_45.champsim.gz,results/stage1_pair_screen_1m_probe1_budget8192_MLOP_SPPplusPPF/runs/20260429T034359.626926Z-6dd5/logs/secret_compute_fp_45__Baseline.out,results/stage1_pair_screen_1m_probe1_budget8192_MLOP_SPPplusPPF/runs/20260429T034359.626926Z-6dd5/logs/secret_compute_fp_45__Baseline.err,results/stage1_pair_screen_1m_probe1_budget8192_MLOP_SPPplusPPF/runs/20260429T034359.626926Z-6dd5/metrics/secret_compute_fp_45__Baseline.json,,"--warmup_instructions=500000 --simulation_instructions=1000000 --llc_replacement_type=ship --config='/Users/barry/Library/Mobile Documents/com~apple~CloudDocs/Carnegie Mellon/15740/Proj/Mixture-of-Prefetchers/external/athena'/config/nopref.ini --rob_partition_size=64,128,320 --rob_frontal_partition_ids=0 --rob_dorsal_partition_ids=2 --dram_io_freq=400"
20260429T034359.626926Z-6dd5,secret_compute_fp_45,CVP,train,MLOP,single,,,,,,,0.14825,1.0108414018819036,0.9214370066505064,0.14666,0.16089,1.0,45481.0,45.481,52616.0,52616.0,0.0,0.0,0.0,0.0,36563.0,52616.0,36563.0,0.6949026911965942,0.0,0.0,0.0,0.0,0.0,0.0,0.0,0.0,0.0,0.0,44743.0,54360.0,0.0,0.0,0.0,22462.0,74307.0,0.0,11.18,6745156.0,1000000.0,500000,1000000,,,,,,,,stage1_pair_screen_1m,MacBookPro.fios-router.home,a778f3cbe9d6a9f3bd05580ec3a2cb3c45c4b342,10.796598,2026-04-29T03:47:55.265895+00:00,2026-04-29T03:48:06.062493+00:00,/Users/barry/Library/Mobile Documents/com~apple~CloudDocs/Carnegie Mellon/15740/Proj/Mixture-of-Prefetchers/artifacts/athena_traces/compute_fp_45.champsim.gz,results/stage1_pair_screen_1m_probe1_budget8192_MLOP_SPPplusPPF/runs/20260429T034359.626926Z-6dd5/logs/secret_compute_fp_45__MLOP.out,results/stage1_pair_screen_1m_probe1_budget8192_MLOP_SPPplusPPF/runs/20260429T034359.626926Z-6dd5/logs/secret_compute_fp_45__MLOP.err,results/stage1_pair_screen_1m_probe1_budget8192_MLOP_SPPplusPPF/runs/20260429T034359.626926Z-6dd5/metrics/secret_compute_fp_45__MLOP.json,,"--warmup_instructions=500000 --simulation_instructions=1000000 --llc_replacement_type=ship --config='/Users/barry/Library/Mobile Documents/com~apple~CloudDocs/Carnegie Mellon/15740/Proj/Mixture-of-Prefetchers/external/athena'/config/nopref.ini --rob_partition_size=64,128,320 --rob_frontal_partition_ids=0 --rob_dorsal_partition_ids=2 --dram_io_freq=400 --l2c_prefetcher_types=mlop --config='/Users/barry/Library/Mobile Documents/com~apple~CloudDocs/Carnegie Mellon/15740/Proj/Mixture-of-Prefetchers/external/athena/config/mlop.ini' --l2c_prefetcher_force_prefetch_at_llc=true"
20260429T034359.626926Z-6dd5,secret_compute_fp_45,CVP,train,SPP+PPF,single,,,,,,,0.16089,1.0970271375971634,1.0,0.14666,0.16089,1.0,45457.0,45.457,53221.0,53221.0,0.0,0.0,0.0,0.0,20736.0,53221.0,20736.0,0.38962063846977696,0.0,0.0,0.0,0.0,0.0,0.0,0.0,0.0,0.0,0.0,44731.0,54398.0,0.0,0.0,0.0,23703.0,63311.0,0.0,11.18,6215434.0,1000000.0,500000,1000000,,,,,,,,stage1_pair_screen_1m,MacBookPro.fios-router.home,a778f3cbe9d6a9f3bd05580ec3a2cb3c45c4b342,10.05361,2026-04-29T03:48:06.062565+00:00,2026-04-29T03:48:16.116175+00:00,/Users/barry/Library/Mobile Documents/com~apple~CloudDocs/Carnegie Mellon/15740/Proj/Mixture-of-Prefetchers/artifacts/athena_traces/compute_fp_45.champsim.gz,results/stage1_pair_screen_1m_probe1_budget8192_MLOP_SPPplusPPF/runs/20260429T034359.626926Z-6dd5/logs/secret_compute_fp_45__SPPplusPPF.out,results/stage1_pair_screen_1m_probe1_budget8192_MLOP_SPPplusPPF/runs/20260429T034359.626926Z-6dd5/logs/secret_compute_fp_45__SPPplusPPF.err,results/stage1_pair_screen_1m_probe1_budget8192_MLOP_SPPplusPPF/runs/20260429T034359.626926Z-6dd5/metrics/secret_compute_fp_45__SPPplusPPF.json,,"--warmup_instructions=500000 --simulation_instructions=1000000 --llc_replacement_type=ship --config='/Users/barry/Library/Mobile Documents/com~apple~CloudDocs/Carnegie Mellon/15740/Proj/Mixture-of-Prefetchers/external/athena'/config/nopref.ini --rob_partition_size=64,128,320 --rob_frontal_partition_ids=0 --rob_dorsal_partition_ids=2 --dram_io_freq=400 --l2c_prefetcher_types=spp_ppf_dev --config='/Users/barry/Library/Mobile Documents/com~apple~CloudDocs/Carnegie Mellon/15740/Proj/Mixture-of-Prefetchers/external/athena/config/spp_ppf_dev.ini' --l2c_prefetcher_force_prefetch_at_llc=true"
20260429T034359.626926Z-6dd5,secret_compute_fp_45,CVP,train,MoP-V0,router,MoP-V0,,,MLOP,SPP+PPF,1,0.14585,0.9944770216828037,0.9065199825968053,0.14666,0.16089,1.0,45472.0,45.472,15880.0,15880.0,0.0,0.0,0.0,0.0,4144.0,15880.0,4144.0,0.2609571788413098,8807.0,12035.0,8297.0,13256.0,10789.0,13787.0,3.0,3.0,0.9420915181105939,1.101454092230993,44732.0,54338.0,0.0,0.0,0.0,26733.0,60487.0,0.0,11.18,6856291.0,1000000.0,500000,1000000,500000,8192,30,50,10,1,"1.0,0.25,1.0",stage1_pair_screen_1m,MacBookPro.fios-router.home,a778f3cbe9d6a9f3bd05580ec3a2cb3c45c4b342,10.505265,2026-04-29T03:48:16.116254+00:00,2026-04-29T03:48:26.621519+00:00,/Users/barry/Library/Mobile Documents/com~apple~CloudDocs/Carnegie Mellon/15740/Proj/Mixture-of-Prefetchers/artifacts/athena_traces/compute_fp_45.champsim.gz,results/stage1_pair_screen_1m_probe1_budget8192_MLOP_SPPplusPPF/runs/20260429T034359.626926Z-6dd5/logs/secret_compute_fp_45__MoP-V0.out,results/stage1_pair_screen_1m_probe1_budget8192_MLOP_SPPplusPPF/runs/20260429T034359.626926Z-6dd5/logs/secret_compute_fp_45__MoP-V0.err,results/stage1_pair_screen_1m_probe1_budget8192_MLOP_SPPplusPPF/runs/20260429T034359.626926Z-6dd5/metrics/secret_compute_fp_45__MoP-V0.json,results/stage1_pair_screen_1m_probe1_budget8192_MLOP_SPPplusPPF/runs/20260429T034359.626926Z-6dd5/epoch_logs/secret_compute_fp_45__MoP-V0,"--warmup_instructions=500000 --simulation_instructions=1000000 --llc_replacement_type=ship --config='/Users/barry/Library/Mobile Documents/com~apple~CloudDocs/Carnegie Mellon/15740/Proj/Mixture-of-Prefetchers/external/athena'/config/nopref.ini --rob_partition_size=64,128,320 --rob_frontal_partition_ids=0 --rob_dorsal_partition_ids=2 --dram_io_freq=400 --config='/Users/barry/Library/Mobile Documents/com~apple~CloudDocs/Carnegie Mellon/15740/Proj/Mixture-of-Prefetchers/external/athena/config/mop_lite.ini' --mop_router_type=4 --mop_seed=1 --l2c_prefetcher_types=mlop --config='/Users/barry/Library/Mobile Documents/com~apple~CloudDocs/Carnegie Mellon/15740/Proj/Mixture-of-Prefetchers/external/athena/config/mlop.ini' --l2c_prefetcher_types=spp_ppf_dev --config='/Users/barry/Library/Mobile Documents/com~apple~CloudDocs/Carnegie Mellon/15740/Proj/Mixture-of-Prefetchers/external/athena/config/spp_ppf_dev.ini' --l2c_prefetcher_force_prefetch_at_llc=true --mop_epoch_trace=results/stage1_pair_screen_1m_probe1_budget8192_MLOP_SPPplusPPF/runs/20260429T034359.626926Z-6dd5/epoch_logs/secret_compute_fp_45__MoP-V0 --mop_total_budget=8192 --mop_one_shot_epochs=1"
20260429T034359.626926Z-6dd5,secret_compute_fp_45,CVP,train,MoP-V1.1,router,MoP-V1.1,,,MLOP,SPP+PPF,1,0.14673,1.0004772944224736,0.9119895580831624,0.14666,0.16089,1.0,45475.0,45.475,15923.0,15923.0,0.0,0.0,0.0,0.0,4192.0,15923.0,4192.0,0.26326697230421403,8715.0,12143.0,8231.0,13326.0,10881.0,13695.0,3.0,3.0,0.9444635685599541,1.0974223832660792,44732.0,54625.0,0.0,0.0,0.0,26079.0,60559.0,0.0,11.18,6815414.0,1000000.0,500000,1000000,500000,8192,30,50,10,1,"1.0,0.25,1.0",stage1_pair_screen_1m,MacBookPro.fios-router.home,a778f3cbe9d6a9f3bd05580ec3a2cb3c45c4b342,10.419596,2026-04-29T03:48:26.621599+00:00,2026-04-29T03:48:37.041195+00:00,/Users/barry/Library/Mobile Documents/com~apple~CloudDocs/Carnegie Mellon/15740/Proj/Mixture-of-Prefetchers/artifacts/athena_traces/compute_fp_45.champsim.gz,results/stage1_pair_screen_1m_probe1_budget8192_MLOP_SPPplusPPF/runs/20260429T034359.626926Z-6dd5/logs/secret_compute_fp_45__MoP-V1.1.out,results/stage1_pair_screen_1m_probe1_budget8192_MLOP_SPPplusPPF/runs/20260429T034359.626926Z-6dd5/logs/secret_compute_fp_45__MoP-V1.1.err,results/stage1_pair_screen_1m_probe1_budget8192_MLOP_SPPplusPPF/runs/20260429T034359.626926Z-6dd5/metrics/secret_compute_fp_45__MoP-V1.1.json,results/stage1_pair_screen_1m_probe1_budget8192_MLOP_SPPplusPPF/runs/20260429T034359.626926Z-6dd5/epoch_logs/secret_compute_fp_45__MoP-V1.1,"--warmup_instructions=500000 --simulation_instructions=1000000 --llc_replacement_type=ship --config='/Users/barry/Library/Mobile Documents/com~apple~CloudDocs/Carnegie Mellon/15740/Proj/Mixture-of-Prefetchers/external/athena'/config/nopref.ini --rob_partition_size=64,128,320 --rob_frontal_partition_ids=0 --rob_dorsal_partition_ids=2 --dram_io_freq=400 --config='/Users/barry/Library/Mobile Documents/com~apple~CloudDocs/Carnegie Mellon/15740/Proj/Mixture-of-Prefetchers/external/athena/config/mop_lite.ini' --mop_router_type=5 --mop_seed=1 --l2c_prefetcher_types=mlop --config='/Users/barry/Library/Mobile Documents/com~apple~CloudDocs/Carnegie Mellon/15740/Proj/Mixture-of-Prefetchers/external/athena/config/mlop.ini' --l2c_prefetcher_types=spp_ppf_dev --config='/Users/barry/Library/Mobile Documents/com~apple~CloudDocs/Carnegie Mellon/15740/Proj/Mixture-of-Prefetchers/external/athena/config/spp_ppf_dev.ini' --l2c_prefetcher_force_prefetch_at_llc=true --mop_epoch_trace=results/stage1_pair_screen_1m_probe1_budget8192_MLOP_SPPplusPPF/runs/20260429T034359.626926Z-6dd5/epoch_logs/secret_compute_fp_45__MoP-V1.1 --mop_total_budget=8192 --mop_one_shot_epochs=1"
20260429T034359.626926Z-6dd5,secret_compute_fp_45,CVP,train,MoP-V1.2,router,MoP-V1.2,,,MLOP,SPP+PPF,1,0.14849,1.0124778399018137,0.9229287090558768,0.14666,0.16089,1.0,45488.0,45.488,16384.0,16384.0,0.0,0.0,0.0,0.0,7777.0,16384.0,7777.0,0.47467041015625,12288.0,9018.0,12684.0,9939.0,8192.0,16384.0,1.0,2.0,1.0322265625,1.1021290751829673,44731.0,54256.0,0.0,0.0,0.0,25204.0,59961.0,0.0,11.18,6734665.0,1000000.0,500000,1000000,500000,8192,30,50,10,1,"1.0,0.25,1.0",stage1_pair_screen_1m,MacBookPro.fios-router.home,a778f3cbe9d6a9f3bd05580ec3a2cb3c45c4b342,10.34968,2026-04-29T03:48:37.041265+00:00,2026-04-29T03:48:47.390945+00:00,/Users/barry/Library/Mobile Documents/com~apple~CloudDocs/Carnegie Mellon/15740/Proj/Mixture-of-Prefetchers/artifacts/athena_traces/compute_fp_45.champsim.gz,results/stage1_pair_screen_1m_probe1_budget8192_MLOP_SPPplusPPF/runs/20260429T034359.626926Z-6dd5/logs/secret_compute_fp_45__MoP-V1.2.out,results/stage1_pair_screen_1m_probe1_budget8192_MLOP_SPPplusPPF/runs/20260429T034359.626926Z-6dd5/logs/secret_compute_fp_45__MoP-V1.2.err,results/stage1_pair_screen_1m_probe1_budget8192_MLOP_SPPplusPPF/runs/20260429T034359.626926Z-6dd5/metrics/secret_compute_fp_45__MoP-V1.2.json,results/stage1_pair_screen_1m_probe1_budget8192_MLOP_SPPplusPPF/runs/20260429T034359.626926Z-6dd5/epoch_logs/secret_compute_fp_45__MoP-V1.2,"--warmup_instructions=500000 --simulation_instructions=1000000 --llc_replacement_type=ship --config='/Users/barry/Library/Mobile Documents/com~apple~CloudDocs/Carnegie Mellon/15740/Proj/Mixture-of-Prefetchers/external/athena'/config/nopref.ini --rob_partition_size=64,128,320 --rob_frontal_partition_ids=0 --rob_dorsal_partition_ids=2 --dram_io_freq=400 --config='/Users/barry/Library/Mobile Documents/com~apple~CloudDocs/Carnegie Mellon/15740/Proj/Mixture-of-Prefetchers/external/athena/config/mop_lite.ini' --mop_router_type=6 --mop_seed=1 --l2c_prefetcher_types=mlop --config='/Users/barry/Library/Mobile Documents/com~apple~CloudDocs/Carnegie Mellon/15740/Proj/Mixture-of-Prefetchers/external/athena/config/mlop.ini' --l2c_prefetcher_types=spp_ppf_dev --config='/Users/barry/Library/Mobile Documents/com~apple~CloudDocs/Carnegie Mellon/15740/Proj/Mixture-of-Prefetchers/external/athena/config/spp_ppf_dev.ini' --l2c_prefetcher_force_prefetch_at_llc=true --mop_epoch_trace=results/stage1_pair_screen_1m_probe1_budget8192_MLOP_SPPplusPPF/runs/20260429T034359.626926Z-6dd5/epoch_logs/secret_compute_fp_45__MoP-V1.2 --mop_total_budget=8192 --mop_one_shot_epochs=1"
20260429T034359.626926Z-6dd5,secret_compute_fp_45,CVP,train,WinnerTakeAll,router,WinnerTakeAll,,,MLOP,SPP+PPF,1,0.14767,1.0068866766671212,0.917832059170862,0.14666,0.16089,1.0,45484.0,45.484,16384.0,16384.0,0.0,0.0,0.0,0.0,7776.0,16384.0,7776.0,0.474609375,12288.0,9030.0,12674.0,9930.0,8192.0,16384.0,1.0,2.0,1.0314127604166667,1.0996677740863787,44731.0,54369.0,0.0,0.0,0.0,26072.0,59459.0,0.0,11.18,6771966.0,1000000.0,500000,1000000,500000,8192,30,50,10,1,"1.0,0.25,1.0",stage1_pair_screen_1m,MacBookPro.fios-router.home,a778f3cbe9d6a9f3bd05580ec3a2cb3c45c4b342,10.458124,2026-04-29T03:48:47.391011+00:00,2026-04-29T03:48:57.849135+00:00,/Users/barry/Library/Mobile Documents/com~apple~CloudDocs/Carnegie Mellon/15740/Proj/Mixture-of-Prefetchers/artifacts/athena_traces/compute_fp_45.champsim.gz,results/stage1_pair_screen_1m_probe1_budget8192_MLOP_SPPplusPPF/runs/20260429T034359.626926Z-6dd5/logs/secret_compute_fp_45__WinnerTakeAll.out,results/stage1_pair_screen_1m_probe1_budget8192_MLOP_SPPplusPPF/runs/20260429T034359.626926Z-6dd5/logs/secret_compute_fp_45__WinnerTakeAll.err,results/stage1_pair_screen_1m_probe1_budget8192_MLOP_SPPplusPPF/runs/20260429T034359.626926Z-6dd5/metrics/secret_compute_fp_45__WinnerTakeAll.json,results/stage1_pair_screen_1m_probe1_budget8192_MLOP_SPPplusPPF/runs/20260429T034359.626926Z-6dd5/epoch_logs/secret_compute_fp_45__WinnerTakeAll,"--warmup_instructions=500000 --simulation_instructions=1000000 --llc_replacement_type=ship --config='/Users/barry/Library/Mobile Documents/com~apple~CloudDocs/Carnegie Mellon/15740/Proj/Mixture-of-Prefetchers/external/athena'/config/nopref.ini --rob_partition_size=64,128,320 --rob_frontal_partition_ids=0 --rob_dorsal_partition_ids=2 --dram_io_freq=400 --config='/Users/barry/Library/Mobile Documents/com~apple~CloudDocs/Carnegie Mellon/15740/Proj/Mixture-of-Prefetchers/external/athena/config/mop_lite.ini' --mop_router_type=1 --mop_seed=1 --l2c_prefetcher_types=mlop --config='/Users/barry/Library/Mobile Documents/com~apple~CloudDocs/Carnegie Mellon/15740/Proj/Mixture-of-Prefetchers/external/athena/config/mlop.ini' --l2c_prefetcher_types=spp_ppf_dev --config='/Users/barry/Library/Mobile Documents/com~apple~CloudDocs/Carnegie Mellon/15740/Proj/Mixture-of-Prefetchers/external/athena/config/spp_ppf_dev.ini' --l2c_prefetcher_force_prefetch_at_llc=true --mop_epoch_trace=results/stage1_pair_screen_1m_probe1_budget8192_MLOP_SPPplusPPF/runs/20260429T034359.626926Z-6dd5/epoch_logs/secret_compute_fp_45__WinnerTakeAll --mop_total_budget=8192 --mop_one_shot_epochs=1"
20260429T034359.626926Z-6dd5,secret_compute_fp_45,CVP,train,OneShotFit,router,OneShotFit,,,MLOP,SPP+PPF,1,0.14825,1.0108414018819036,0.9214370066505064,0.14666,0.16089,1.0,45451.0,45.451,16384.0,16384.0,0.0,0.0,0.0,0.0,4629.0,16384.0,4629.0,0.28253173828125,4096.0,16265.0,5124.0,16883.0,0.0,24576.0,0.0,3.0,1.2509765625,1.0379956962803565,44730.0,54315.0,0.0,0.0,0.0,26475.0,58587.0,0.0,11.18,6745404.0,1000000.0,500000,1000000,500000,8192,30,50,10,1,"1.0,0.25,1.0",stage1_pair_screen_1m,MacBookPro.fios-router.home,a778f3cbe9d6a9f3bd05580ec3a2cb3c45c4b342,10.347506,2026-04-29T03:48:57.849202+00:00,2026-04-29T03:49:08.196708+00:00,/Users/barry/Library/Mobile Documents/com~apple~CloudDocs/Carnegie Mellon/15740/Proj/Mixture-of-Prefetchers/artifacts/athena_traces/compute_fp_45.champsim.gz,results/stage1_pair_screen_1m_probe1_budget8192_MLOP_SPPplusPPF/runs/20260429T034359.626926Z-6dd5/logs/secret_compute_fp_45__OneShotFit.out,results/stage1_pair_screen_1m_probe1_budget8192_MLOP_SPPplusPPF/runs/20260429T034359.626926Z-6dd5/logs/secret_compute_fp_45__OneShotFit.err,results/stage1_pair_screen_1m_probe1_budget8192_MLOP_SPPplusPPF/runs/20260429T034359.626926Z-6dd5/metrics/secret_compute_fp_45__OneShotFit.json,results/stage1_pair_screen_1m_probe1_budget8192_MLOP_SPPplusPPF/runs/20260429T034359.626926Z-6dd5/epoch_logs/secret_compute_fp_45__OneShotFit,"--warmup_instructions=500000 --simulation_instructions=1000000 --llc_replacement_type=ship --config='/Users/barry/Library/Mobile Documents/com~apple~CloudDocs/Carnegie Mellon/15740/Proj/Mixture-of-Prefetchers/external/athena'/config/nopref.ini --rob_partition_size=64,128,320 --rob_frontal_partition_ids=0 --rob_dorsal_partition_ids=2 --dram_io_freq=400 --config='/Users/barry/Library/Mobile Documents/com~apple~CloudDocs/Carnegie Mellon/15740/Proj/Mixture-of-Prefetchers/external/athena/config/mop_lite.ini' --mop_router_type=3 --mop_seed=1 --l2c_prefetcher_types=mlop --config='/Users/barry/Library/Mobile Documents/com~apple~CloudDocs/Carnegie Mellon/15740/Proj/Mixture-of-Prefetchers/external/athena/config/mlop.ini' --l2c_prefetcher_types=spp_ppf_dev --config='/Users/barry/Library/Mobile Documents/com~apple~CloudDocs/Carnegie Mellon/15740/Proj/Mixture-of-Prefetchers/external/athena/config/spp_ppf_dev.ini' --l2c_prefetcher_force_prefetch_at_llc=true --mop_epoch_trace=results/stage1_pair_screen_1m_probe1_budget8192_MLOP_SPPplusPPF/runs/20260429T034359.626926Z-6dd5/epoch_logs/secret_compute_fp_45__OneShotFit --mop_total_budget=8192 --mop_one_shot_epochs=1"
20260429T034359.626926Z-6dd5,secret_compute_fp_45,CVP,train,AthenaMAB,builtin,,,AthenaMAB,MLOP,SPP+PPF,,0.15506,1.0572753306968499,0.9637640624028839,0.14666,0.16089,1.0,45484.0,45.484,32677.0,32677.0,0.0,0.0,0.0,0.0,15875.0,32677.0,15875.0,0.48581571135661167,0.0,28739.0,0.0,27622.0,0.0,0.0,0.0,0.0,0.0,0.9611329552176485,44730.0,54316.0,0.0,0.0,0.0,22514.0,60153.0,0.0,11.18,6449195.0,1000000.0,500000,1000000,500000,,,,,,,stage1_pair_screen_1m,MacBookPro.fios-router.home,a778f3cbe9d6a9f3bd05580ec3a2cb3c45c4b342,10.209442,2026-04-29T03:49:08.196766+00:00,2026-04-29T03:49:18.406208+00:00,/Users/barry/Library/Mobile Documents/com~apple~CloudDocs/Carnegie Mellon/15740/Proj/Mixture-of-Prefetchers/artifacts/athena_traces/compute_fp_45.champsim.gz,results/stage1_pair_screen_1m_probe1_budget8192_MLOP_SPPplusPPF/runs/20260429T034359.626926Z-6dd5/logs/secret_compute_fp_45__AthenaMAB.out,results/stage1_pair_screen_1m_probe1_budget8192_MLOP_SPPplusPPF/runs/20260429T034359.626926Z-6dd5/logs/secret_compute_fp_45__AthenaMAB.err,results/stage1_pair_screen_1m_probe1_budget8192_MLOP_SPPplusPPF/runs/20260429T034359.626926Z-6dd5/metrics/secret_compute_fp_45__AthenaMAB.json,results/stage1_pair_screen_1m_probe1_budget8192_MLOP_SPPplusPPF/runs/20260429T034359.626926Z-6dd5/epoch_logs/secret_compute_fp_45__AthenaMAB,"--warmup_instructions=500000 --simulation_instructions=1000000 --llc_replacement_type=ship --config='/Users/barry/Library/Mobile Documents/com~apple~CloudDocs/Carnegie Mellon/15740/Proj/Mixture-of-Prefetchers/external/athena'/config/nopref.ini --rob_partition_size=64,128,320 --rob_frontal_partition_ids=0 --rob_dorsal_partition_ids=2 --dram_io_freq=400 --config='/Users/barry/Library/Mobile Documents/com~apple~CloudDocs/Carnegie Mellon/15740/Proj/Mixture-of-Prefetchers/external/athena/config/mop_lite_mab.ini' --l2c_prefetcher_types=mlop --config='/Users/barry/Library/Mobile Documents/com~apple~CloudDocs/Carnegie Mellon/15740/Proj/Mixture-of-Prefetchers/external/athena/config/mlop.ini' --l2c_prefetcher_types=spp_ppf_dev --config='/Users/barry/Library/Mobile Documents/com~apple~CloudDocs/Carnegie Mellon/15740/Proj/Mixture-of-Prefetchers/external/athena/config/spp_ppf_dev.ini' --l2c_prefetcher_force_prefetch_at_llc=true --mop_epoch_trace=results/stage1_pair_screen_1m_probe1_budget8192_MLOP_SPPplusPPF/runs/20260429T034359.626926Z-6dd5/epoch_logs/secret_compute_fp_45__AthenaMAB"
20260429T034359.626926Z-6dd5,secret_compute_int_568,CVP,train,Baseline,baseline,,,,,,,0.04747,1.0,0.9307843137254902,0.04747,0.051,0.0,126590.0,126.58987341012659,0.0,0.0,0.0,0.0,0.0,0.0,0.0,0.0,0.0,0.0,0.0,0.0,0.0,0.0,0.0,0.0,0.0,0.0,0.0,0.0,136538.0,130543.0,0.0,0.0,0.0,118655.0,54086.0,0.0,10.95,21067873.0,1000001.0,500000,1000000,,,,,,,,stage1_pair_screen_1m,MacBookPro.fios-router.home,a778f3cbe9d6a9f3bd05580ec3a2cb3c45c4b342,17.602608,2026-04-29T03:49:18.406280+00:00,2026-04-29T03:49:36.008888+00:00,/Users/barry/Library/Mobile Documents/com~apple~CloudDocs/Carnegie Mellon/15740/Proj/Mixture-of-Prefetchers/artifacts/athena_traces/compute_int_568.champsim.gz,results/stage1_pair_screen_1m_probe1_budget8192_MLOP_SPPplusPPF/runs/20260429T034359.626926Z-6dd5/logs/secret_compute_int_568__Baseline.out,results/stage1_pair_screen_1m_probe1_budget8192_MLOP_SPPplusPPF/runs/20260429T034359.626926Z-6dd5/logs/secret_compute_int_568__Baseline.err,results/stage1_pair_screen_1m_probe1_budget8192_MLOP_SPPplusPPF/runs/20260429T034359.626926Z-6dd5/metrics/secret_compute_int_568__Baseline.json,,"--warmup_instructions=500000 --simulation_instructions=1000000 --llc_replacement_type=ship --config='/Users/barry/Library/Mobile Documents/com~apple~CloudDocs/Carnegie Mellon/15740/Proj/Mixture-of-Prefetchers/external/athena'/config/nopref.ini --rob_partition_size=64,128,320 --rob_frontal_partition_ids=0 --rob_dorsal_partition_ids=2 --dram_io_freq=400"
20260429T034359.626926Z-6dd5,secret_compute_int_568,CVP,train,MLOP,single,,,,,,,0.04058,0.854855698335791,0.7956862745098039,0.04747,0.051,1.0,126535.0,126.5346203961388,146801.0,146801.0,0.0,0.0,0.0,0.0,17554.0,146801.0,17554.0,0.1195768421196041,0.0,0.0,0.0,0.0,0.0,0.0,0.0,0.0,0.0,0.0,136527.0,130515.0,0.0,0.0,0.0,213517.0,225580.0,0.0,10.95,24643983.0,1000003.0,500000,1000000,,,,,,,,stage1_pair_screen_1m,MacBookPro.fios-router.home,a778f3cbe9d6a9f3bd05580ec3a2cb3c45c4b342,22.663863,2026-04-29T03:49:36.008976+00:00,2026-04-29T03:49:58.672839+00:00,/Users/barry/Library/Mobile Documents/com~apple~CloudDocs/Carnegie Mellon/15740/Proj/Mixture-of-Prefetchers/artifacts/athena_traces/compute_int_568.champsim.gz,results/stage1_pair_screen_1m_probe1_budget8192_MLOP_SPPplusPPF/runs/20260429T034359.626926Z-6dd5/logs/secret_compute_int_568__MLOP.out,results/stage1_pair_screen_1m_probe1_budget8192_MLOP_SPPplusPPF/runs/20260429T034359.626926Z-6dd5/logs/secret_compute_int_568__MLOP.err,results/stage1_pair_screen_1m_probe1_budget8192_MLOP_SPPplusPPF/runs/20260429T034359.626926Z-6dd5/metrics/secret_compute_int_568__MLOP.json,,"--warmup_instructions=500000 --simulation_instructions=1000000 --llc_replacement_type=ship --config='/Users/barry/Library/Mobile Documents/com~apple~CloudDocs/Carnegie Mellon/15740/Proj/Mixture-of-Prefetchers/external/athena'/config/nopref.ini --rob_partition_size=64,128,320 --rob_frontal_partition_ids=0 --rob_dorsal_partition_ids=2 --dram_io_freq=400 --l2c_prefetcher_types=mlop --config='/Users/barry/Library/Mobile Documents/com~apple~CloudDocs/Carnegie Mellon/15740/Proj/Mixture-of-Prefetchers/external/athena/config/mlop.ini' --l2c_prefetcher_force_prefetch_at_llc=true"
20260429T034359.626926Z-6dd5,secret_compute_int_568,CVP,train,SPP+PPF,single,,,,,,,0.051,1.0743627554244786,1.0,0.04747,0.051,1.0,126604.0,126.604,96288.0,96288.0,0.0,0.0,0.0,0.0,11156.0,96288.0,11156.0,0.11586075108009306,0.0,0.0,0.0,0.0,0.0,0.0,0.0,0.0,0.0,0.0,136538.0,130588.0,0.0,0.0,0.0,162603.0,138209.0,0.0,10.95,19608863.0,1000000.0,500000,1000000,,,,,,,,stage1_pair_screen_1m,MacBookPro.fios-router.home,a778f3cbe9d6a9f3bd05580ec3a2cb3c45c4b342,18.371367,2026-04-29T03:49:58.672918+00:00,2026-04-29T03:50:17.044285+00:00,/Users/barry/Library/Mobile Documents/com~apple~CloudDocs/Carnegie Mellon/15740/Proj/Mixture-of-Prefetchers/artifacts/athena_traces/compute_int_568.champsim.gz,results/stage1_pair_screen_1m_probe1_budget8192_MLOP_SPPplusPPF/runs/20260429T034359.626926Z-6dd5/logs/secret_compute_int_568__SPPplusPPF.out,results/stage1_pair_screen_1m_probe1_budget8192_MLOP_SPPplusPPF/runs/20260429T034359.626926Z-6dd5/logs/secret_compute_int_568__SPPplusPPF.err,results/stage1_pair_screen_1m_probe1_budget8192_MLOP_SPPplusPPF/runs/20260429T034359.626926Z-6dd5/metrics/secret_compute_int_568__SPPplusPPF.json,,"--warmup_instructions=500000 --simulation_instructions=1000000 --llc_replacement_type=ship --config='/Users/barry/Library/Mobile Documents/com~apple~CloudDocs/Carnegie Mellon/15740/Proj/Mixture-of-Prefetchers/external/athena'/config/nopref.ini --rob_partition_size=64,128,320 --rob_frontal_partition_ids=0 --rob_dorsal_partition_ids=2 --dram_io_freq=400 --l2c_prefetcher_types=spp_ppf_dev --config='/Users/barry/Library/Mobile Documents/com~apple~CloudDocs/Carnegie Mellon/15740/Proj/Mixture-of-Prefetchers/external/athena/config/spp_ppf_dev.ini' --l2c_prefetcher_force_prefetch_at_llc=true"
20260429T034359.626926Z-6dd5,secret_compute_int_568,CVP,train,MoP-V0,router,MoP-V0,,,MLOP,SPP+PPF,1,0.04929,1.0383400042131874,0.9664705882352942,0.04747,0.051,1.0,126546.0,126.546,16383.0,16383.0,0.0,0.0,0.0,0.0,6103.0,16383.0,6103.0,0.37252029542818776,12620.0,10435.0,6024.0,6682.0,8524.0,7860.0,2.0,1.0,0.47733755942947703,0.6403449928126498,136534.0,130510.0,0.0,0.0,0.0,123472.0,68852.0,0.0,10.95,20288925.0,1000000.0,500000,1000000,500000,8192,30,50,10,1,"1.0,0.25,1.0",stage1_pair_screen_1m,MacBookPro.fios-router.home,a778f3cbe9d6a9f3bd05580ec3a2cb3c45c4b342,18.596513,2026-04-29T03:50:17.044349+00:00,2026-04-29T03:50:35.640862+00:00,/Users/barry/Library/Mobile Documents/com~apple~CloudDocs/Carnegie Mellon/15740/Proj/Mixture-of-Prefetchers/artifacts/athena_traces/compute_int_568.champsim.gz,results/stage1_pair_screen_1m_probe1_budget8192_MLOP_SPPplusPPF/runs/20260429T034359.626926Z-6dd5/logs/secret_compute_int_568__MoP-V0.out,results/stage1_pair_screen_1m_probe1_budget8192_MLOP_SPPplusPPF/runs/20260429T034359.626926Z-6dd5/logs/secret_compute_int_568__MoP-V0.err,results/stage1_pair_screen_1m_probe1_budget8192_MLOP_SPPplusPPF/runs/20260429T034359.626926Z-6dd5/metrics/secret_compute_int_568__MoP-V0.json,results/stage1_pair_screen_1m_probe1_budget8192_MLOP_SPPplusPPF/runs/20260429T034359.626926Z-6dd5/epoch_logs/secret_compute_int_568__MoP-V0,"--warmup_instructions=500000 --simulation_instructions=1000000 --llc_replacement_type=ship --config='/Users/barry/Library/Mobile Documents/com~apple~CloudDocs/Carnegie Mellon/15740/Proj/Mixture-of-Prefetchers/external/athena'/config/nopref.ini --rob_partition_size=64,128,320 --rob_frontal_partition_ids=0 --rob_dorsal_partition_ids=2 --dram_io_freq=400 --config='/Users/barry/Library/Mobile Documents/com~apple~CloudDocs/Carnegie Mellon/15740/Proj/Mixture-of-Prefetchers/external/athena/config/mop_lite.ini' --mop_router_type=4 --mop_seed=1 --l2c_prefetcher_types=mlop --config='/Users/barry/Library/Mobile Documents/com~apple~CloudDocs/Carnegie Mellon/15740/Proj/Mixture-of-Prefetchers/external/athena/config/mlop.ini' --l2c_prefetcher_types=spp_ppf_dev --config='/Users/barry/Library/Mobile Documents/com~apple~CloudDocs/Carnegie Mellon/15740/Proj/Mixture-of-Prefetchers/external/athena/config/spp_ppf_dev.ini' --l2c_prefetcher_force_prefetch_at_llc=true --mop_epoch_trace=results/stage1_pair_screen_1m_probe1_budget8192_MLOP_SPPplusPPF/runs/20260429T034359.626926Z-6dd5/epoch_logs/secret_compute_int_568__MoP-V0 --mop_total_budget=8192 --mop_one_shot_epochs=1"
20260429T034359.626926Z-6dd5,secret_compute_int_568,CVP,train,MoP-V1.1,router,MoP-V1.1,,,MLOP,SPP+PPF,1,0.04943,1.0412892353065095,0.9692156862745099,0.04747,0.051,1.0,126563.0,126.56287343712657,16381.0,16381.0,0.0,0.0,0.0,0.0,6454.0,16381.0,6454.0,0.39399304071790486,13107.0,9954.0,6291.0,6627.0,13107.0,11469.0,3.0,2.0,0.47997253376058596,0.6657625075346595,136535.0,130543.0,0.0,0.0,0.0,123245.0,68533.0,0.0,10.95,20230048.0,1000001.0,500000,1000000,500000,8192,30,50,10,1,"1.0,0.25,1.0",stage1_pair_screen_1m,MacBookPro.fios-router.home,a778f3cbe9d6a9f3bd05580ec3a2cb3c45c4b342,18.194149,2026-04-29T03:50:35.640932+00:00,2026-04-29T03:50:53.835081+00:00,/Users/barry/Library/Mobile Documents/com~apple~CloudDocs/Carnegie Mellon/15740/Proj/Mixture-of-Prefetchers/artifacts/athena_traces/compute_int_568.champsim.gz,results/stage1_pair_screen_1m_probe1_budget8192_MLOP_SPPplusPPF/runs/20260429T034359.626926Z-6dd5/logs/secret_compute_int_568__MoP-V1.1.out,results/stage1_pair_screen_1m_probe1_budget8192_MLOP_SPPplusPPF/runs/20260429T034359.626926Z-6dd5/logs/secret_compute_int_568__MoP-V1.1.err,results/stage1_pair_screen_1m_probe1_budget8192_MLOP_SPPplusPPF/runs/20260429T034359.626926Z-6dd5/metrics/secret_compute_int_568__MoP-V1.1.json,results/stage1_pair_screen_1m_probe1_budget8192_MLOP_SPPplusPPF/runs/20260429T034359.626926Z-6dd5/epoch_logs/secret_compute_int_568__MoP-V1.1,"--warmup_instructions=500000 --simulation_instructions=1000000 --llc_replacement_type=ship --config='/Users/barry/Library/Mobile Documents/com~apple~CloudDocs/Carnegie Mellon/15740/Proj/Mixture-of-Prefetchers/external/athena'/config/nopref.ini --rob_partition_size=64,128,320 --rob_frontal_partition_ids=0 --rob_dorsal_partition_ids=2 --dram_io_freq=400 --config='/Users/barry/Library/Mobile Documents/com~apple~CloudDocs/Carnegie Mellon/15740/Proj/Mixture-of-Prefetchers/external/athena/config/mop_lite.ini' --mop_router_type=5 --mop_seed=1 --l2c_prefetcher_types=mlop --config='/Users/barry/Library/Mobile Documents/com~apple~CloudDocs/Carnegie Mellon/15740/Proj/Mixture-of-Prefetchers/external/athena/config/mlop.ini' --l2c_prefetcher_types=spp_ppf_dev --config='/Users/barry/Library/Mobile Documents/com~apple~CloudDocs/Carnegie Mellon/15740/Proj/Mixture-of-Prefetchers/external/athena/config/spp_ppf_dev.ini' --l2c_prefetcher_force_prefetch_at_llc=true --mop_epoch_trace=results/stage1_pair_screen_1m_probe1_budget8192_MLOP_SPPplusPPF/runs/20260429T034359.626926Z-6dd5/epoch_logs/secret_compute_int_568__MoP-V1.1 --mop_total_budget=8192 --mop_one_shot_epochs=1"
20260429T034359.626926Z-6dd5,secret_compute_int_568,CVP,train,MoP-V1.2,router,MoP-V1.2,,,MLOP,SPP+PPF,1,0.04928,1.0381293448493785,0.9662745098039216,0.04747,0.051,1.0,126547.0,126.54687345312655,16384.0,16384.0,0.0,0.0,0.0,0.0,6314.0,16384.0,6314.0,0.3853759765625,12288.0,10717.0,5754.0,6820.0,8192.0,16384.0,1.0,2.0,0.46826171875,0.6363721190631707,136536.0,130517.0,0.0,0.0,0.0,122992.0,68009.0,0.0,10.95,20290329.0,1000001.0,500000,1000000,500000,8192,30,50,10,1,"1.0,0.25,1.0",stage1_pair_screen_1m,MacBookPro.fios-router.home,a778f3cbe9d6a9f3bd05580ec3a2cb3c45c4b342,18.341825,2026-04-29T03:50:53.835152+00:00,2026-04-29T03:51:12.176977+00:00,/Users/barry/Library/Mobile Documents/com~apple~CloudDocs/Carnegie Mellon/15740/Proj/Mixture-of-Prefetchers/artifacts/athena_traces/compute_int_568.champsim.gz,results/stage1_pair_screen_1m_probe1_budget8192_MLOP_SPPplusPPF/runs/20260429T034359.626926Z-6dd5/logs/secret_compute_int_568__MoP-V1.2.out,results/stage1_pair_screen_1m_probe1_budget8192_MLOP_SPPplusPPF/runs/20260429T034359.626926Z-6dd5/logs/secret_compute_int_568__MoP-V1.2.err,results/stage1_pair_screen_1m_probe1_budget8192_MLOP_SPPplusPPF/runs/20260429T034359.626926Z-6dd5/metrics/secret_compute_int_568__MoP-V1.2.json,results/stage1_pair_screen_1m_probe1_budget8192_MLOP_SPPplusPPF/runs/20260429T034359.626926Z-6dd5/epoch_logs/secret_compute_int_568__MoP-V1.2,"--warmup_instructions=500000 --simulation_instructions=1000000 --llc_replacement_type=ship --config='/Users/barry/Library/Mobile Documents/com~apple~CloudDocs/Carnegie Mellon/15740/Proj/Mixture-of-Prefetchers/external/athena'/config/nopref.ini --rob_partition_size=64,128,320 --rob_frontal_partition_ids=0 --rob_dorsal_partition_ids=2 --dram_io_freq=400 --config='/Users/barry/Library/Mobile Documents/com~apple~CloudDocs/Carnegie Mellon/15740/Proj/Mixture-of-Prefetchers/external/athena/config/mop_lite.ini' --mop_router_type=6 --mop_seed=1 --l2c_prefetcher_types=mlop --config='/Users/barry/Library/Mobile Documents/com~apple~CloudDocs/Carnegie Mellon/15740/Proj/Mixture-of-Prefetchers/external/athena/config/mlop.ini' --l2c_prefetcher_types=spp_ppf_dev --config='/Users/barry/Library/Mobile Documents/com~apple~CloudDocs/Carnegie Mellon/15740/Proj/Mixture-of-Prefetchers/external/athena/config/spp_ppf_dev.ini' --l2c_prefetcher_force_prefetch_at_llc=true --mop_epoch_trace=results/stage1_pair_screen_1m_probe1_budget8192_MLOP_SPPplusPPF/runs/20260429T034359.626926Z-6dd5/epoch_logs/secret_compute_int_568__MoP-V1.2 --mop_total_budget=8192 --mop_one_shot_epochs=1"
20260429T034359.626926Z-6dd5,secret_compute_int_568,CVP,train,WinnerTakeAll,router,WinnerTakeAll,,,MLOP,SPP+PPF,1,0.04902,1.0326522013903519,0.9611764705882354,0.04747,0.051,1.0,126557.0,126.55687344312656,16384.0,16384.0,0.0,0.0,0.0,0.0,5561.0,16384.0,5561.0,0.33941650390625,12288.0,10788.0,5804.0,6492.0,8192.0,16384.0,1.0,2.0,0.4723307291666667,0.6017797552836485,136537.0,130500.0,0.0,0.0,0.0,124114.0,69242.0,0.0,10.95,20399339.0,1000001.0,500000,1000000,500000,8192,30,50,10,1,"1.0,0.25,1.0",stage1_pair_screen_1m,MacBookPro.fios-router.home,a778f3cbe9d6a9f3bd05580ec3a2cb3c45c4b342,18.6459,2026-04-29T03:51:12.177048+00:00,2026-04-29T03:51:30.822948+00:00,/Users/barry/Library/Mobile Documents/com~apple~CloudDocs/Carnegie Mellon/15740/Proj/Mixture-of-Prefetchers/artifacts/athena_traces/compute_int_568.champsim.gz,results/stage1_pair_screen_1m_probe1_budget8192_MLOP_SPPplusPPF/runs/20260429T034359.626926Z-6dd5/logs/secret_compute_int_568__WinnerTakeAll.out,results/stage1_pair_screen_1m_probe1_budget8192_MLOP_SPPplusPPF/runs/20260429T034359.626926Z-6dd5/logs/secret_compute_int_568__WinnerTakeAll.err,results/stage1_pair_screen_1m_probe1_budget8192_MLOP_SPPplusPPF/runs/20260429T034359.626926Z-6dd5/metrics/secret_compute_int_568__WinnerTakeAll.json,results/stage1_pair_screen_1m_probe1_budget8192_MLOP_SPPplusPPF/runs/20260429T034359.626926Z-6dd5/epoch_logs/secret_compute_int_568__WinnerTakeAll,"--warmup_instructions=500000 --simulation_instructions=1000000 --llc_replacement_type=ship --config='/Users/barry/Library/Mobile Documents/com~apple~CloudDocs/Carnegie Mellon/15740/Proj/Mixture-of-Prefetchers/external/athena'/config/nopref.ini --rob_partition_size=64,128,320 --rob_frontal_partition_ids=0 --rob_dorsal_partition_ids=2 --dram_io_freq=400 --config='/Users/barry/Library/Mobile Documents/com~apple~CloudDocs/Carnegie Mellon/15740/Proj/Mixture-of-Prefetchers/external/athena/config/mop_lite.ini' --mop_router_type=1 --mop_seed=1 --l2c_prefetcher_types=mlop --config='/Users/barry/Library/Mobile Documents/com~apple~CloudDocs/Carnegie Mellon/15740/Proj/Mixture-of-Prefetchers/external/athena/config/mlop.ini' --l2c_prefetcher_types=spp_ppf_dev --config='/Users/barry/Library/Mobile Documents/com~apple~CloudDocs/Carnegie Mellon/15740/Proj/Mixture-of-Prefetchers/external/athena/config/spp_ppf_dev.ini' --l2c_prefetcher_force_prefetch_at_llc=true --mop_epoch_trace=results/stage1_pair_screen_1m_probe1_budget8192_MLOP_SPPplusPPF/runs/20260429T034359.626926Z-6dd5/epoch_logs/secret_compute_int_568__WinnerTakeAll --mop_total_budget=8192 --mop_one_shot_epochs=1"
20260429T034359.626926Z-6dd5,secret_compute_int_568,CVP,train,OneShotFit,router,OneShotFit,,,MLOP,SPP+PPF,1,0.04914,1.0351801137560566,0.963529411764706,0.04747,0.051,1.0,126520.0,126.52,16384.0,16384.0,0.0,0.0,0.0,0.0,4146.0,16384.0,4146.0,0.2530517578125,4096.0,18768.0,2460.0,10732.0,0.0,24576.0,0.0,3.0,0.6005859375,0.5718243819266837,136535.0,130503.0,0.0,0.0,0.0,122917.0,66101.0,0.0,10.95,20350467.0,1000000.0,500000,1000000,500000,8192,30,50,10,1,"1.0,0.25,1.0",stage1_pair_screen_1m,MacBookPro.fios-router.home,a778f3cbe9d6a9f3bd05580ec3a2cb3c45c4b342,18.507637,2026-04-29T03:51:30.823013+00:00,2026-04-29T03:51:49.330650+00:00,/Users/barry/Library/Mobile Documents/com~apple~CloudDocs/Carnegie Mellon/15740/Proj/Mixture-of-Prefetchers/artifacts/athena_traces/compute_int_568.champsim.gz,results/stage1_pair_screen_1m_probe1_budget8192_MLOP_SPPplusPPF/runs/20260429T034359.626926Z-6dd5/logs/secret_compute_int_568__OneShotFit.out,results/stage1_pair_screen_1m_probe1_budget8192_MLOP_SPPplusPPF/runs/20260429T034359.626926Z-6dd5/logs/secret_compute_int_568__OneShotFit.err,results/stage1_pair_screen_1m_probe1_budget8192_MLOP_SPPplusPPF/runs/20260429T034359.626926Z-6dd5/metrics/secret_compute_int_568__OneShotFit.json,results/stage1_pair_screen_1m_probe1_budget8192_MLOP_SPPplusPPF/runs/20260429T034359.626926Z-6dd5/epoch_logs/secret_compute_int_568__OneShotFit,"--warmup_instructions=500000 --simulation_instructions=1000000 --llc_replacement_type=ship --config='/Users/barry/Library/Mobile Documents/com~apple~CloudDocs/Carnegie Mellon/15740/Proj/Mixture-of-Prefetchers/external/athena'/config/nopref.ini --rob_partition_size=64,128,320 --rob_frontal_partition_ids=0 --rob_dorsal_partition_ids=2 --dram_io_freq=400 --config='/Users/barry/Library/Mobile Documents/com~apple~CloudDocs/Carnegie Mellon/15740/Proj/Mixture-of-Prefetchers/external/athena/config/mop_lite.ini' --mop_router_type=3 --mop_seed=1 --l2c_prefetcher_types=mlop --config='/Users/barry/Library/Mobile Documents/com~apple~CloudDocs/Carnegie Mellon/15740/Proj/Mixture-of-Prefetchers/external/athena/config/mlop.ini' --l2c_prefetcher_types=spp_ppf_dev --config='/Users/barry/Library/Mobile Documents/com~apple~CloudDocs/Carnegie Mellon/15740/Proj/Mixture-of-Prefetchers/external/athena/config/spp_ppf_dev.ini' --l2c_prefetcher_force_prefetch_at_llc=true --mop_epoch_trace=results/stage1_pair_screen_1m_probe1_budget8192_MLOP_SPPplusPPF/runs/20260429T034359.626926Z-6dd5/epoch_logs/secret_compute_int_568__OneShotFit --mop_total_budget=8192 --mop_one_shot_epochs=1"
20260429T034359.626926Z-6dd5,secret_compute_int_568,CVP,train,AthenaMAB,builtin,,,AthenaMAB,MLOP,SPP+PPF,,0.04851,1.021908573836107,0.9511764705882353,0.04747,0.051,1.0,126594.0,126.594,61843.0,61843.0,0.0,0.0,0.0,0.0,4710.0,61843.0,4710.0,0.0761606002296137,0.0,60763.0,0.0,18121.0,0.0,0.0,0.0,0.0,0.0,0.29822424830900385,136536.0,130556.0,0.0,0.0,0.0,150779.0,112956.0,0.0,10.95,20615686.0,1000000.0,500000,1000000,500000,,,,,,,stage1_pair_screen_1m,MacBookPro.fios-router.home,a778f3cbe9d6a9f3bd05580ec3a2cb3c45c4b342,18.872332,2026-04-29T03:51:49.330720+00:00,2026-04-29T03:52:08.203052+00:00,/Users/barry/Library/Mobile Documents/com~apple~CloudDocs/Carnegie Mellon/15740/Proj/Mixture-of-Prefetchers/artifacts/athena_traces/compute_int_568.champsim.gz,results/stage1_pair_screen_1m_probe1_budget8192_MLOP_SPPplusPPF/runs/20260429T034359.626926Z-6dd5/logs/secret_compute_int_568__AthenaMAB.out,results/stage1_pair_screen_1m_probe1_budget8192_MLOP_SPPplusPPF/runs/20260429T034359.626926Z-6dd5/logs/secret_compute_int_568__AthenaMAB.err,results/stage1_pair_screen_1m_probe1_budget8192_MLOP_SPPplusPPF/runs/20260429T034359.626926Z-6dd5/metrics/secret_compute_int_568__AthenaMAB.json,results/stage1_pair_screen_1m_probe1_budget8192_MLOP_SPPplusPPF/runs/20260429T034359.626926Z-6dd5/epoch_logs/secret_compute_int_568__AthenaMAB,"--warmup_instructions=500000 --simulation_instructions=1000000 --llc_replacement_type=ship --config='/Users/barry/Library/Mobile Documents/com~apple~CloudDocs/Carnegie Mellon/15740/Proj/Mixture-of-Prefetchers/external/athena'/config/nopref.ini --rob_partition_size=64,128,320 --rob_frontal_partition_ids=0 --rob_dorsal_partition_ids=2 --dram_io_freq=400 --config='/Users/barry/Library/Mobile Documents/com~apple~CloudDocs/Carnegie Mellon/15740/Proj/Mixture-of-Prefetchers/external/athena/config/mop_lite_mab.ini' --l2c_prefetcher_types=mlop --config='/Users/barry/Library/Mobile Documents/com~apple~CloudDocs/Carnegie Mellon/15740/Proj/Mixture-of-Prefetchers/external/athena/config/mlop.ini' --l2c_prefetcher_types=spp_ppf_dev --config='/Users/barry/Library/Mobile Documents/com~apple~CloudDocs/Carnegie Mellon/15740/Proj/Mixture-of-Prefetchers/external/athena/config/spp_ppf_dev.ini' --l2c_prefetcher_force_prefetch_at_llc=true --mop_epoch_trace=results/stage1_pair_screen_1m_probe1_budget8192_MLOP_SPPplusPPF/runs/20260429T034359.626926Z-6dd5/epoch_logs/secret_compute_int_568__AthenaMAB"
20260429T034359.626926Z-6dd5,602.gcc_s-734B,SPEC,train,Baseline,baseline,,,,,,,0.51762,1.0,0.6770611241187166,0.51762,0.76451,0.0,8071.0,8.070967716129136,0.0,0.0,0.0,0.0,0.0,0.0,0.0,0.0,0.0,0.0,0.0,0.0,0.0,0.0,0.0,0.0,0.0,0.0,0.0,0.0,16113.0,8071.0,0.0,0.0,0.0,440.0,176.0,0.0,0.1,1931933.0,1000004.0,500000,1000000,,,,,,,,stage1_pair_screen_1m,MacBookPro.fios-router.home,a778f3cbe9d6a9f3bd05580ec3a2cb3c45c4b342,6.489309,2026-04-29T03:52:08.203132+00:00,2026-04-29T03:52:14.692441+00:00,/Users/barry/Library/Mobile Documents/com~apple~CloudDocs/Carnegie Mellon/15740/Proj/Mixture-of-Prefetchers/artifacts/athena_traces/602.gcc_s-734B.champsimtrace.xz,results/stage1_pair_screen_1m_probe1_budget8192_MLOP_SPPplusPPF/runs/20260429T034359.626926Z-6dd5/logs/602.gcc_s-734B__Baseline.out,results/stage1_pair_screen_1m_probe1_budget8192_MLOP_SPPplusPPF/runs/20260429T034359.626926Z-6dd5/logs/602.gcc_s-734B__Baseline.err,results/stage1_pair_screen_1m_probe1_budget8192_MLOP_SPPplusPPF/runs/20260429T034359.626926Z-6dd5/metrics/602.gcc_s-734B__Baseline.json,,"--warmup_instructions=500000 --simulation_instructions=1000000 --llc_replacement_type=ship --config='/Users/barry/Library/Mobile Documents/com~apple~CloudDocs/Carnegie Mellon/15740/Proj/Mixture-of-Prefetchers/external/athena'/config/nopref.ini --rob_partition_size=64,128,320 --rob_frontal_partition_ids=0 --rob_dorsal_partition_ids=2 --dram_io_freq=400"
20260429T034359.626926Z-6dd5,602.gcc_s-734B,SPEC,train,MLOP,single,,,,,,,0.72573,1.402051698156949,0.9492746988266995,0.51762,0.76451,1.0,8071.0,8.070967716129136,9473.0,9473.0,0.0,0.0,0.0,0.0,7779.0,9473.0,7779.0,0.8211759738203315,0.0,0.0,0.0,0.0,0.0,0.0,0.0,0.0,0.0,0.0,16113.0,8071.0,0.0,0.0,0.0,734.0,5797.0,0.0,0.1,1377922.0,1000004.0,500000,1000000,,,,,,,,stage1_pair_screen_1m,MacBookPro.fios-router.home,a778f3cbe9d6a9f3bd05580ec3a2cb3c45c4b342,6.435353,2026-04-29T03:52:14.692527+00:00,2026-04-29T03:52:21.127880+00:00,/Users/barry/Library/Mobile Documents/com~apple~CloudDocs/Carnegie Mellon/15740/Proj/Mixture-of-Prefetchers/artifacts/athena_traces/602.gcc_s-734B.champsimtrace.xz,results/stage1_pair_screen_1m_probe1_budget8192_MLOP_SPPplusPPF/runs/20260429T034359.626926Z-6dd5/logs/602.gcc_s-734B__MLOP.out,results/stage1_pair_screen_1m_probe1_budget8192_MLOP_SPPplusPPF/runs/20260429T034359.626926Z-6dd5/logs/602.gcc_s-734B__MLOP.err,results/stage1_pair_screen_1m_probe1_budget8192_MLOP_SPPplusPPF/runs/20260429T034359.626926Z-6dd5/metrics/602.gcc_s-734B__MLOP.json,,"--warmup_instructions=500000 --simulation_instructions=1000000 --llc_replacement_type=ship --config='/Users/barry/Library/Mobile Documents/com~apple~CloudDocs/Carnegie Mellon/15740/Proj/Mixture-of-Prefetchers/external/athena'/config/nopref.ini --rob_partition_size=64,128,320 --rob_frontal_partition_ids=0 --rob_dorsal_partition_ids=2 --dram_io_freq=400 --l2c_prefetcher_types=mlop --config='/Users/barry/Library/Mobile Documents/com~apple~CloudDocs/Carnegie Mellon/15740/Proj/Mixture-of-Prefetchers/external/athena/config/mlop.ini' --l2c_prefetcher_force_prefetch_at_llc=true"
20260429T034359.626926Z-6dd5,602.gcc_s-734B,SPEC,train,SPP+PPF,single,,,,,,,0.76451,1.4769715235114564,1.0,0.51762,0.76451,1.0,8071.0,8.070967716129136,15429.0,15429.0,0.0,0.0,0.0,0.0,7441.0,15429.0,7441.0,0.4822736405470218,0.0,0.0,0.0,0.0,0.0,0.0,0.0,0.0,0.0,0.0,16113.0,8071.0,0.0,0.0,0.0,523.0,474.0,0.0,0.1,1308038.0,1000004.0,500000,1000000,,,,,,,,stage1_pair_screen_1m,MacBookPro.fios-router.home,a778f3cbe9d6a9f3bd05580ec3a2cb3c45c4b342,6.396702,2026-04-29T03:52:21.127940+00:00,2026-04-29T03:52:27.524642+00:00,/Users/barry/Library/Mobile Documents/com~apple~CloudDocs/Carnegie Mellon/15740/Proj/Mixture-of-Prefetchers/artifacts/athena_traces/602.gcc_s-734B.champsimtrace.xz,results/stage1_pair_screen_1m_probe1_budget8192_MLOP_SPPplusPPF/runs/20260429T034359.626926Z-6dd5/logs/602.gcc_s-734B__SPPplusPPF.out,results/stage1_pair_screen_1m_probe1_budget8192_MLOP_SPPplusPPF/runs/20260429T034359.626926Z-6dd5/logs/602.gcc_s-734B__SPPplusPPF.err,results/stage1_pair_screen_1m_probe1_budget8192_MLOP_SPPplusPPF/runs/20260429T034359.626926Z-6dd5/metrics/602.gcc_s-734B__SPPplusPPF.json,,"--warmup_instructions=500000 --simulation_instructions=1000000 --llc_replacement_type=ship --config='/Users/barry/Library/Mobile Documents/com~apple~CloudDocs/Carnegie Mellon/15740/Proj/Mixture-of-Prefetchers/external/athena'/config/nopref.ini --rob_partition_size=64,128,320 --rob_frontal_partition_ids=0 --rob_dorsal_partition_ids=2 --dram_io_freq=400 --l2c_prefetcher_types=spp_ppf_dev --config='/Users/barry/Library/Mobile Documents/com~apple~CloudDocs/Carnegie Mellon/15740/Proj/Mixture-of-Prefetchers/external/athena/config/spp_ppf_dev.ini' --l2c_prefetcher_force_prefetch_at_llc=true"
20260429T034359.626926Z-6dd5,602.gcc_s-734B,SPEC,train,MoP-V0,router,MoP-V0,,,MLOP,SPP+PPF,1,0.67603,1.3060353154824003,0.8842657388392565,0.51762,0.76451,1.0,8071.0,8.070967716129136,16304.0,16304.0,0.0,0.0,0.0,0.0,5985.0,16304.0,5985.0,0.36708783120706573,8486.0,9922.0,8731.0,19297.0,6499.0,18077.0,3.0,3.0,1.0288710817817581,1.9448699858899416,16113.0,8071.0,0.0,0.0,0.0,556.0,2954.0,0.0,0.1,1479227.0,1000004.0,500000,1000000,500000,8192,30,50,10,1,"1.0,0.25,1.0",stage1_pair_screen_1m,MacBookPro.fios-router.home,a778f3cbe9d6a9f3bd05580ec3a2cb3c45c4b342,6.401886,2026-04-29T03:52:27.524700+00:00,2026-04-29T03:52:33.926586+00:00,/Users/barry/Library/Mobile Documents/com~apple~CloudDocs/Carnegie Mellon/15740/Proj/Mixture-of-Prefetchers/artifacts/athena_traces/602.gcc_s-734B.champsimtrace.xz,results/stage1_pair_screen_1m_probe1_budget8192_MLOP_SPPplusPPF/runs/20260429T034359.626926Z-6dd5/logs/602.gcc_s-734B__MoP-V0.out,results/stage1_pair_screen_1m_probe1_budget8192_MLOP_SPPplusPPF/runs/20260429T034359.626926Z-6dd5/logs/602.gcc_s-734B__MoP-V0.err,results/stage1_pair_screen_1m_probe1_budget8192_MLOP_SPPplusPPF/runs/20260429T034359.626926Z-6dd5/metrics/602.gcc_s-734B__MoP-V0.json,results/stage1_pair_screen_1m_probe1_budget8192_MLOP_SPPplusPPF/runs/20260429T034359.626926Z-6dd5/epoch_logs/602.gcc_s-734B__MoP-V0,"--warmup_instructions=500000 --simulation_instructions=1000000 --llc_replacement_type=ship --config='/Users/barry/Library/Mobile Documents/com~apple~CloudDocs/Carnegie Mellon/15740/Proj/Mixture-of-Prefetchers/external/athena'/config/nopref.ini --rob_partition_size=64,128,320 --rob_frontal_partition_ids=0 --rob_dorsal_partition_ids=2 --dram_io_freq=400 --config='/Users/barry/Library/Mobile Documents/com~apple~CloudDocs/Carnegie Mellon/15740/Proj/Mixture-of-Prefetchers/external/athena/config/mop_lite.ini' --mop_router_type=4 --mop_seed=1 --l2c_prefetcher_types=mlop --config='/Users/barry/Library/Mobile Documents/com~apple~CloudDocs/Carnegie Mellon/15740/Proj/Mixture-of-Prefetchers/external/athena/config/mlop.ini' --l2c_prefetcher_types=spp_ppf_dev --config='/Users/barry/Library/Mobile Documents/com~apple~CloudDocs/Carnegie Mellon/15740/Proj/Mixture-of-Prefetchers/external/athena/config/spp_ppf_dev.ini' --l2c_prefetcher_force_prefetch_at_llc=true --mop_epoch_trace=results/stage1_pair_screen_1m_probe1_budget8192_MLOP_SPPplusPPF/runs/20260429T034359.626926Z-6dd5/epoch_logs/602.gcc_s-734B__MoP-V0 --mop_total_budget=8192 --mop_one_shot_epochs=1"
20260429T034359.626926Z-6dd5,602.gcc_s-734B,SPEC,train,MoP-V1.1,router,MoP-V1.1,,,MLOP,SPP+PPF,1,0.67587,1.30572620841544,0.8840564544610272,0.51762,0.76451,1.0,8071.0,8.070967716129136,16305.0,16305.0,0.0,0.0,0.0,0.0,5977.0,16305.0,5977.0,0.36657467034651947,8474.0,9873.0,8702.0,19317.0,6424.0,18152.0,3.0,3.0,1.0269058295964126,1.956548161652993,16113.0,8071.0,0.0,0.0,0.0,524.0,2986.0,0.0,0.1,1479576.0,1000004.0,500000,1000000,500000,8192,30,50,10,1,"1.0,0.25,1.0",stage1_pair_screen_1m,MacBookPro.fios-router.home,a778f3cbe9d6a9f3bd05580ec3a2cb3c45c4b342,6.403021,2026-04-29T03:52:33.926639+00:00,2026-04-29T03:52:40.329660+00:00,/Users/barry/Library/Mobile Documents/com~apple~CloudDocs/Carnegie Mellon/15740/Proj/Mixture-of-Prefetchers/artifacts/athena_traces/602.gcc_s-734B.champsimtrace.xz,results/stage1_pair_screen_1m_probe1_budget8192_MLOP_SPPplusPPF/runs/20260429T034359.626926Z-6dd5/logs/602.gcc_s-734B__MoP-V1.1.out,results/stage1_pair_screen_1m_probe1_budget8192_MLOP_SPPplusPPF/runs/20260429T034359.626926Z-6dd5/logs/602.gcc_s-734B__MoP-V1.1.err,results/stage1_pair_screen_1m_probe1_budget8192_MLOP_SPPplusPPF/runs/20260429T034359.626926Z-6dd5/metrics/602.gcc_s-734B__MoP-V1.1.json,results/stage1_pair_screen_1m_probe1_budget8192_MLOP_SPPplusPPF/runs/20260429T034359.626926Z-6dd5/epoch_logs/602.gcc_s-734B__MoP-V1.1,"--warmup_instructions=500000 --simulation_instructions=1000000 --llc_replacement_type=ship --config='/Users/barry/Library/Mobile Documents/com~apple~CloudDocs/Carnegie Mellon/15740/Proj/Mixture-of-Prefetchers/external/athena'/config/nopref.ini --rob_partition_size=64,128,320 --rob_frontal_partition_ids=0 --rob_dorsal_partition_ids=2 --dram_io_freq=400 --config='/Users/barry/Library/Mobile Documents/com~apple~CloudDocs/Carnegie Mellon/15740/Proj/Mixture-of-Prefetchers/external/athena/config/mop_lite.ini' --mop_router_type=5 --mop_seed=1 --l2c_prefetcher_types=mlop --config='/Users/barry/Library/Mobile Documents/com~apple~CloudDocs/Carnegie Mellon/15740/Proj/Mixture-of-Prefetchers/external/athena/config/mlop.ini' --l2c_prefetcher_types=spp_ppf_dev --config='/Users/barry/Library/Mobile Documents/com~apple~CloudDocs/Carnegie Mellon/15740/Proj/Mixture-of-Prefetchers/external/athena/config/spp_ppf_dev.ini' --l2c_prefetcher_force_prefetch_at_llc=true --mop_epoch_trace=results/stage1_pair_screen_1m_probe1_budget8192_MLOP_SPPplusPPF/runs/20260429T034359.626926Z-6dd5/epoch_logs/602.gcc_s-734B__MoP-V1.1 --mop_total_budget=8192 --mop_one_shot_epochs=1"
20260429T034359.626926Z-6dd5,602.gcc_s-734B,SPEC,train,MoP-V1.2,router,MoP-V1.2,,,MLOP,SPP+PPF,1,0.76468,1.4772999497701018,1.0002223646518684,0.51762,0.76451,1.0,8071.0,8.070967716129136,15431.0,15431.0,0.0,0.0,0.0,0.0,7444.0,15431.0,7444.0,0.482405547274966,4096.0,11965.0,5086.0,21091.0,0.0,24576.0,0.0,3.0,1.24169921875,1.7627246134559131,16113.0,8071.0,0.0,0.0,0.0,504.0,477.0,0.0,0.1,1307748.0,1000004.0,500000,1000000,500000,8192,30,50,10,1,"1.0,0.25,1.0",stage1_pair_screen_1m,MacBookPro.fios-router.home,a778f3cbe9d6a9f3bd05580ec3a2cb3c45c4b342,6.252318,2026-04-29T03:52:40.329722+00:00,2026-04-29T03:52:46.582040+00:00,/Users/barry/Library/Mobile Documents/com~apple~CloudDocs/Carnegie Mellon/15740/Proj/Mixture-of-Prefetchers/artifacts/athena_traces/602.gcc_s-734B.champsimtrace.xz,results/stage1_pair_screen_1m_probe1_budget8192_MLOP_SPPplusPPF/runs/20260429T034359.626926Z-6dd5/logs/602.gcc_s-734B__MoP-V1.2.out,results/stage1_pair_screen_1m_probe1_budget8192_MLOP_SPPplusPPF/runs/20260429T034359.626926Z-6dd5/logs/602.gcc_s-734B__MoP-V1.2.err,results/stage1_pair_screen_1m_probe1_budget8192_MLOP_SPPplusPPF/runs/20260429T034359.626926Z-6dd5/metrics/602.gcc_s-734B__MoP-V1.2.json,results/stage1_pair_screen_1m_probe1_budget8192_MLOP_SPPplusPPF/runs/20260429T034359.626926Z-6dd5/epoch_logs/602.gcc_s-734B__MoP-V1.2,"--warmup_instructions=500000 --simulation_instructions=1000000 --llc_replacement_type=ship --config='/Users/barry/Library/Mobile Documents/com~apple~CloudDocs/Carnegie Mellon/15740/Proj/Mixture-of-Prefetchers/external/athena'/config/nopref.ini --rob_partition_size=64,128,320 --rob_frontal_partition_ids=0 --rob_dorsal_partition_ids=2 --dram_io_freq=400 --config='/Users/barry/Library/Mobile Documents/com~apple~CloudDocs/Carnegie Mellon/15740/Proj/Mixture-of-Prefetchers/external/athena/config/mop_lite.ini' --mop_router_type=6 --mop_seed=1 --l2c_prefetcher_types=mlop --config='/Users/barry/Library/Mobile Documents/com~apple~CloudDocs/Carnegie Mellon/15740/Proj/Mixture-of-Prefetchers/external/athena/config/mlop.ini' --l2c_prefetcher_types=spp_ppf_dev --config='/Users/barry/Library/Mobile Documents/com~apple~CloudDocs/Carnegie Mellon/15740/Proj/Mixture-of-Prefetchers/external/athena/config/spp_ppf_dev.ini' --l2c_prefetcher_force_prefetch_at_llc=true --mop_epoch_trace=results/stage1_pair_screen_1m_probe1_budget8192_MLOP_SPPplusPPF/runs/20260429T034359.626926Z-6dd5/epoch_logs/602.gcc_s-734B__MoP-V1.2 --mop_total_budget=8192 --mop_one_shot_epochs=1"
20260429T034359.626926Z-6dd5,602.gcc_s-734B,SPEC,train,WinnerTakeAll,router,WinnerTakeAll,,,MLOP,SPP+PPF,1,0.7651,1.4781113558208725,1.0007717361447201,0.51762,0.76451,1.0,8071.0,8.070967716129136,15390.0,15390.0,0.0,0.0,0.0,0.0,7474.0,15390.0,7474.0,0.48564002599090317,4096.0,11936.0,5103.0,21077.0,0.0,24576.0,0.0,3.0,1.245849609375,1.7658344504021448,16113.0,8071.0,0.0,0.0,0.0,459.0,458.0,0.0,0.1,1307016.0,1000004.0,500000,1000000,500000,8192,30,50,10,1,"1.0,0.25,1.0",stage1_pair_screen_1m,MacBookPro.fios-router.home,a778f3cbe9d6a9f3bd05580ec3a2cb3c45c4b342,6.503414,2026-04-29T03:52:46.582089+00:00,2026-04-29T03:52:53.085503+00:00,/Users/barry/Library/Mobile Documents/com~apple~CloudDocs/Carnegie Mellon/15740/Proj/Mixture-of-Prefetchers/artifacts/athena_traces/602.gcc_s-734B.champsimtrace.xz,results/stage1_pair_screen_1m_probe1_budget8192_MLOP_SPPplusPPF/runs/20260429T034359.626926Z-6dd5/logs/602.gcc_s-734B__WinnerTakeAll.out,results/stage1_pair_screen_1m_probe1_budget8192_MLOP_SPPplusPPF/runs/20260429T034359.626926Z-6dd5/logs/602.gcc_s-734B__WinnerTakeAll.err,results/stage1_pair_screen_1m_probe1_budget8192_MLOP_SPPplusPPF/runs/20260429T034359.626926Z-6dd5/metrics/602.gcc_s-734B__WinnerTakeAll.json,results/stage1_pair_screen_1m_probe1_budget8192_MLOP_SPPplusPPF/runs/20260429T034359.626926Z-6dd5/epoch_logs/602.gcc_s-734B__WinnerTakeAll,"--warmup_instructions=500000 --simulation_instructions=1000000 --llc_replacement_type=ship --config='/Users/barry/Library/Mobile Documents/com~apple~CloudDocs/Carnegie Mellon/15740/Proj/Mixture-of-Prefetchers/external/athena'/config/nopref.ini --rob_partition_size=64,128,320 --rob_frontal_partition_ids=0 --rob_dorsal_partition_ids=2 --dram_io_freq=400 --config='/Users/barry/Library/Mobile Documents/com~apple~CloudDocs/Carnegie Mellon/15740/Proj/Mixture-of-Prefetchers/external/athena/config/mop_lite.ini' --mop_router_type=1 --mop_seed=1 --l2c_prefetcher_types=mlop --config='/Users/barry/Library/Mobile Documents/com~apple~CloudDocs/Carnegie Mellon/15740/Proj/Mixture-of-Prefetchers/external/athena/config/mlop.ini' --l2c_prefetcher_types=spp_ppf_dev --config='/Users/barry/Library/Mobile Documents/com~apple~CloudDocs/Carnegie Mellon/15740/Proj/Mixture-of-Prefetchers/external/athena/config/spp_ppf_dev.ini' --l2c_prefetcher_force_prefetch_at_llc=true --mop_epoch_trace=results/stage1_pair_screen_1m_probe1_budget8192_MLOP_SPPplusPPF/runs/20260429T034359.626926Z-6dd5/epoch_logs/602.gcc_s-734B__WinnerTakeAll --mop_total_budget=8192 --mop_one_shot_epochs=1"
20260429T034359.626926Z-6dd5,602.gcc_s-734B,SPEC,train,OneShotFit,router,OneShotFit,,,MLOP,SPP+PPF,1,0.76542,1.478729569954793,1.0011903049011786,0.51762,0.76451,1.0,8071.0,8.070967716129136,15472.0,15472.0,0.0,0.0,0.0,0.0,7469.0,15472.0,7469.0,0.4827430196483971,4096.0,11915.0,5114.0,21157.0,0.0,24576.0,0.0,3.0,1.24853515625,1.775660931598825,16113.0,8071.0,0.0,0.0,0.0,446.0,456.0,0.0,0.1,1306475.0,1000004.0,500000,1000000,500000,8192,30,50,10,1,"1.0,0.25,1.0",stage1_pair_screen_1m,MacBookPro.fios-router.home,a778f3cbe9d6a9f3bd05580ec3a2cb3c45c4b342,6.321106,2026-04-29T03:52:53.085565+00:00,2026-04-29T03:52:59.406671+00:00,/Users/barry/Library/Mobile Documents/com~apple~CloudDocs/Carnegie Mellon/15740/Proj/Mixture-of-Prefetchers/artifacts/athena_traces/602.gcc_s-734B.champsimtrace.xz,results/stage1_pair_screen_1m_probe1_budget8192_MLOP_SPPplusPPF/runs/20260429T034359.626926Z-6dd5/logs/602.gcc_s-734B__OneShotFit.out,results/stage1_pair_screen_1m_probe1_budget8192_MLOP_SPPplusPPF/runs/20260429T034359.626926Z-6dd5/logs/602.gcc_s-734B__OneShotFit.err,results/stage1_pair_screen_1m_probe1_budget8192_MLOP_SPPplusPPF/runs/20260429T034359.626926Z-6dd5/metrics/602.gcc_s-734B__OneShotFit.json,results/stage1_pair_screen_1m_probe1_budget8192_MLOP_SPPplusPPF/runs/20260429T034359.626926Z-6dd5/epoch_logs/602.gcc_s-734B__OneShotFit,"--warmup_instructions=500000 --simulation_instructions=1000000 --llc_replacement_type=ship --config='/Users/barry/Library/Mobile Documents/com~apple~CloudDocs/Carnegie Mellon/15740/Proj/Mixture-of-Prefetchers/external/athena'/config/nopref.ini --rob_partition_size=64,128,320 --rob_frontal_partition_ids=0 --rob_dorsal_partition_ids=2 --dram_io_freq=400 --config='/Users/barry/Library/Mobile Documents/com~apple~CloudDocs/Carnegie Mellon/15740/Proj/Mixture-of-Prefetchers/external/athena/config/mop_lite.ini' --mop_router_type=3 --mop_seed=1 --l2c_prefetcher_types=mlop --config='/Users/barry/Library/Mobile Documents/com~apple~CloudDocs/Carnegie Mellon/15740/Proj/Mixture-of-Prefetchers/external/athena/config/mlop.ini' --l2c_prefetcher_types=spp_ppf_dev --config='/Users/barry/Library/Mobile Documents/com~apple~CloudDocs/Carnegie Mellon/15740/Proj/Mixture-of-Prefetchers/external/athena/config/spp_ppf_dev.ini' --l2c_prefetcher_force_prefetch_at_llc=true --mop_epoch_trace=results/stage1_pair_screen_1m_probe1_budget8192_MLOP_SPPplusPPF/runs/20260429T034359.626926Z-6dd5/epoch_logs/602.gcc_s-734B__OneShotFit --mop_total_budget=8192 --mop_one_shot_epochs=1"
20260429T034359.626926Z-6dd5,602.gcc_s-734B,SPEC,train,AthenaMAB,builtin,,,AthenaMAB,MLOP,SPP+PPF,,0.6165,1.1910281673814769,0.8063988698643576,0.51762,0.76451,1.0,8071.0,8.070967716129136,7692.0,7692.0,0.0,0.0,0.0,0.0,3691.0,7692.0,3691.0,0.4798491939677587,0.0,4628.0,0.0,7607.0,0.0,0.0,0.0,0.0,0.0,1.6436905790838374,16113.0,8071.0,0.0,0.0,0.0,533.0,357.0,0.0,0.1,1622076.0,1000004.0,500000,1000000,500000,,,,,,,stage1_pair_screen_1m,MacBookPro.fios-router.home,a778f3cbe9d6a9f3bd05580ec3a2cb3c45c4b342,6.385666,2026-04-29T03:52:59.406741+00:00,2026-04-29T03:53:05.792407+00:00,/Users/barry/Library/Mobile Documents/com~apple~CloudDocs/Carnegie Mellon/15740/Proj/Mixture-of-Prefetchers/artifacts/athena_traces/602.gcc_s-734B.champsimtrace.xz,results/stage1_pair_screen_1m_probe1_budget8192_MLOP_SPPplusPPF/runs/20260429T034359.626926Z-6dd5/logs/602.gcc_s-734B__AthenaMAB.out,results/stage1_pair_screen_1m_probe1_budget8192_MLOP_SPPplusPPF/runs/20260429T034359.626926Z-6dd5/logs/602.gcc_s-734B__AthenaMAB.err,results/stage1_pair_screen_1m_probe1_budget8192_MLOP_SPPplusPPF/runs/20260429T034359.626926Z-6dd5/metrics/602.gcc_s-734B__AthenaMAB.json,results/stage1_pair_screen_1m_probe1_budget8192_MLOP_SPPplusPPF/runs/20260429T034359.626926Z-6dd5/epoch_logs/602.gcc_s-734B__AthenaMAB,"--warmup_instructions=500000 --simulation_instructions=1000000 --llc_replacement_type=ship --config='/Users/barry/Library/Mobile Documents/com~apple~CloudDocs/Carnegie Mellon/15740/Proj/Mixture-of-Prefetchers/external/athena'/config/nopref.ini --rob_partition_size=64,128,320 --rob_frontal_partition_ids=0 --rob_dorsal_partition_ids=2 --dram_io_freq=400 --config='/Users/barry/Library/Mobile Documents/com~apple~CloudDocs/Carnegie Mellon/15740/Proj/Mixture-of-Prefetchers/external/athena/config/mop_lite_mab.ini' --l2c_prefetcher_types=mlop --config='/Users/barry/Library/Mobile Documents/com~apple~CloudDocs/Carnegie Mellon/15740/Proj/Mixture-of-Prefetchers/external/athena/config/mlop.ini' --l2c_prefetcher_types=spp_ppf_dev --config='/Users/barry/Library/Mobile Documents/com~apple~CloudDocs/Carnegie Mellon/15740/Proj/Mixture-of-Prefetchers/external/athena/config/spp_ppf_dev.ini' --l2c_prefetcher_force_prefetch_at_llc=true --mop_epoch_trace=results/stage1_pair_screen_1m_probe1_budget8192_MLOP_SPPplusPPF/runs/20260429T034359.626926Z-6dd5/epoch_logs/602.gcc_s-734B__AthenaMAB"
20260429T034359.626926Z-6dd5,605.mcf_s-472B,SPEC,train,Baseline,baseline,,,,,,,0.2279,1.0,0.9918182609452519,0.2279,0.22978,0.0,35964.0,35.96396403603596,0.0,0.0,0.0,0.0,0.0,0.0,0.0,0.0,0.0,0.0,0.0,0.0,0.0,0.0,0.0,0.0,0.0,0.0,0.0,0.0,36774.0,37653.0,0.0,0.0,0.0,9446.0,29691.0,0.0,1.84,4387959.0,1000001.0,500000,1000000,,,,,,,,stage1_pair_screen_1m,MacBookPro.fios-router.home,a778f3cbe9d6a9f3bd05580ec3a2cb3c45c4b342,7.473399,2026-04-29T03:53:05.792526+00:00,2026-04-29T03:53:13.265925+00:00,/Users/barry/Library/Mobile Documents/com~apple~CloudDocs/Carnegie Mellon/15740/Proj/Mixture-of-Prefetchers/artifacts/athena_traces/605.mcf_s-472B.champsimtrace.xz,results/stage1_pair_screen_1m_probe1_budget8192_MLOP_SPPplusPPF/runs/20260429T034359.626926Z-6dd5/logs/605.mcf_s-472B__Baseline.out,results/stage1_pair_screen_1m_probe1_budget8192_MLOP_SPPplusPPF/runs/20260429T034359.626926Z-6dd5/logs/605.mcf_s-472B__Baseline.err,results/stage1_pair_screen_1m_probe1_budget8192_MLOP_SPPplusPPF/runs/20260429T034359.626926Z-6dd5/metrics/605.mcf_s-472B__Baseline.json,,"--warmup_instructions=500000 --simulation_instructions=1000000 --llc_replacement_type=ship --config='/Users/barry/Library/Mobile Documents/com~apple~CloudDocs/Carnegie Mellon/15740/Proj/Mixture-of-Prefetchers/external/athena'/config/nopref.ini --rob_partition_size=64,128,320 --rob_frontal_partition_ids=0 --rob_dorsal_partition_ids=2 --dram_io_freq=400"
20260429T034359.626926Z-6dd5,605.mcf_s-472B,SPEC,train,MLOP,single,,,,,,,0.19898,0.8731022378236069,0.8659587431456175,0.2279,0.22978,1.0,35999.0,35.998964001036,41591.0,41591.0,0.0,0.0,0.0,0.0,21128.0,41591.0,21128.0,0.5079945180447692,0.0,0.0,0.0,0.0,0.0,0.0,0.0,0.0,0.0,0.0,36806.0,37687.0,0.0,0.0,0.0,8730.0,50287.0,0.0,1.84,5025665.0,1000001.0,500000,1000000,,,,,,,,stage1_pair_screen_1m,MacBookPro.fios-router.home,a778f3cbe9d6a9f3bd05580ec3a2cb3c45c4b342,8.841791,2026-04-29T03:53:13.266025+00:00,2026-04-29T03:53:22.107816+00:00,/Users/barry/Library/Mobile Documents/com~apple~CloudDocs/Carnegie Mellon/15740/Proj/Mixture-of-Prefetchers/artifacts/athena_traces/605.mcf_s-472B.champsimtrace.xz,results/stage1_pair_screen_1m_probe1_budget8192_MLOP_SPPplusPPF/runs/20260429T034359.626926Z-6dd5/logs/605.mcf_s-472B__MLOP.out,results/stage1_pair_screen_1m_probe1_budget8192_MLOP_SPPplusPPF/runs/20260429T034359.626926Z-6dd5/logs/605.mcf_s-472B__MLOP.err,results/stage1_pair_screen_1m_probe1_budget8192_MLOP_SPPplusPPF/runs/20260429T034359.626926Z-6dd5/metrics/605.mcf_s-472B__MLOP.json,,"--warmup_instructions=500000 --simulation_instructions=1000000 --llc_replacement_type=ship --config='/Users/barry/Library/Mobile Documents/com~apple~CloudDocs/Carnegie Mellon/15740/Proj/Mixture-of-Prefetchers/external/athena'/config/nopref.ini --rob_partition_size=64,128,320 --rob_frontal_partition_ids=0 --rob_dorsal_partition_ids=2 --dram_io_freq=400 --l2c_prefetcher_types=mlop --config='/Users/barry/Library/Mobile Documents/com~apple~CloudDocs/Carnegie Mellon/15740/Proj/Mixture-of-Prefetchers/external/athena/config/mlop.ini' --l2c_prefetcher_force_prefetch_at_llc=true"
20260429T034359.626926Z-6dd5,605.mcf_s-472B,SPEC,train,SPP+PPF,single,,,,,,,0.22978,1.0082492321193506,1.0,0.2279,0.22978,1.0,35975.0,35.975,48913.0,48913.0,0.0,0.0,0.0,0.0,9499.0,48913.0,9499.0,0.1942019504017337,0.0,0.0,0.0,0.0,0.0,0.0,0.0,0.0,0.0,0.0,36784.0,37662.0,0.0,0.0,0.0,10168.0,40851.0,0.0,1.84,4351963.0,1000000.0,500000,1000000,,,,,,,,stage1_pair_screen_1m,MacBookPro.fios-router.home,a778f3cbe9d6a9f3bd05580ec3a2cb3c45c4b342,7.976484,2026-04-29T03:53:22.107898+00:00,2026-04-29T03:53:30.084382+00:00,/Users/barry/Library/Mobile Documents/com~apple~CloudDocs/Carnegie Mellon/15740/Proj/Mixture-of-Prefetchers/artifacts/athena_traces/605.mcf_s-472B.champsimtrace.xz,results/stage1_pair_screen_1m_probe1_budget8192_MLOP_SPPplusPPF/runs/20260429T034359.626926Z-6dd5/logs/605.mcf_s-472B__SPPplusPPF.out,results/stage1_pair_screen_1m_probe1_budget8192_MLOP_SPPplusPPF/runs/20260429T034359.626926Z-6dd5/logs/605.mcf_s-472B__SPPplusPPF.err,results/stage1_pair_screen_1m_probe1_budget8192_MLOP_SPPplusPPF/runs/20260429T034359.626926Z-6dd5/metrics/605.mcf_s-472B__SPPplusPPF.json,,"--warmup_instructions=500000 --simulation_instructions=1000000 --llc_replacement_type=ship --config='/Users/barry/Library/Mobile Documents/com~apple~CloudDocs/Carnegie Mellon/15740/Proj/Mixture-of-Prefetchers/external/athena'/config/nopref.ini --rob_partition_size=64,128,320 --rob_frontal_partition_ids=0 --rob_dorsal_partition_ids=2 --dram_io_freq=400 --l2c_prefetcher_types=spp_ppf_dev --config='/Users/barry/Library/Mobile Documents/com~apple~CloudDocs/Carnegie Mellon/15740/Proj/Mixture-of-Prefetchers/external/athena/config/spp_ppf_dev.ini' --l2c_prefetcher_force_prefetch_at_llc=true"
20260429T034359.626926Z-6dd5,605.mcf_s-472B,SPEC,train,MoP-V0,router,MoP-V0,,,MLOP,SPP+PPF,1,0.24941,1.0943835015357612,1.0854295413003743,0.2279,0.22978,1.0,35967.0,35.966964033035964,13607.0,13607.0,0.0,0.0,0.0,0.0,6956.0,13607.0,6956.0,0.5112074667450577,12182.0,8259.0,7588.0,7153.0,8086.0,16490.0,2.0,3.0,0.6228862255787228,0.8660854825039351,36775.0,37652.0,0.0,0.0,0.0,8924.0,37687.0,0.0,1.84,4009469.0,1000001.0,500000,1000000,500000,8192,30,50,10,1,"1.0,0.25,1.0",stage1_pair_screen_1m,MacBookPro.fios-router.home,a778f3cbe9d6a9f3bd05580ec3a2cb3c45c4b342,7.645419,2026-04-29T03:53:30.084440+00:00,2026-04-29T03:53:37.729859+00:00,/Users/barry/Library/Mobile Documents/com~apple~CloudDocs/Carnegie Mellon/15740/Proj/Mixture-of-Prefetchers/artifacts/athena_traces/605.mcf_s-472B.champsimtrace.xz,results/stage1_pair_screen_1m_probe1_budget8192_MLOP_SPPplusPPF/runs/20260429T034359.626926Z-6dd5/logs/605.mcf_s-472B__MoP-V0.out,results/stage1_pair_screen_1m_probe1_budget8192_MLOP_SPPplusPPF/runs/20260429T034359.626926Z-6dd5/logs/605.mcf_s-472B__MoP-V0.err,results/stage1_pair_screen_1m_probe1_budget8192_MLOP_SPPplusPPF/runs/20260429T034359.626926Z-6dd5/metrics/605.mcf_s-472B__MoP-V0.json,results/stage1_pair_screen_1m_probe1_budget8192_MLOP_SPPplusPPF/runs/20260429T034359.626926Z-6dd5/epoch_logs/605.mcf_s-472B__MoP-V0,"--warmup_instructions=500000 --simulation_instructions=1000000 --llc_replacement_type=ship --config='/Users/barry/Library/Mobile Documents/com~apple~CloudDocs/Carnegie Mellon/15740/Proj/Mixture-of-Prefetchers/external/athena'/config/nopref.ini --rob_partition_size=64,128,320 --rob_frontal_partition_ids=0 --rob_dorsal_partition_ids=2 --dram_io_freq=400 --config='/Users/barry/Library/Mobile Documents/com~apple~CloudDocs/Carnegie Mellon/15740/Proj/Mixture-of-Prefetchers/external/athena/config/mop_lite.ini' --mop_router_type=4 --mop_seed=1 --l2c_prefetcher_types=mlop --config='/Users/barry/Library/Mobile Documents/com~apple~CloudDocs/Carnegie Mellon/15740/Proj/Mixture-of-Prefetchers/external/athena/config/mlop.ini' --l2c_prefetcher_types=spp_ppf_dev --config='/Users/barry/Library/Mobile Documents/com~apple~CloudDocs/Carnegie Mellon/15740/Proj/Mixture-of-Prefetchers/external/athena/config/spp_ppf_dev.ini' --l2c_prefetcher_force_prefetch_at_llc=true --mop_epoch_trace=results/stage1_pair_screen_1m_probe1_budget8192_MLOP_SPPplusPPF/runs/20260429T034359.626926Z-6dd5/epoch_logs/605.mcf_s-472B__MoP-V0 --mop_total_budget=8192 --mop_one_shot_epochs=1"
20260429T034359.626926Z-6dd5,605.mcf_s-472B,SPEC,train,MoP-V1.1,router,MoP-V1.1,,,MLOP,SPP+PPF,1,0.24931,1.0939447125932427,1.0849943424144834,0.2279,0.22978,1.0,35966.0,35.96596403403596,13610.0,13610.0,0.0,0.0,0.0,0.0,6955.0,13610.0,6955.0,0.5110213078618663,12159.0,8288.0,7555.0,7178.0,8063.0,16513.0,2.0,3.0,0.6213504400032898,0.8660714285714286,36775.0,37653.0,0.0,0.0,0.0,9299.0,37670.0,0.0,1.84,4011113.0,1000001.0,500000,1000000,500000,8192,30,50,10,1,"1.0,0.25,1.0",stage1_pair_screen_1m,MacBookPro.fios-router.home,a778f3cbe9d6a9f3bd05580ec3a2cb3c45c4b342,7.551812,2026-04-29T03:53:37.729925+00:00,2026-04-29T03:53:45.281737+00:00,/Users/barry/Library/Mobile Documents/com~apple~CloudDocs/Carnegie Mellon/15740/Proj/Mixture-of-Prefetchers/artifacts/athena_traces/605.mcf_s-472B.champsimtrace.xz,results/stage1_pair_screen_1m_probe1_budget8192_MLOP_SPPplusPPF/runs/20260429T034359.626926Z-6dd5/logs/605.mcf_s-472B__MoP-V1.1.out,results/stage1_pair_screen_1m_probe1_budget8192_MLOP_SPPplusPPF/runs/20260429T034359.626926Z-6dd5/logs/605.mcf_s-472B__MoP-V1.1.err,results/stage1_pair_screen_1m_probe1_budget8192_MLOP_SPPplusPPF/runs/20260429T034359.626926Z-6dd5/metrics/605.mcf_s-472B__MoP-V1.1.json,results/stage1_pair_screen_1m_probe1_budget8192_MLOP_SPPplusPPF/runs/20260429T034359.626926Z-6dd5/epoch_logs/605.mcf_s-472B__MoP-V1.1,"--warmup_instructions=500000 --simulation_instructions=1000000 --llc_replacement_type=ship --config='/Users/barry/Library/Mobile Documents/com~apple~CloudDocs/Carnegie Mellon/15740/Proj/Mixture-of-Prefetchers/external/athena'/config/nopref.ini --rob_partition_size=64,128,320 --rob_frontal_partition_ids=0 --rob_dorsal_partition_ids=2 --dram_io_freq=400 --config='/Users/barry/Library/Mobile Documents/com~apple~CloudDocs/Carnegie Mellon/15740/Proj/Mixture-of-Prefetchers/external/athena/config/mop_lite.ini' --mop_router_type=5 --mop_seed=1 --l2c_prefetcher_types=mlop --config='/Users/barry/Library/Mobile Documents/com~apple~CloudDocs/Carnegie Mellon/15740/Proj/Mixture-of-Prefetchers/external/athena/config/mlop.ini' --l2c_prefetcher_types=spp_ppf_dev --config='/Users/barry/Library/Mobile Documents/com~apple~CloudDocs/Carnegie Mellon/15740/Proj/Mixture-of-Prefetchers/external/athena/config/spp_ppf_dev.ini' --l2c_prefetcher_force_prefetch_at_llc=true --mop_epoch_trace=results/stage1_pair_screen_1m_probe1_budget8192_MLOP_SPPplusPPF/runs/20260429T034359.626926Z-6dd5/epoch_logs/605.mcf_s-472B__MoP-V1.1 --mop_total_budget=8192 --mop_one_shot_epochs=1"
20260429T034359.626926Z-6dd5,605.mcf_s-472B,SPEC,train,MoP-V1.2,router,MoP-V1.2,,,MLOP,SPP+PPF,1,0.24583,1.0786748573935936,1.0698494211854817,0.2279,0.22978,1.0,35964.0,35.96396403603596,12771.0,12771.0,0.0,0.0,0.0,0.0,7236.0,12771.0,7236.0,0.5665961945031712,12288.0,7385.0,7704.0,6394.0,8192.0,16384.0,1.0,2.0,0.626953125,0.8658090724441435,36774.0,37650.0,0.0,0.0,0.0,8841.0,37552.0,0.0,1.84,4067848.0,1000001.0,500000,1000000,500000,8192,30,50,10,1,"1.0,0.25,1.0",stage1_pair_screen_1m,MacBookPro.fios-router.home,a778f3cbe9d6a9f3bd05580ec3a2cb3c45c4b342,7.654335,2026-04-29T03:53:45.281798+00:00,2026-04-29T03:53:52.936133+00:00,/Users/barry/Library/Mobile Documents/com~apple~CloudDocs/Carnegie Mellon/15740/Proj/Mixture-of-Prefetchers/artifacts/athena_traces/605.mcf_s-472B.champsimtrace.xz,results/stage1_pair_screen_1m_probe1_budget8192_MLOP_SPPplusPPF/runs/20260429T034359.626926Z-6dd5/logs/605.mcf_s-472B__MoP-V1.2.out,results/stage1_pair_screen_1m_probe1_budget8192_MLOP_SPPplusPPF/runs/20260429T034359.626926Z-6dd5/logs/605.mcf_s-472B__MoP-V1.2.err,results/stage1_pair_screen_1m_probe1_budget8192_MLOP_SPPplusPPF/runs/20260429T034359.626926Z-6dd5/metrics/605.mcf_s-472B__MoP-V1.2.json,results/stage1_pair_screen_1m_probe1_budget8192_MLOP_SPPplusPPF/runs/20260429T034359.626926Z-6dd5/epoch_logs/605.mcf_s-472B__MoP-V1.2,"--warmup_instructions=500000 --simulation_instructions=1000000 --llc_replacement_type=ship --config='/Users/barry/Library/Mobile Documents/com~apple~CloudDocs/Carnegie Mellon/15740/Proj/Mixture-of-Prefetchers/external/athena'/config/nopref.ini --rob_partition_size=64,128,320 --rob_frontal_partition_ids=0 --rob_dorsal_partition_ids=2 --dram_io_freq=400 --config='/Users/barry/Library/Mobile Documents/com~apple~CloudDocs/Carnegie Mellon/15740/Proj/Mixture-of-Prefetchers/external/athena/config/mop_lite.ini' --mop_router_type=6 --mop_seed=1 --l2c_prefetcher_types=mlop --config='/Users/barry/Library/Mobile Documents/com~apple~CloudDocs/Carnegie Mellon/15740/Proj/Mixture-of-Prefetchers/external/athena/config/mlop.ini' --l2c_prefetcher_types=spp_ppf_dev --config='/Users/barry/Library/Mobile Documents/com~apple~CloudDocs/Carnegie Mellon/15740/Proj/Mixture-of-Prefetchers/external/athena/config/spp_ppf_dev.ini' --l2c_prefetcher_force_prefetch_at_llc=true --mop_epoch_trace=results/stage1_pair_screen_1m_probe1_budget8192_MLOP_SPPplusPPF/runs/20260429T034359.626926Z-6dd5/epoch_logs/605.mcf_s-472B__MoP-V1.2 --mop_total_budget=8192 --mop_one_shot_epochs=1"
20260429T034359.626926Z-6dd5,605.mcf_s-472B,SPEC,train,WinnerTakeAll,router,WinnerTakeAll,,,MLOP,SPP+PPF,1,0.24595,1.079201404124616,1.0703716598485506,0.2279,0.22978,1.0,35965.0,35.96496403503596,12775.0,12775.0,0.0,0.0,0.0,0.0,7231.0,12775.0,7231.0,0.566027397260274,12288.0,7393.0,7684.0,6399.0,8192.0,16384.0,1.0,2.0,0.6253255208333334,0.8655484918165832,36775.0,37652.0,0.0,0.0,0.0,9445.0,37532.0,0.0,1.84,4065789.0,1000001.0,500000,1000000,500000,8192,30,50,10,1,"1.0,0.25,1.0",stage1_pair_screen_1m,MacBookPro.fios-router.home,a778f3cbe9d6a9f3bd05580ec3a2cb3c45c4b342,7.716096,2026-04-29T03:53:52.936191+00:00,2026-04-29T03:54:00.652287+00:00,/Users/barry/Library/Mobile Documents/com~apple~CloudDocs/Carnegie Mellon/15740/Proj/Mixture-of-Prefetchers/artifacts/athena_traces/605.mcf_s-472B.champsimtrace.xz,results/stage1_pair_screen_1m_probe1_budget8192_MLOP_SPPplusPPF/runs/20260429T034359.626926Z-6dd5/logs/605.mcf_s-472B__WinnerTakeAll.out,results/stage1_pair_screen_1m_probe1_budget8192_MLOP_SPPplusPPF/runs/20260429T034359.626926Z-6dd5/logs/605.mcf_s-472B__WinnerTakeAll.err,results/stage1_pair_screen_1m_probe1_budget8192_MLOP_SPPplusPPF/runs/20260429T034359.626926Z-6dd5/metrics/605.mcf_s-472B__WinnerTakeAll.json,results/stage1_pair_screen_1m_probe1_budget8192_MLOP_SPPplusPPF/runs/20260429T034359.626926Z-6dd5/epoch_logs/605.mcf_s-472B__WinnerTakeAll,"--warmup_instructions=500000 --simulation_instructions=1000000 --llc_replacement_type=ship --config='/Users/barry/Library/Mobile Documents/com~apple~CloudDocs/Carnegie Mellon/15740/Proj/Mixture-of-Prefetchers/external/athena'/config/nopref.ini --rob_partition_size=64,128,320 --rob_frontal_partition_ids=0 --rob_dorsal_partition_ids=2 --dram_io_freq=400 --config='/Users/barry/Library/Mobile Documents/com~apple~CloudDocs/Carnegie Mellon/15740/Proj/Mixture-of-Prefetchers/external/athena/config/mop_lite.ini' --mop_router_type=1 --mop_seed=1 --l2c_prefetcher_types=mlop --config='/Users/barry/Library/Mobile Documents/com~apple~CloudDocs/Carnegie Mellon/15740/Proj/Mixture-of-Prefetchers/external/athena/config/mlop.ini' --l2c_prefetcher_types=spp_ppf_dev --config='/Users/barry/Library/Mobile Documents/com~apple~CloudDocs/Carnegie Mellon/15740/Proj/Mixture-of-Prefetchers/external/athena/config/spp_ppf_dev.ini' --l2c_prefetcher_force_prefetch_at_llc=true --mop_epoch_trace=results/stage1_pair_screen_1m_probe1_budget8192_MLOP_SPPplusPPF/runs/20260429T034359.626926Z-6dd5/epoch_logs/605.mcf_s-472B__WinnerTakeAll --mop_total_budget=8192 --mop_one_shot_epochs=1"
20260429T034359.626926Z-6dd5,605.mcf_s-472B,SPEC,train,OneShotFit,router,OneShotFit,,,MLOP,SPP+PPF,1,0.25413,1.1150943396226416,1.1059709287144226,0.2279,0.22978,1.0,35965.0,35.96496403503596,12775.0,12775.0,0.0,0.0,0.0,0.0,5077.0,12775.0,5077.0,0.3974168297455969,4096.0,14122.0,2397.0,11883.0,0.0,24576.0,0.0,3.0,0.585205078125,0.8414530519756408,36774.0,37652.0,0.0,0.0,0.0,8745.0,35121.0,0.0,1.84,3934962.0,1000001.0,500000,1000000,500000,8192,30,50,10,1,"1.0,0.25,1.0",stage1_pair_screen_1m,MacBookPro.fios-router.home,a778f3cbe9d6a9f3bd05580ec3a2cb3c45c4b342,7.657454,2026-04-29T03:54:00.652350+00:00,2026-04-29T03:54:08.309804+00:00,/Users/barry/Library/Mobile Documents/com~apple~CloudDocs/Carnegie Mellon/15740/Proj/Mixture-of-Prefetchers/artifacts/athena_traces/605.mcf_s-472B.champsimtrace.xz,results/stage1_pair_screen_1m_probe1_budget8192_MLOP_SPPplusPPF/runs/20260429T034359.626926Z-6dd5/logs/605.mcf_s-472B__OneShotFit.out,results/stage1_pair_screen_1m_probe1_budget8192_MLOP_SPPplusPPF/runs/20260429T034359.626926Z-6dd5/logs/605.mcf_s-472B__OneShotFit.err,results/stage1_pair_screen_1m_probe1_budget8192_MLOP_SPPplusPPF/runs/20260429T034359.626926Z-6dd5/metrics/605.mcf_s-472B__OneShotFit.json,results/stage1_pair_screen_1m_probe1_budget8192_MLOP_SPPplusPPF/runs/20260429T034359.626926Z-6dd5/epoch_logs/605.mcf_s-472B__OneShotFit,"--warmup_instructions=500000 --simulation_instructions=1000000 --llc_replacement_type=ship --config='/Users/barry/Library/Mobile Documents/com~apple~CloudDocs/Carnegie Mellon/15740/Proj/Mixture-of-Prefetchers/external/athena'/config/nopref.ini --rob_partition_size=64,128,320 --rob_frontal_partition_ids=0 --rob_dorsal_partition_ids=2 --dram_io_freq=400 --config='/Users/barry/Library/Mobile Documents/com~apple~CloudDocs/Carnegie Mellon/15740/Proj/Mixture-of-Prefetchers/external/athena/config/mop_lite.ini' --mop_router_type=3 --mop_seed=1 --l2c_prefetcher_types=mlop --config='/Users/barry/Library/Mobile Documents/com~apple~CloudDocs/Carnegie Mellon/15740/Proj/Mixture-of-Prefetchers/external/athena/config/mlop.ini' --l2c_prefetcher_types=spp_ppf_dev --config='/Users/barry/Library/Mobile Documents/com~apple~CloudDocs/Carnegie Mellon/15740/Proj/Mixture-of-Prefetchers/external/athena/config/spp_ppf_dev.ini' --l2c_prefetcher_force_prefetch_at_llc=true --mop_epoch_trace=results/stage1_pair_screen_1m_probe1_budget8192_MLOP_SPPplusPPF/runs/20260429T034359.626926Z-6dd5/epoch_logs/605.mcf_s-472B__OneShotFit --mop_total_budget=8192 --mop_one_shot_epochs=1"
20260429T034359.626926Z-6dd5,605.mcf_s-472B,SPEC,train,AthenaMAB,builtin,,,AthenaMAB,MLOP,SPP+PPF,,0.21516,0.9440982887231242,0.9363739228827573,0.2279,0.22978,1.0,35973.0,35.97285610857556,44025.0,44025.0,0.0,0.0,0.0,0.0,6970.0,44025.0,6970.0,0.15831913685406018,0.0,31884.0,0.0,25254.0,0.0,0.0,0.0,0.0,0.0,0.7920587128340233,36781.0,37658.0,0.0,0.0,0.0,10242.0,38170.0,0.0,1.84,4647776.0,1000004.0,500000,1000000,500000,,,,,,,stage1_pair_screen_1m,MacBookPro.fios-router.home,a778f3cbe9d6a9f3bd05580ec3a2cb3c45c4b342,8.011482,2026-04-29T03:54:08.309855+00:00,2026-04-29T03:54:16.321337+00:00,/Users/barry/Library/Mobile Documents/com~apple~CloudDocs/Carnegie Mellon/15740/Proj/Mixture-of-Prefetchers/artifacts/athena_traces/605.mcf_s-472B.champsimtrace.xz,results/stage1_pair_screen_1m_probe1_budget8192_MLOP_SPPplusPPF/runs/20260429T034359.626926Z-6dd5/logs/605.mcf_s-472B__AthenaMAB.out,results/stage1_pair_screen_1m_probe1_budget8192_MLOP_SPPplusPPF/runs/20260429T034359.626926Z-6dd5/logs/605.mcf_s-472B__AthenaMAB.err,results/stage1_pair_screen_1m_probe1_budget8192_MLOP_SPPplusPPF/runs/20260429T034359.626926Z-6dd5/metrics/605.mcf_s-472B__AthenaMAB.json,results/stage1_pair_screen_1m_probe1_budget8192_MLOP_SPPplusPPF/runs/20260429T034359.626926Z-6dd5/epoch_logs/605.mcf_s-472B__AthenaMAB,"--warmup_instructions=500000 --simulation_instructions=1000000 --llc_replacement_type=ship --config='/Users/barry/Library/Mobile Documents/com~apple~CloudDocs/Carnegie Mellon/15740/Proj/Mixture-of-Prefetchers/external/athena'/config/nopref.ini --rob_partition_size=64,128,320 --rob_frontal_partition_ids=0 --rob_dorsal_partition_ids=2 --dram_io_freq=400 --config='/Users/barry/Library/Mobile Documents/com~apple~CloudDocs/Carnegie Mellon/15740/Proj/Mixture-of-Prefetchers/external/athena/config/mop_lite_mab.ini' --l2c_prefetcher_types=mlop --config='/Users/barry/Library/Mobile Documents/com~apple~CloudDocs/Carnegie Mellon/15740/Proj/Mixture-of-Prefetchers/external/athena/config/mlop.ini' --l2c_prefetcher_types=spp_ppf_dev --config='/Users/barry/Library/Mobile Documents/com~apple~CloudDocs/Carnegie Mellon/15740/Proj/Mixture-of-Prefetchers/external/athena/config/spp_ppf_dev.ini' --l2c_prefetcher_force_prefetch_at_llc=true --mop_epoch_trace=results/stage1_pair_screen_1m_probe1_budget8192_MLOP_SPPplusPPF/runs/20260429T034359.626926Z-6dd5/epoch_logs/605.mcf_s-472B__AthenaMAB"
